pool_key,category,grid_width,grid_height,grid_csv,spawn_local_x,spawn_local_z,theme,palette,difficulty_scale,max_active_spawners,stat_version,arena_template_key
ch3_normal_sacred_01,Normal,32,32,"W,W,W,W,W,W,W,W,W,W,W,W,W,W,W,W,DR5,W,W,W,W,W,W,W,W,W,W,W,W,W,W,W;W,F,F,F,F,F,F,F,F,dwcan,F,F,F,F,F,F,F,F,F,F,F,F,F,F,F,F,F,F,F,F,F,W;W,F,W,W,F,F,F,F,F,F,F,F,F,dbok,F,F,F,F,F,F,F,dbok,damb,dbok,dbok,F,F,W,W,F,F,W;W,F,W,W,F,F,F,F,F,F,F,F,F,F,dbok,F,F,F,F,F,F,F,F,F,F,F,dsta,W,W,F,dwin,W;W,F,damb,F,F,F,F,F,F,F,F,F,F,daltb,F,dbok,F,F,F,F,F,F,F,F,F,F,F,dbok,F,F,F,W;W,dcan,F,F,F,F,F,F,F,F,F,F,F,F,F,dbok,F,F,F,F,F,F,F,F,F,F,dbok,F,F,F,F,W;W,F,dbok,F,F,F,F,F,F,F,F,F,F,F,F,F,F,F,F,F,F,F,F,F,F,F,F,F,F,F,F,W;W,F,F,F,F,F,F,F,F,F,F,F,F,F,F,F,F,F,F,F,F,F,F,F,F,F,F,F,F,F,F,W;W,F,F,dbok,F,F,F,F,F,F,F,F,F,F,F,F,mc3r2e2,F,F,F,F,F,F,F,F,F,F,F,F,F,F,W;W,dbok,F,F,F,F,F,F,F,F,F,F,F,F,F,F,F,F,F,F,F,F,F,F,F,F,F,F,F,F,F,W;W,F,dbok,F,F,dped,F,F,F,F,F,F,F,F,F,F,F,F,F,F,F,F,F,F,F,F,F,F,F,F,F,W;W,F,F,F,F,dcan,F,F,F,F,F,F,F,F,F,F,F,F,F,F,F,F,F,F,F,F,F,F,F,F,F,W;W,F,F,F,F,dbok,F,F,F,F,F,F,F,F,F,F,F,F,F,F,F,F,F,F,F,F,F,F,F,F,F,W;W,F,F,F,F,F,F,F,F,F,F,F,F,F,F,F,F,F,F,F,F,F,F,F,F,F,F,F,F,F,F,W;W,F,F,F,F,F,F,F,F,F,F,dros,F,F,F,F,F,F,F,F,F,F,F,F,F,F,F,F,F,F,F,W;W,F,F,F,F,F,F,F,F,F,F,F,F,F,F,F,F,F,F,F,F,F,F,F,F,F,dros,F,F,F,F,W;W,F,F,F,F,F,F,F,mc3r2e2,F,F,F,F,F,F,F,P,F,F,F,F,F,mc3r2e2,F,F,F,F,F,F,F,F,DR5;W,F,F,F,F,F,F,F,F,F,F,F,F,F,F,F,F,F,F,F,F,F,F,F,F,F,F,F,F,F,F,W;W,F,F,F,F,F,F,F,F,F,F,F,F,F,F,F,F,F,F,F,F,F,F,F,F,F,F,F,F,F,F,W;W,F,F,F,F,F,F,F,dped,F,F,F,F,F,F,F,F,F,F,F,F,F,F,F,F,F,F,F,F,F,F,W;W,F,dbok,dbok,F,F,F,F,dbok,dbok,F,F,F,F,F,F,F,F,F,F,F,F,F,F,F,F,F,F,F,F,F,W;W,F,F,F,F,F,F,damb,F,F,F,F,F,F,F,F,F,F,F,F,F,F,F,F,F,F,F,F,F,F,F,W;W,F,F,F,F,F,F,F,F,F,F,F,F,F,F,F,mc3r2e2,F,F,F,dcan2,F,F,F,F,F,F,F,F,F,F,W;W,F,F,F,F,F,F,F,F,F,F,F,F,F,F,F,F,F,F,F,dsta,F,F,F,F,F,F,F,F,F,F,W;W,F,F,F,F,F,F,F,F,F,F,F,F,F,F,F,F,F,F,F,F,F,F,F,F,F,F,F,F,F,F,W;W,F,F,F,F,F,F,F,F,F,F,F,F,F,F,F,F,F,F,F,F,F,F,F,F,F,F,F,F,F,F,W;W,F,F,F,F,F,F,F,F,F,F,F,F,F,F,F,F,F,F,F,F,F,F,F,F,F,F,F,F,F,F,W;W,F,W,W,F,F,F,F,F,F,F,F,F,F,F,F,F,F,F,F,F,F,F,F,F,F,F,W,W,F,F,W;W,F,W,W,F,F,F,F,F,F,F,F,F,F,F,F,F,F,F,F,F,F,F,F,F,F,F,W,W,F,F,W;W,F,F,F,F,F,F,F,F,F,F,F,F,F,F,F,F,F,F,F,F,F,F,F,F,F,F,F,F,F,F,W;W,F,F,F,F,F,F,F,F,F,F,F,F,F,F,F,F,F,F,F,dped,F,F,dros,F,F,F,F,F,F,F,W;W,W,W,W,W,W,W,W,W,W,W,W,W,W,W,W,DR5,W,W,W,W,W,W,W,W,W,W,W,W,W,W,W",0,0,Sacred,,0.8,3,1,
ch3_normal_sacred_02,Normal,32,32,"W,W,W,W,W,W,W,W,W,W,W,W,W,W,W,W,DR5,W,W,W,W,W,W,W,W,W,W,W,W,W,W,W;W,dcan2,dcan,dbok,F,F,F,F,F,F,F,F,F,F,F,F,F,F,F,F,F,F,F,F,F,F,F,F,F,F,F,W;W,damb,dbok,F,F,F,F,F,F,F,F,F,F,F,F,F,F,F,F,F,F,F,F,F,F,F,F,F,F,F,F,W;W,dbok,F,F,F,F,F,F,F,F,F,F,F,F,F,F,F,F,F,F,F,F,F,F,F,F,F,F,F,F,F,W;W,F,F,F,F,F,F,F,F,F,dwin,F,F,F,F,F,F,F,F,F,F,F,dros,F,F,F,F,F,F,F,F,W;W,F,F,F,F,F,F,F,F,F,F,F,F,F,F,F,F,F,F,F,F,F,F,F,F,F,F,F,F,F,F,W;W,F,F,F,F,F,F,F,F,F,F,F,F,F,F,F,F,F,F,F,F,F,F,F,F,F,F,F,F,F,F,W;W,F,F,F,F,F,F,F,F,F,F,F,F,F,F,F,F,F,F,F,F,F,F,F,F,F,F,F,F,F,F,W;W,F,F,F,F,F,F,F,mc3r2e2,F,F,F,F,F,F,F,F,F,F,F,F,F,mc3r2e2,F,F,F,F,F,F,F,F,W;W,F,F,F,F,F,F,F,F,F,F,F,F,F,F,F,F,F,F,F,F,F,F,F,F,F,F,F,F,F,F,W;W,F,F,F,F,F,F,F,F,F,W,W,F,F,F,F,F,F,F,W,W,W,F,F,F,F,F,F,F,F,dped,W;W,dsta,F,F,F,F,F,F,F,F,W,W,F,F,F,F,F,F,F,W,W,F,F,F,F,F,F,F,F,F,damb,W;W,dcan,F,F,F,F,F,F,F,F,F,F,F,F,F,F,F,F,F,F,F,F,F,F,F,F,F,F,F,F,dbok,W;W,dbok,F,F,F,F,F,F,F,F,F,F,dwcan,F,F,F,F,F,F,F,F,F,F,F,F,F,F,F,F,F,dped,W;W,F,F,F,F,F,F,F,F,F,F,F,F,F,F,F,F,F,F,F,F,F,F,F,F,F,F,F,F,F,F,W;W,F,F,F,F,F,F,F,F,F,F,F,F,F,F,F,F,F,F,F,F,F,F,F,F,F,F,F,F,F,F,W;W,F,F,F,F,F,F,F,damb,F,F,F,F,F,F,F,P,F,F,F,F,F,F,F,F,F,F,F,F,F,F,DR5;W,F,F,F,F,F,F,F,F,dbok,F,F,F,F,F,F,F,F,F,F,F,F,F,F,F,F,F,F,F,F,F,W;W,F,F,F,F,F,F,F,F,F,F,F,F,F,F,F,F,F,F,F,F,F,F,F,F,F,F,F,F,F,F,W;W,F,F,dbok,damb,F,F,F,F,F,W,W,F,F,F,F,F,F,F,W,W,W,F,F,F,F,F,dbok,dcan2,F,F,W;W,F,F,F,dbok,F,F,F,F,F,W,W,F,F,F,F,F,F,F,W,W,F,F,F,F,F,F,F,F,dsta,dbok,W;W,F,F,F,F,F,F,F,F,F,F,F,F,F,F,F,F,F,F,F,F,F,F,F,F,F,F,F,F,F,dbok,W;W,F,F,F,F,F,F,F,mc3r2e2,F,F,F,F,F,F,F,F,F,F,F,F,F,mc3r2e2,F,F,F,F,F,F,F,dsta2,W;W,F,F,F,F,F,F,F,F,F,F,F,F,F,F,F,F,F,F,F,F,F,F,F,F,dbok,F,dbok,F,F,damb,W;W,F,F,F,F,F,F,F,F,F,F,dbok,F,F,F,F,F,F,F,F,F,F,F,F,F,F,F,dbok,F,dbok,F,W;W,F,F,F,F,F,F,F,F,F,F,F,F,F,F,F,F,F,F,F,F,F,F,F,F,F,F,F,F,F,F,W;W,F,F,F,F,F,F,F,F,F,F,F,F,F,F,F,F,F,F,F,F,F,F,F,F,F,F,F,F,F,F,W;W,F,F,F,F,F,F,F,F,F,F,F,F,F,F,F,F,F,F,F,F,F,F,F,F,F,F,F,F,F,F,W;W,F,F,F,F,F,F,F,F,F,F,F,F,F,F,F,F,F,F,F,F,F,F,F,dbok,F,F,F,F,F,F,W;W,F,F,F,F,F,F,F,F,F,F,F,F,F,F,F,F,F,F,F,F,F,F,F,dbok,dbok,dcan2,F,F,F,F,W;W,dwin,F,F,F,F,F,F,F,F,F,F,F,F,F,F,F,F,F,F,F,F,F,F,F,F,F,F,F,F,F,W;W,W,W,W,W,W,W,W,W,W,W,W,W,W,W,W,DR5,W,W,W,W,W,W,W,W,W,W,W,W,W,W,W",0,0,Sacred,,0.8,3,1,
ch3_normal_sacred_03,Normal,32,32,"W,W,W,W,W,W,W,W,W,W,W,W,W,W,W,W,DR5,W,W,W,W,W,W,W,W,W,W,W,W,W,W,W;W,F,F,F,dbok,F,F,F,F,F,F,F,F,F,F,F,F,F,F,F,F,F,F,F,F,F,F,F,F,F,F,W;W,F,dbok,F,F,F,F,F,F,F,F,F,dcan,F,F,F,F,F,F,F,F,F,F,F,F,F,F,F,F,F,F,W;W,F,F,F,F,F,F,F,F,F,F,F,F,F,F,F,F,F,F,F,F,F,F,F,F,F,F,F,F,F,F,W;W,F,F,F,W,W,W,F,F,F,F,F,F,F,F,F,F,F,F,F,F,F,F,F,F,F,F,F,F,F,F,W;W,F,damb,F,W,W,F,F,F,F,F,F,F,F,F,F,F,F,F,F,F,F,F,F,F,dcan,daltb,F,F,F,F,W;W,dbok,damb,F,F,F,dsta2,W,W,F,F,F,F,F,F,F,F,F,F,F,F,F,F,F,F,dped,F,F,F,F,F,W;W,F,F,F,F,F,W,W,W,F,F,F,F,F,F,F,F,F,F,F,F,F,F,F,F,F,F,F,F,F,F,W;W,F,F,F,F,F,dbok,F,F,F,F,F,F,F,F,F,F,F,F,F,F,F,mc3r2e2,F,F,F,F,F,F,F,F,W;W,dcan2,dsta,F,F,F,F,F,F,F,F,F,F,F,F,F,F,F,F,F,F,F,F,F,F,F,F,F,dbok,F,F,W;W,F,F,F,F,F,F,F,F,F,mc3r2e2,F,F,F,F,F,F,F,F,F,F,F,F,F,F,F,F,damb,dsta2,F,F,W;W,F,F,F,F,daltb,daltb,F,F,F,F,F,F,F,F,F,F,F,F,F,F,F,F,F,F,F,F,F,F,F,F,W;W,F,F,F,F,dsta,F,F,F,F,F,F,F,F,F,F,F,F,F,F,F,F,F,F,F,F,F,F,F,F,F,W;W,F,F,F,F,F,F,F,F,F,F,F,F,F,F,F,F,F,F,F,F,F,F,F,F,F,F,F,F,F,F,W;W,F,F,F,F,F,F,F,F,F,F,F,F,F,F,F,F,F,F,F,F,F,F,F,F,F,F,F,F,F,F,W;W,F,F,F,F,F,F,F,F,F,F,F,F,F,F,F,F,F,F,F,F,F,F,F,F,F,F,F,F,F,F,W;W,F,F,F,F,F,F,F,F,F,F,F,F,F,F,F,P,F,F,F,F,F,F,F,F,F,F,F,F,F,F,DR5;W,F,F,F,F,F,F,dcan2,dbok,F,F,F,F,F,F,F,F,F,F,F,F,F,F,F,F,F,F,F,F,F,F,W;W,F,F,F,F,F,F,dcan2,dbok,F,F,F,F,F,F,F,F,F,F,F,F,F,F,F,F,F,F,F,F,F,F,W;W,F,F,F,F,F,F,F,F,F,F,F,F,F,F,F,F,F,F,F,F,F,F,F,F,F,F,F,F,F,F,W;W,F,F,F,F,F,F,F,F,F,F,F,F,F,F,F,F,F,F,F,mc3r2e2,F,F,F,F,F,F,F,F,F,F,W;W,F,F,F,F,F,F,F,F,F,F,F,F,F,F,F,F,F,F,F,F,F,F,F,F,F,F,F,F,F,dwcan,W;W,F,F,F,F,F,F,F,mc3r2e2,F,F,F,F,F,F,F,F,F,F,F,F,F,F,F,F,W,W,F,F,F,F,W;W,F,F,F,F,F,F,F,F,F,F,F,F,F,F,F,F,F,dbok,F,F,F,F,F,F,W,W,F,F,F,F,W;W,F,F,F,F,F,F,F,F,F,F,F,F,F,F,F,F,F,F,F,F,F,W,W,F,F,F,F,F,F,F,W;W,F,F,F,F,F,F,F,F,F,dped,F,F,F,F,F,F,F,F,damb,F,W,W,W,dwcan,F,F,F,F,dbok,F,W;W,F,F,F,F,F,F,F,F,F,F,F,F,F,F,F,F,F,F,F,F,F,F,F,F,F,F,F,F,F,F,W;W,F,F,F,F,F,F,F,F,F,F,F,F,F,F,F,F,F,F,F,F,F,F,F,F,F,F,F,F,F,F,W;W,F,F,F,F,F,F,F,F,F,F,F,F,F,F,F,F,F,F,F,F,F,F,F,F,F,F,F,F,F,F,W;W,F,F,F,F,F,F,F,F,F,F,F,F,F,F,F,F,F,F,F,F,F,F,F,F,F,F,F,F,F,F,W;W,F,F,F,F,F,F,F,F,F,F,F,F,F,F,F,F,F,F,F,F,F,F,F,F,F,F,F,daltb,dcan2,F,W;W,W,W,W,W,W,W,W,W,W,W,W,W,W,W,W,DR5,W,W,W,W,W,W,W,W,W,W,W,W,W,W,W",0,0,Sacred,,0.8,3,1,
ch3_normal_sacred_04,Normal,32,32,"W,W,W,W,W,W,W,W,W,W,W,W,W,W,W,W,DR5,W,W,W,W,W,W,W,W,W,W,W,W,W,W,W;W,dcan2,damb,dbok,F,F,F,F,F,F,F,F,F,F,F,F,F,F,F,F,F,F,F,F,F,F,F,F,F,F,dcan2,W;W,daltb,dbok,F,F,F,F,F,F,F,F,F,F,F,F,F,F,F,F,F,F,F,F,F,F,F,F,F,F,F,daltb,W;W,dbok,F,F,F,F,F,F,F,F,F,F,F,F,F,F,F,F,F,F,F,F,F,F,F,F,F,F,F,F,dbok,W;W,F,F,F,F,F,F,F,F,F,F,F,F,F,F,F,F,F,F,F,F,F,F,F,F,F,F,F,F,F,F,W;W,F,F,F,F,F,F,F,F,F,F,F,F,F,F,F,F,F,F,F,F,F,F,F,F,F,F,F,F,F,F,W;W,F,F,F,F,F,F,F,F,F,F,F,F,F,F,F,F,F,F,F,F,F,F,F,F,F,F,F,F,F,F,W;W,F,F,F,F,F,F,F,F,F,F,F,F,F,F,F,F,F,F,F,F,F,F,F,F,F,F,dwcan,F,F,F,W;W,F,F,F,F,F,mc3r2e2,F,F,F,F,F,F,F,F,F,F,F,F,F,F,F,F,F,mc3r2e2,F,F,F,F,F,F,W;W,F,F,F,F,F,F,F,F,F,F,F,F,F,F,F,F,F,F,F,F,F,F,F,F,F,F,F,F,F,F,W;W,F,F,F,F,F,F,F,F,F,F,F,F,F,F,F,F,F,F,F,dros,F,F,F,F,F,F,F,F,F,F,W;W,F,F,F,F,F,F,F,F,F,F,F,F,F,F,F,F,F,F,F,F,F,F,F,F,F,F,F,F,F,F,W;W,F,F,F,F,F,F,F,F,F,F,F,F,F,F,F,F,F,F,F,F,F,F,F,F,F,F,F,F,F,F,W;W,F,F,F,F,F,F,F,W,W,F,F,F,F,F,F,F,F,F,F,F,W,W,F,daltb,dbok,F,F,F,F,F,W;W,F,F,F,F,F,F,F,W,W,F,F,F,F,F,F,F,F,F,F,F,W,W,F,F,dbok,F,F,F,F,F,W;W,F,F,F,F,F,F,F,W,W,F,F,F,F,F,F,F,F,F,F,F,W,W,F,F,F,F,F,F,F,F,W;W,F,F,F,F,F,F,F,W,W,F,F,F,F,F,F,P,F,F,F,F,W,W,F,F,F,F,F,F,F,F,DR5;W,F,F,F,F,F,F,F,F,F,F,dwcan,F,F,F,F,F,F,F,F,F,F,F,F,F,F,F,F,F,F,F,W;W,dwin,F,F,F,F,F,F,F,F,F,F,F,F,F,F,F,F,F,F,F,F,F,F,F,F,F,F,F,F,F,W;W,F,F,F,F,F,F,F,F,F,dros,F,F,F,F,F,F,F,F,F,dsta,F,F,F,F,F,F,F,F,F,F,W;W,F,F,F,F,F,F,F,F,F,F,F,F,F,F,F,F,F,F,F,F,F,F,F,F,F,F,F,F,F,F,W;W,F,F,F,F,F,F,F,F,F,F,F,F,F,F,F,F,F,F,F,F,F,F,F,F,F,F,F,F,F,F,W;W,F,F,F,F,F,mc3r2e2,F,F,F,F,F,F,F,F,F,F,F,F,F,F,F,F,F,mc3r2e2,F,F,F,F,F,F,W;W,F,F,F,F,F,F,F,F,F,F,F,F,F,F,F,F,F,F,F,F,F,F,F,F,F,F,F,F,F,F,W;W,F,F,F,F,F,F,F,F,F,F,F,F,F,F,F,F,F,F,F,F,F,F,F,F,F,F,dsta,dbok,F,F,W;W,F,F,F,F,F,F,F,F,F,F,F,F,F,F,F,F,F,F,F,F,F,F,dbok,dbok,F,F,dbok,dbok,dbok,F,W;W,F,F,F,F,F,F,F,F,F,F,F,F,F,F,F,F,F,F,F,F,F,F,dbok,dbok,daltb,F,F,F,F,F,W;W,F,F,F,F,F,dbok,F,F,F,F,dcan2,F,F,F,F,F,F,F,F,F,F,F,F,F,F,F,F,F,F,F,W;W,F,F,F,F,dbok,F,dbok,F,F,dbok,F,F,F,F,F,F,F,F,F,F,F,F,F,F,F,F,F,F,F,F,W;W,F,F,F,F,F,damb,dbok,F,F,F,dcan,F,F,F,F,F,F,F,F,F,F,F,F,F,F,F,F,F,F,F,W;W,F,F,F,F,F,F,F,F,F,F,F,F,F,F,F,F,F,F,F,F,F,dros,F,F,F,F,F,F,F,F,W;W,W,W,W,W,W,W,W,W,W,W,W,W,W,W,W,DR5,W,W,W,W,W,W,W,W,W,W,W,W,W,W,W",0,0,Sacred,,1.1,3,1,
ch3_shop_sacred_01,Shop,30,37,"W,W,W,W,W,W,W,W,W,W,W,W,W,W,W,DR5,W,W,W,W,W,W,W,W,W,W,W,W,W,W;W,F,F,F,F,F,F,F,F,F,F,F,F,F,F,F,F,F,F,F,F,dwcan,F,F,F,F,F,F,F,W;W,F,F,F,dcan,F,F,F,F,F,F,F,F,F,F,F,F,F,F,F,F,F,F,F,F,F,F,F,F,W;W,F,F,F,F,F,F,F,F,F,F,F,F,F,F,F,F,F,F,F,F,F,F,F,F,F,F,F,F,W;W,F,F,F,F,W,F,F,F,F,W,F,F,F,F,F,F,F,F,F,W,F,F,F,F,W,F,F,F,W;W,F,F,F,F,F,F,F,F,F,F,F,F,F,F,dcha,F,F,F,F,F,F,F,F,F,F,F,F,F,W;W,F,F,F,W,W,W,F,F,W,W,W,F,F,F,F,W,W,W,F,F,W,W,W,F,F,F,F,F,W;W,F,F,F,F,Sw,F,F,F,F,Si,F,F,F,F,F,F,Sw,F,F,W,F,Si,F,F,W,F,F,F,W;W,dwin,F,F,F,F,F,F,F,F,F,F,F,F,F,F,F,F,F,F,F,F,F,F,F,F,F,damb,F,W;W,F,F,F,F,F,F,F,F,F,F,F,F,F,F,F,F,F,F,F,F,F,F,F,F,F,F,F,F,W;W,F,F,F,F,W,F,F,F,F,W,F,F,F,F,P,F,F,F,F,W,F,F,F,F,W,F,F,F,W;W,F,F,F,F,F,F,F,F,F,F,F,dbok,F,F,F,F,F,F,F,F,F,F,F,F,F,F,F,F,W;W,F,F,F,F,F,F,F,F,F,F,F,F,F,F,F,F,F,F,F,F,F,F,F,F,F,F,F,F,W;W,F,F,F,F,W,F,F,F,F,W,F,F,F,F,F,F,F,F,F,W,F,F,F,F,W,F,dcan,F,W;W,F,F,F,F,F,F,F,F,F,F,F,F,F,F,F,F,F,F,F,F,F,F,F,F,F,F,F,F,W;W,F,F,F,F,F,F,F,F,F,F,F,F,F,F,F,F,F,F,F,F,F,F,F,F,F,F,F,F,W;W,F,F,F,F,W,F,F,F,F,F,F,F,F,F,F,F,F,F,F,W,F,F,F,F,W,F,F,F,W;W,dwcan,F,F,F,F,F,F,F,F,F,F,F,F,F,F,F,F,F,F,F,F,F,dbok,F,F,F,F,F,W;W,F,F,F,F,F,F,F,F,F,F,F,F,F,F,F,F,F,F,F,F,F,F,F,F,F,F,F,F,W;W,F,F,F,F,W,F,F,F,F,F,F,F,F,F,F,F,F,F,F,W,F,F,F,F,W,F,F,F,W;W,dwcan,F,F,F,F,F,F,F,F,F,F,F,F,F,F,F,F,F,F,F,F,F,F,F,F,F,F,F,W;W,F,F,F,F,F,F,F,F,F,F,F,F,F,F,F,F,F,F,F,F,F,F,F,F,F,F,F,F,W;W,F,F,F,F,W,F,F,F,F,W,F,F,F,F,F,F,F,F,F,W,F,F,F,F,W,F,F,F,W;W,F,F,F,F,F,F,F,F,F,F,F,F,F,F,F,F,F,F,F,F,F,F,F,F,F,F,F,F,W;W,F,F,F,F,F,F,F,F,F,F,F,F,F,F,F,F,F,F,F,F,F,F,F,F,F,F,F,F,W;W,F,F,F,F,W,F,F,F,F,W,F,F,F,F,dalt,F,F,F,F,W,F,F,F,F,W,F,F,F,W;W,F,dcan,F,F,F,F,F,F,F,F,F,F,F,F,F,F,F,F,F,F,F,F,F,F,F,F,F,dwcan,W;W,F,F,F,F,F,F,F,F,F,F,F,F,F,F,F,F,F,F,F,F,F,F,F,F,F,F,F,F,W;W,F,F,F,F,W,F,F,F,F,W,F,F,F,F,F,F,F,F,F,W,F,dcan2,F,F,W,F,F,F,W;W,F,F,F,F,F,F,F,F,F,F,F,dcan,F,F,F,F,F,F,F,F,F,F,F,F,F,F,F,dwcan,W;W,F,F,F,F,F,F,F,F,F,F,F,F,F,F,F,F,dcan,F,F,F,F,F,F,F,F,F,F,F,W;W,F,dcan,F,F,W,F,F,F,F,W,F,F,F,F,F,F,F,F,F,W,F,F,F,F,W,F,dcan2,F,W;W,F,F,F,F,F,F,F,F,F,F,F,F,F,F,F,F,F,F,F,F,F,F,F,F,F,F,F,F,W;W,F,F,F,F,F,F,F,F,F,F,dcan2,F,F,F,F,F,F,F,F,F,F,F,F,F,F,F,F,F,W;W,F,F,dcan2,F,F,F,F,F,F,F,F,F,F,dped,F,F,F,F,F,F,F,damb,F,F,F,F,F,F,W;W,F,F,F,F,dwin,F,F,F,F,F,F,F,F,F,F,F,F,F,F,F,F,F,F,F,F,F,F,F,W;W,W,W,W,W,W,W,W,W,W,W,W,W,W,W,DR5,W,W,W,W,W,W,W,W,W,W,W,W,W,W",0,0,Sacred,,0,0,1,
ch3_normal_sacred_05,Normal,34,36,"W,W,W,W,W,W,W,W,W,W,W,W,W,W,W,W,W,DR5,W,W,W,W,W,W,W,W,W,W,W,W,W,W,W,W;W,dped,damb,dbok,F,F,F,F,F,F,F,F,F,F,F,F,F,F,F,F,F,F,F,F,F,F,F,F,F,F,F,F,dped,W;W,daltb,dbok,F,F,F,F,F,F,F,F,F,F,F,F,F,F,F,F,F,F,F,F,F,F,F,F,F,F,F,F,F,daltb,W;W,dbok,F,F,F,F,F,F,F,F,F,F,F,F,F,W,W,F,F,F,F,F,F,F,F,F,F,F,F,F,F,F,dbok,W;W,F,F,F,F,F,F,F,F,F,F,dwcan,F,F,F,W,W,F,F,F,F,F,F,F,F,F,F,dcan2,F,F,F,F,F,W;W,F,F,F,F,F,F,F,F,F,F,F,F,F,F,F,F,F,F,F,F,F,F,F,F,F,F,dcan,F,F,F,F,F,W;W,F,F,F,F,F,F,F,F,F,F,F,F,F,F,F,F,F,F,F,F,F,F,F,F,F,F,dbok,F,F,F,F,F,W;W,F,F,F,F,F,F,F,F,F,F,F,F,F,F,F,F,F,F,F,F,F,F,F,F,F,F,F,F,F,F,F,F,W;W,F,F,F,F,F,F,F,F,F,F,F,F,F,F,F,F,F,F,F,F,F,F,F,F,F,F,F,F,F,F,F,F,W;W,F,F,F,F,F,F,F,mc3r2e2,F,F,F,F,F,F,F,F,F,F,F,F,F,F,F,F,mc3r2e2,F,F,F,F,F,F,F,W;W,F,F,F,F,F,F,F,F,F,F,F,F,F,F,F,F,F,F,F,F,F,F,F,F,F,F,F,F,F,F,F,F,W;W,F,F,F,F,F,F,F,F,F,F,damb,F,F,F,F,F,F,F,F,F,F,F,F,F,F,F,F,F,F,F,F,F,W;W,F,F,F,F,F,F,F,F,F,dbok,dbok,F,F,F,F,F,F,F,F,F,F,F,F,F,F,dbok,dsta2,F,F,F,F,F,W;W,F,F,F,F,F,F,F,F,F,F,dbok,F,F,F,F,F,F,F,F,F,F,F,F,F,F,dbok,dcan,F,F,F,F,F,W;W,F,F,F,F,F,dbok,F,F,F,F,F,F,F,F,F,dbok,dped,F,F,F,F,F,F,F,F,F,F,F,F,F,F,F,W;W,F,F,W,W,F,dbok,F,F,F,F,F,F,F,F,dped,dbok,F,F,F,F,F,F,F,F,F,F,F,F,W,W,F,F,W;W,F,F,W,W,F,F,F,F,F,F,F,F,F,F,W,W,W,F,F,F,F,F,F,F,F,F,F,W,W,W,F,F,W;W,F,F,F,F,F,F,F,F,F,F,F,F,F,F,W,W,W,F,F,F,F,F,F,F,F,F,F,F,F,F,F,F,W;W,F,F,F,F,F,F,F,F,F,F,F,F,F,F,W,W,W,P,F,F,F,dwcan,F,F,F,F,F,F,F,F,F,F,DR5;W,F,F,F,F,F,F,F,F,F,F,F,F,dros,F,F,F,F,F,F,F,F,F,F,F,F,F,F,F,F,F,F,F,W;W,F,F,F,F,daltb,F,F,F,F,F,F,F,F,F,F,F,F,F,F,F,F,F,F,F,F,F,F,F,F,F,F,F,W;W,F,F,F,F,F,F,F,F,F,F,F,F,F,F,F,F,F,F,F,F,F,F,F,F,F,F,F,F,F,F,F,F,W;W,F,F,F,F,F,F,F,F,F,F,F,F,F,F,F,F,F,F,F,F,F,F,F,F,F,F,F,F,F,F,F,F,W;W,F,F,F,F,F,F,F,F,F,F,F,F,F,F,F,F,F,F,F,F,F,F,F,F,F,F,F,F,F,F,F,F,W;W,F,F,F,F,F,F,F,F,F,F,F,F,F,F,F,F,F,F,F,F,F,F,F,F,F,F,F,F,F,F,F,F,W;W,F,F,F,F,F,F,F,mc3r2e2,F,F,F,F,F,F,F,F,F,F,F,F,F,F,F,F,mc3r2e2,F,F,F,F,F,F,F,W;W,F,F,F,F,F,F,F,F,F,F,F,F,F,F,F,F,F,F,F,F,F,F,F,F,F,F,F,F,F,F,F,F,W;W,F,F,F,F,F,F,F,F,F,F,F,F,F,F,F,F,F,F,F,F,F,F,F,F,F,F,F,F,F,F,F,F,W;W,F,F,F,F,F,F,F,F,F,F,F,F,F,F,F,F,F,F,F,F,F,F,F,F,F,F,F,F,F,F,F,F,W;W,F,F,F,F,F,F,F,F,F,F,F,F,F,F,W,W,F,F,F,F,F,F,F,F,F,F,F,F,F,F,F,F,W;W,F,F,F,F,F,F,F,F,F,F,F,F,F,F,W,W,F,F,F,F,F,F,F,F,F,F,F,F,F,F,F,F,W;W,F,F,F,F,F,F,F,F,F,F,F,F,F,F,F,F,F,F,F,F,dbok,F,F,F,F,F,F,F,F,F,F,F,W;W,F,F,F,F,F,dros,F,F,F,F,F,F,F,F,F,F,F,F,F,dbok,dsta2,F,F,F,F,F,F,F,F,F,F,F,W;W,F,F,F,F,dbok,F,F,F,F,F,F,F,F,F,F,F,F,F,F,dcan,dbok,F,F,F,F,F,F,F,F,F,F,F,W;W,F,F,F,F,F,dbok,F,F,F,F,F,F,F,F,F,F,F,F,F,F,F,F,F,F,F,F,F,F,damb,dsta,F,F,W;W,W,W,W,W,W,W,W,W,W,W,W,W,W,W,W,W,DR5,W,W,W,W,W,W,W,W,W,W,W,W,W,W,W,W",0,0,Sacred,,1.1,3,1,
ch3_shop_sacred_02,Shop,30,37,"W,W,W,W,W,W,W,W,W,W,W,W,W,W,W,DR5,W,W,W,W,W,W,W,W,W,W,W,W,W,W;W,F,F,F,F,F,F,F,F,F,F,F,F,F,F,F,F,F,F,F,F,F,F,F,F,F,F,F,F,W;W,F,F,F,F,F,F,F,F,F,F,F,F,dcan2,F,F,F,F,F,F,F,F,F,F,F,F,F,F,F,W;W,F,F,W,W,W,F,F,F,W,W,W,F,F,W,W,W,F,F,F,F,F,F,F,F,F,F,F,F,W;W,F,F,F,Sw,W,F,F,F,F,Si,F,F,F,F,Sw,F,F,F,F,W,F,F,F,F,W,F,F,F,W;W,F,F,F,F,F,F,F,F,F,F,F,F,F,F,F,F,F,W,W,W,W,W,W,W,W,F,F,F,W;W,F,F,F,F,F,F,F,F,F,F,F,F,F,F,F,F,F,W,F,F,F,F,F,F,F,F,F,F,W;W,F,F,F,F,W,F,F,F,F,W,F,F,F,F,F,F,F,W,F,W,F,F,F,F,W,F,dbok,F,W;W,F,F,F,F,F,F,F,F,F,F,F,F,F,F,F,F,F,W,F,F,F,F,dcha,F,F,F,F,F,W;W,F,F,F,F,F,F,F,F,F,F,F,F,F,F,F,F,F,W,F,F,F,F,F,F,F,F,F,F,W;W,F,F,F,F,W,F,F,F,F,W,F,F,F,F,P,F,F,F,F,W,F,F,F,F,W,F,F,F,W;W,F,F,F,F,F,F,F,F,F,F,F,F,F,F,F,F,F,F,F,F,F,F,dbok,F,F,F,F,F,W;W,F,F,F,F,F,F,F,F,F,F,F,F,F,F,dalt,F,F,F,F,F,F,F,F,F,F,F,F,F,W;W,F,dcan2,F,F,W,F,F,F,F,W,F,F,F,F,F,F,F,F,F,W,F,F,F,F,W,F,F,F,W;W,F,F,F,F,F,F,F,F,F,F,F,F,F,F,F,F,F,F,F,F,F,F,F,F,F,F,F,F,W;W,F,F,F,F,F,F,F,F,F,F,F,F,F,F,F,F,F,F,F,F,F,F,F,F,F,F,F,F,W;W,F,F,F,F,W,F,F,F,F,F,F,F,F,F,F,F,F,F,F,W,F,F,F,F,W,F,F,F,W;W,F,F,F,F,F,F,F,F,F,F,F,F,F,F,F,F,F,F,F,F,F,F,F,F,F,F,F,F,W;W,F,F,F,F,F,F,F,F,F,F,F,F,F,F,F,F,F,F,F,F,F,F,F,F,F,F,dsta2,F,W;W,F,F,F,F,W,F,F,F,F,F,F,F,F,F,F,F,F,F,F,W,F,F,F,F,W,F,F,F,W;W,F,F,F,F,F,F,F,F,F,F,F,F,F,F,F,F,F,F,F,F,F,F,F,F,F,F,dped,F,W;W,F,dped,F,F,F,F,F,F,F,F,F,F,F,F,F,F,F,F,F,F,F,F,dcan,F,F,F,F,F,W;W,F,F,F,F,W,F,F,F,F,W,F,F,F,F,F,F,F,F,F,W,F,F,F,F,W,F,F,F,W;W,F,F,F,F,F,F,F,dsta2,F,F,F,F,F,F,F,F,F,F,F,F,F,F,F,F,F,F,F,F,W;W,F,F,F,F,F,F,F,F,F,F,F,F,F,F,F,F,F,F,F,F,F,F,F,F,F,F,F,F,W;W,F,F,F,F,W,F,F,F,F,W,F,F,F,F,F,F,F,F,F,W,F,F,F,F,W,F,F,F,W;W,dwcan,F,dcan,F,F,F,F,dcan,F,F,F,F,F,F,F,F,F,F,F,F,F,F,F,F,F,F,F,F,W;W,F,F,F,F,F,F,F,F,F,F,F,F,F,F,F,F,F,F,F,F,F,F,F,F,F,F,F,dwcan,W;W,F,F,F,F,W,F,F,F,F,W,F,F,F,F,dcan,F,F,F,F,W,F,F,F,F,W,F,F,F,W;W,F,F,F,F,F,F,F,F,F,F,F,F,F,F,F,F,F,F,F,F,F,F,F,F,F,F,F,F,W;W,F,F,F,F,F,F,F,F,F,F,F,F,F,F,F,F,F,F,F,F,F,F,F,F,F,F,F,F,W;W,F,F,F,F,W,F,F,F,F,W,F,F,F,F,F,F,F,F,F,W,F,F,F,F,W,F,F,F,W;W,F,F,F,F,F,F,F,F,F,F,F,F,F,F,F,F,F,F,F,F,F,F,F,F,F,F,F,F,W;W,F,F,F,F,dcan2,F,F,F,F,F,F,F,F,F,F,F,F,F,F,F,F,F,F,F,F,F,F,F,W;W,F,F,F,F,F,F,F,F,F,F,F,F,F,F,F,F,dcan,F,F,F,F,F,F,F,F,F,F,F,W;W,F,F,F,F,F,F,F,F,F,F,F,F,F,F,F,F,F,F,dwcan,F,F,F,F,F,F,dwcan,F,dwcan,W;W,W,W,W,W,W,W,W,W,W,W,W,W,W,W,DR5,W,W,W,W,W,W,W,W,W,W,W,W,W,W",0,0,Sacred,,0,0,1,
ch3_normal_sacred_06,Normal,32,32,"W,W,W,W,W,W,W,W,W,W,W,W,W,W,W,W,DR5,W,W,W,W,W,W,W,W,W,W,W,W,W,W,W;W,dped,dcan,dbok,F,F,F,F,F,F,F,F,F,F,F,F,F,F,F,F,F,F,F,F,F,F,F,F,F,F,F,W;W,damb,dbok,F,F,F,F,F,F,F,F,F,F,F,F,F,F,F,F,F,F,F,F,F,F,F,F,F,F,F,F,W;W,dbok,F,F,F,F,F,F,F,F,F,F,F,F,F,F,F,F,F,F,F,F,F,F,F,F,F,F,F,F,F,W;W,dbok,dped,F,F,F,F,F,F,F,F,F,F,F,F,F,F,F,F,F,F,F,F,F,F,F,F,F,F,F,F,W;W,F,F,F,F,F,F,F,F,F,F,F,F,F,F,F,F,F,F,F,F,F,F,F,F,F,F,F,F,F,F,W;W,F,F,F,F,F,F,F,F,F,F,F,F,F,F,F,F,F,F,F,F,F,F,F,F,F,F,F,F,F,F,W;W,F,F,F,F,F,F,mc3r2e2,F,F,F,F,F,F,F,F,F,F,F,F,F,F,F,mc3r2e2,F,F,F,F,F,F,F,W;W,F,F,F,F,F,F,F,F,F,F,F,F,F,F,F,F,F,F,F,F,F,F,F,F,F,F,F,F,F,F,W;W,F,F,F,F,F,F,F,F,F,F,F,F,F,F,F,F,F,F,F,F,F,F,F,F,F,F,F,F,F,F,W;W,F,F,F,F,F,F,F,F,F,F,F,F,F,F,F,F,F,F,F,F,F,F,F,F,F,F,F,F,F,F,W;W,F,F,F,F,F,F,F,F,F,F,F,F,F,F,F,F,F,dbok,dbok,dsta2,dbok,dsta,F,F,F,F,F,F,F,F,W;W,F,F,F,F,F,F,F,F,F,F,F,F,F,F,F,F,F,F,F,damb,F,dsta,dped,F,F,F,F,F,F,dwin,W;W,F,F,F,F,F,W,F,F,F,dwcan,F,F,damb,F,F,F,F,F,F,F,F,F,dbok,F,dsta,F,F,F,F,F,W;W,F,F,F,F,W,W,F,F,F,F,F,F,F,W,W,F,F,F,F,F,F,F,W,W,dped,dsta,F,F,F,F,W;W,F,F,F,F,W,W,F,F,F,F,F,daltb,dbok,W,W,F,F,F,F,F,F,F,W,W,F,F,F,F,F,F,W;W,F,F,F,F,W,W,F,F,F,F,F,F,F,W,W,P,F,F,F,F,F,F,W,W,F,F,F,F,F,F,DR5;W,dbok,F,F,F,F,F,F,F,F,F,F,dbok,F,F,F,F,F,F,F,F,F,F,F,F,F,F,F,F,F,F,W;W,daltb,F,F,F,F,F,F,F,F,F,F,F,F,F,F,F,F,F,F,F,F,F,F,F,F,F,F,F,F,F,W;W,F,F,F,F,F,F,F,F,F,F,F,F,F,F,F,F,F,F,F,F,F,F,F,F,F,F,F,F,F,F,W;W,F,F,F,F,F,F,F,F,F,F,F,F,F,F,F,F,F,F,F,F,F,F,F,F,F,F,F,F,F,F,W;W,F,F,F,F,F,F,F,F,F,F,F,F,F,F,F,F,F,F,F,F,F,F,F,F,F,F,F,F,F,F,W;W,dwin,F,F,F,F,F,mc3r2e2,F,F,F,F,F,F,F,F,F,F,F,F,F,F,F,mc3r2e2,F,F,F,F,F,F,F,W;W,F,F,F,F,F,F,F,F,F,F,F,F,F,F,F,F,F,F,F,F,F,F,F,F,F,F,F,F,F,F,W;W,F,F,F,F,F,F,F,F,F,F,F,F,F,F,F,F,F,F,F,F,F,F,F,F,F,F,F,F,F,F,W;W,F,F,F,F,dros,F,F,F,F,F,F,F,F,F,F,F,F,F,F,F,F,F,F,F,F,F,F,F,F,F,W;W,F,F,F,F,F,F,F,F,F,F,F,F,F,F,F,F,F,F,F,F,F,F,F,F,F,F,F,F,F,F,W;W,F,F,F,F,F,F,F,F,F,F,F,F,F,F,F,F,F,F,F,F,F,F,F,F,F,F,F,F,F,F,W;W,F,F,F,F,F,F,F,F,F,F,F,F,F,F,F,F,F,F,F,F,F,F,F,F,F,F,F,F,F,F,W;W,F,F,F,F,F,F,F,F,F,F,F,F,F,F,F,F,F,F,F,F,F,F,F,F,F,F,F,F,F,F,W;W,dped,daltb,dbok,F,F,F,F,F,F,F,F,F,F,F,F,F,F,F,dped,F,F,F,F,F,F,F,F,F,F,F,W;W,W,W,W,W,W,W,W,W,W,W,W,W,W,W,W,DR5,W,W,W,W,W,W,W,W,W,W,W,W,W,W,W",0,0,Sacred,,1.1,3,1,
ch3_normal_sacred_07,Normal,36,35,"W,W,W,W,W,W,W,W,W,W,W,W,W,W,W,W,W,W,DR5,W,W,W,W,W,W,W,W,W,W,W,W,W,W,W,W,W;W,F,F,F,F,F,F,F,F,F,F,F,F,F,F,F,F,F,F,F,F,F,F,F,F,F,F,F,F,F,F,F,F,F,F,W;W,F,F,F,F,F,F,F,F,F,F,F,F,F,F,F,F,F,F,F,F,F,F,dsta2,dbok,F,F,F,F,F,F,F,F,F,F,W;W,F,F,F,F,F,F,F,F,F,F,F,F,F,F,F,F,F,F,F,F,F,F,F,F,F,F,F,F,F,F,F,F,F,F,W;W,F,F,F,F,W,W,F,F,F,F,F,F,F,F,F,F,F,F,F,F,F,F,F,F,F,F,F,F,W,W,F,F,F,F,W;W,F,F,F,F,W,W,F,F,F,F,F,F,F,F,F,F,F,F,F,F,F,F,F,F,F,F,F,F,W,W,F,F,F,F,W;W,F,F,F,F,F,F,F,F,F,F,F,F,F,F,F,F,F,F,F,F,F,F,F,F,F,F,F,F,F,F,F,F,F,F,W;W,F,F,F,F,F,F,F,mc4r3e2,F,F,F,F,F,F,F,F,F,F,F,F,F,F,F,F,F,mc4r3e2,F,F,F,F,F,F,F,F,W;W,F,F,F,F,F,F,F,F,F,F,F,F,F,F,F,F,F,F,F,F,F,F,F,F,F,F,F,F,F,F,dbok,F,F,F,W;W,F,F,F,F,F,F,F,F,F,F,F,F,F,F,F,W,W,F,F,F,F,F,dsta2,F,F,F,F,F,F,dwin,F,F,dbok,F,W;W,F,F,F,F,F,F,F,F,F,F,F,F,daltb,F,F,W,W,F,F,F,F,F,F,F,F,F,F,F,F,F,F,dbok,dbok,F,W;W,F,F,F,F,F,F,F,F,F,F,F,dsta,dbok,F,F,F,damb,dsta2,dbok,F,F,F,F,F,F,F,F,F,F,F,F,F,F,F,W;W,F,F,F,F,F,F,F,F,F,F,F,dbok,damb,F,F,F,F,F,dbok,F,F,F,F,F,F,F,F,F,F,F,F,F,F,F,W;W,F,F,F,F,F,F,F,F,F,F,F,F,F,F,F,F,F,F,F,F,F,F,F,F,F,F,F,F,F,F,F,F,F,F,W;W,F,F,F,F,F,F,F,F,dsta,F,F,F,F,F,F,F,F,F,F,F,F,F,F,F,F,F,F,F,F,F,F,F,F,F,W;W,F,F,F,F,F,F,F,dbok,dbok,W,W,F,F,F,F,F,F,F,F,F,F,F,F,W,W,F,F,F,F,F,F,F,F,F,W;W,F,F,F,mc4r3e2,F,F,F,F,F,W,W,W,F,F,F,F,F,F,F,F,F,dsta2,dcan,W,W,F,F,F,F,mc4r3e2,F,F,F,F,W;W,F,F,F,F,F,F,F,F,F,F,F,F,F,F,F,F,F,P,F,F,F,F,damb,dbok,damb,F,F,F,F,F,F,F,F,F,DR5;W,F,F,F,F,F,F,F,F,F,F,F,F,F,F,F,F,F,F,F,F,F,F,F,dbok,dbok,dbok,F,F,F,F,F,F,F,F,W;W,damb,F,F,F,F,F,F,F,F,F,F,F,F,F,F,F,F,F,F,F,F,F,F,F,F,F,F,F,F,F,F,F,F,F,W;W,dbok,F,F,F,F,F,F,F,F,F,F,F,F,F,F,F,F,F,F,F,F,F,F,F,F,F,F,F,F,F,F,F,F,F,W;W,dbok,F,F,F,F,dsta,dcan,F,F,F,F,F,F,F,F,F,F,F,F,F,F,F,F,F,F,F,F,F,F,F,F,F,F,F,W;W,F,F,F,F,F,F,F,F,F,F,F,F,F,F,F,F,F,F,F,F,F,F,F,F,F,F,F,F,F,F,F,F,F,F,W;W,F,F,F,F,F,F,F,F,F,F,F,F,F,F,F,W,W,F,F,F,F,F,F,F,F,F,F,F,F,F,F,F,F,F,W;W,F,F,F,F,F,F,F,F,F,F,F,F,F,F,F,W,W,F,F,F,F,F,F,F,F,F,F,F,F,F,F,F,F,F,W;W,F,F,F,F,F,F,F,mc4r3e2,F,F,F,F,F,F,F,dros,F,F,F,F,F,F,F,F,F,mc4r3e2,F,F,F,F,F,F,F,F,W;W,F,F,F,F,F,F,F,F,F,F,F,F,F,F,F,F,F,F,F,F,F,F,F,F,F,F,F,F,F,F,F,F,F,F,W;W,F,F,F,F,F,F,F,F,F,F,F,F,F,F,F,F,F,F,F,F,F,F,F,F,F,F,F,F,F,dwcan,F,F,F,F,W;W,F,F,F,F,W,W,F,F,F,F,F,F,F,F,F,F,F,F,F,F,F,F,F,F,F,F,dsta,F,W,W,F,F,F,F,W;W,F,F,F,F,W,W,F,F,F,F,F,F,F,F,F,F,F,F,F,F,F,F,F,F,F,F,damb,dbok,W,W,F,F,F,F,W;W,F,F,F,F,F,F,F,F,F,F,F,F,F,F,F,F,F,F,F,F,F,F,F,F,F,F,F,daltb,F,F,F,F,F,F,W;W,F,F,F,F,F,F,F,F,F,F,F,F,F,F,F,F,F,F,F,F,F,F,F,F,F,F,F,F,F,F,F,F,F,F,W;W,dros,F,F,F,F,F,F,F,F,F,F,F,F,F,F,F,F,F,F,F,F,F,F,F,F,F,F,F,F,F,F,F,F,F,W;W,F,F,F,F,F,F,F,F,F,F,F,F,F,F,F,F,F,F,F,F,F,F,F,F,F,F,F,F,F,F,F,F,F,dcan2,W;W,W,W,W,W,W,W,W,W,W,W,W,W,W,W,W,W,W,DR5,W,W,W,W,W,W,W,W,W,W,W,W,W,W,W,W,W",0,0,Sacred,,1.4,4,1,
ch3_normal_sacred_08,Normal,36,35,"W,W,W,W,W,W,W,W,W,W,W,W,W,W,W,W,W,W,DR5,W,W,W,W,W,W,W,W,W,W,W,W,W,W,W,W,W;W,F,F,F,F,F,F,F,F,F,F,F,F,F,F,F,F,F,F,F,F,F,F,F,F,F,F,F,F,F,F,F,F,F,dsta2,W;W,F,F,F,F,F,F,F,F,F,F,F,F,F,F,F,F,F,F,F,F,F,F,F,F,F,F,F,F,F,F,F,F,F,damb,W;W,F,F,F,F,F,F,F,F,F,F,F,F,F,F,F,F,F,F,F,F,F,F,F,F,F,F,F,F,F,F,F,F,F,dbok,W;W,F,F,F,F,F,F,F,F,F,F,F,F,F,F,F,F,F,F,F,F,F,F,F,F,F,F,F,dsta2,F,F,dcan2,dped,dsta2,F,W;W,F,F,F,F,F,F,F,F,F,F,F,F,F,F,F,F,F,F,F,F,F,F,F,F,F,F,F,dbok,dsta,dbok,dbok,F,dcan,F,W;W,F,F,F,F,F,F,F,F,F,F,F,F,F,F,F,F,F,F,F,F,F,F,F,F,F,F,F,F,F,F,F,F,dped,F,W;W,F,F,F,F,F,F,F,F,F,F,F,F,F,F,F,F,F,F,F,F,F,F,F,F,F,F,F,F,F,F,F,F,F,F,W;W,F,F,F,F,dbok,F,F,mc4r3e2,F,F,F,F,F,F,F,F,F,F,F,F,F,F,F,F,F,mc4r3e2,F,F,F,F,F,F,F,F,W;W,F,F,F,F,dcan,F,F,F,F,F,F,F,F,F,F,F,F,mc4r3e2,F,F,F,F,F,F,F,F,F,F,F,F,F,F,F,F,W;W,F,F,F,F,F,F,F,F,F,F,F,F,F,F,F,F,F,F,F,F,F,F,F,F,F,F,F,F,F,F,F,F,F,dwcan,W;W,F,F,F,F,F,F,F,F,F,F,F,F,F,F,F,F,F,F,F,F,F,F,F,F,F,F,F,F,F,F,F,F,F,F,W;W,F,F,F,F,F,F,F,F,F,F,F,F,F,F,F,F,F,F,F,F,F,F,F,F,F,F,F,F,F,F,F,F,F,F,W;W,F,F,F,F,F,F,F,F,F,F,F,F,F,F,F,F,dped,dbok,dsta,F,F,F,F,F,F,F,F,F,F,F,F,F,F,F,W;W,F,F,F,F,F,F,F,F,F,F,F,F,F,F,F,F,F,dcan2,daltb,F,F,F,F,F,F,F,F,F,F,F,F,F,F,F,W;W,F,F,F,F,F,F,F,F,F,F,F,F,F,dsta2,W,W,W,W,W,F,F,F,F,F,F,F,F,F,F,F,F,F,F,F,W;W,F,F,F,F,F,F,dwcan,F,F,dped,dsta2,F,dcan,dbok,W,W,W,W,W,F,F,F,F,F,F,F,F,F,F,F,F,F,F,F,W;W,F,F,F,F,F,F,F,F,F,F,F,F,F,F,W,W,W,W,W,F,F,F,F,F,F,F,F,F,F,dbok,F,F,F,F,DR5;W,F,F,F,F,F,F,F,F,F,F,F,F,F,F,W,W,W,P,W,F,F,F,F,F,F,F,F,F,F,F,dcan,dbok,F,F,W;W,F,F,F,F,F,F,F,F,F,F,F,F,F,F,W,W,W,F,W,F,F,F,F,F,F,F,F,F,F,F,F,F,F,F,W;W,F,F,F,F,F,F,F,F,F,F,F,F,F,dsta,dbok,F,F,F,F,F,F,F,F,F,F,F,F,F,F,dsta,daltb,F,F,F,W;W,F,F,F,F,F,F,F,F,F,F,F,F,F,F,F,F,F,F,F,F,F,F,F,F,F,F,F,F,F,F,F,dbok,F,F,W;W,F,F,F,F,F,F,F,F,F,F,F,F,F,F,F,F,F,F,F,F,F,F,F,F,F,F,F,F,F,F,F,F,F,F,W;W,dbok,daltb,F,F,F,F,F,F,F,F,F,F,F,F,F,F,F,F,F,F,F,F,F,F,F,F,F,F,F,F,F,F,F,F,W;W,F,dbok,F,F,F,F,F,F,F,F,F,F,F,F,F,F,F,F,F,F,F,F,F,F,F,F,F,F,F,F,F,F,dbok,dbok,W;W,F,F,F,F,F,F,F,F,F,F,F,F,F,F,F,F,F,mc4r3e2,F,F,F,F,F,F,F,F,F,F,F,F,F,F,dbok,daltb,W;W,F,F,F,F,F,F,F,mc4r3e2,F,F,F,F,F,F,F,F,F,F,F,F,F,F,F,F,F,mc4r3e2,F,F,F,F,F,F,F,dbok,W;W,F,F,F,F,F,F,F,F,F,F,F,F,F,F,F,F,F,F,F,F,F,F,F,F,F,F,F,F,F,F,F,F,F,F,W;W,F,F,F,F,F,F,F,F,F,F,F,F,F,F,F,F,F,F,F,F,F,F,F,F,F,F,F,F,F,F,F,F,F,F,W;W,F,F,F,F,F,dbok,damb,F,F,F,F,F,F,F,F,F,F,F,F,F,F,F,F,F,F,F,F,F,F,F,F,F,F,F,W;W,F,F,F,F,F,dbok,F,F,F,F,F,F,F,F,F,F,F,F,F,F,F,F,F,F,F,F,F,F,F,F,F,F,F,F,W;W,F,F,F,F,F,F,dbok,F,F,F,F,F,F,F,F,F,F,F,F,F,F,F,F,F,F,F,F,F,F,F,F,F,F,F,W;W,F,F,F,F,F,F,F,F,F,F,F,F,F,F,F,F,F,F,F,F,F,F,F,F,F,F,F,F,F,F,F,F,F,F,W;W,F,F,F,F,F,F,F,F,F,F,F,F,F,F,F,F,F,F,F,F,F,F,F,F,F,F,F,F,F,F,F,F,F,dsta,W;W,W,W,W,W,W,W,W,W,W,W,W,W,W,W,W,W,W,DR5,W,W,W,W,W,W,W,W,W,W,W,W,W,W,W,W,W",0,0,Sacred,,1.4,4,1,
ch3_normal_sacred_09,Normal,36,35,"W,W,W,W,W,W,W,W,W,W,W,W,W,W,W,W,W,W,DR5,W,W,W,W,W,W,W,W,W,W,W,W,W,W,W,W,W;W,F,F,F,F,F,F,F,F,F,F,F,F,F,F,F,F,F,F,F,F,F,F,F,F,F,F,F,F,F,F,F,F,F,F,W;W,F,F,F,F,F,F,F,F,F,F,F,F,daltb,F,F,F,F,F,F,F,F,F,F,F,F,F,F,F,F,F,F,F,F,F,W;W,F,F,F,F,F,F,F,F,F,F,F,F,F,F,F,F,F,F,F,F,F,F,F,F,F,F,F,F,F,F,F,F,F,F,W;W,F,F,F,F,F,W,F,F,F,F,F,F,F,F,F,F,F,F,F,F,F,F,F,F,F,F,F,F,dwcan,F,F,F,F,F,W;W,F,F,F,F,W,W,W,W,F,F,F,F,F,F,F,F,F,F,F,F,F,F,F,F,F,F,F,F,F,F,F,F,F,F,W;W,F,F,F,F,W,W,W,W,F,F,F,F,F,F,F,F,F,F,F,F,F,F,F,F,F,F,F,F,F,F,F,F,F,F,W;W,F,F,F,F,F,W,dsta,dcan,dbok,F,F,F,F,F,F,F,F,F,F,F,F,F,F,F,F,F,F,F,F,F,F,F,F,F,W;W,F,F,F,F,F,F,daltb,dbok,F,F,F,F,F,F,F,F,F,F,F,F,F,F,F,F,F,mc4r3e2,F,F,F,F,F,F,F,F,W;W,F,F,F,F,F,F,dbok,F,F,F,F,F,F,F,F,F,F,F,F,F,F,F,F,F,F,F,F,F,F,F,F,F,F,F,W;W,F,F,F,F,F,F,F,F,F,F,F,F,F,F,F,F,F,F,F,F,F,F,F,F,F,F,F,F,F,F,F,F,F,F,W;W,F,F,F,F,F,F,F,F,F,F,F,F,F,F,F,F,F,F,F,F,F,F,daltb,F,F,F,F,F,F,F,F,F,F,F,W;W,F,F,F,F,F,F,F,F,F,F,F,F,F,F,F,F,F,F,F,F,F,F,daltb,dbok,dcan,F,F,F,F,F,F,F,F,F,W;W,F,F,F,F,F,F,F,F,F,F,F,W,W,W,W,F,F,F,F,F,F,F,F,F,dbok,F,F,F,F,F,F,F,F,F,W;W,F,F,F,F,mc4r3e2,F,F,F,F,F,F,W,W,W,W,F,F,F,F,F,F,F,F,F,F,F,F,mc4r3e2,F,F,F,F,F,F,W;W,F,F,F,F,F,F,F,F,F,F,F,F,F,F,F,F,F,F,F,F,F,F,F,dwcan,F,F,F,F,F,F,F,F,F,F,W;W,F,F,F,F,F,F,F,F,F,F,F,F,F,F,F,F,F,F,F,F,F,F,F,F,F,F,F,F,F,F,F,F,F,F,W;W,F,F,F,F,F,dwin,F,F,F,F,F,F,F,F,F,F,F,F,F,F,F,F,F,F,F,F,F,F,F,F,F,F,F,F,DR5;W,F,F,F,F,F,F,F,F,F,F,F,F,F,F,F,F,F,P,F,F,F,F,F,F,F,F,F,dbok,dbok,F,F,F,F,F,W;W,F,F,F,F,F,F,F,F,F,F,F,F,F,F,F,F,F,F,F,F,F,F,F,F,F,F,F,damb,F,F,F,F,F,F,W;W,F,F,F,F,F,F,F,F,F,dbok,dsta,F,F,mc4r3e2,F,F,F,F,F,F,F,F,F,F,F,F,F,F,F,F,F,F,F,F,W;W,F,F,F,F,F,F,F,F,F,F,F,F,F,F,F,F,F,F,W,W,W,W,F,F,F,F,F,F,F,F,F,F,F,F,W;W,F,F,F,F,dros,F,F,F,F,F,F,F,F,F,F,F,F,F,W,W,W,W,F,F,F,F,F,F,F,F,F,F,F,F,W;W,F,F,F,F,F,F,F,F,F,F,daltb,dped,dcan,F,F,F,F,F,F,F,F,F,F,F,F,F,F,F,F,F,F,F,F,F,W;W,F,F,F,F,F,F,F,F,F,F,F,F,F,F,F,F,F,F,F,F,F,F,F,F,F,F,F,F,F,F,F,F,F,F,W;W,F,F,F,F,F,F,F,F,F,F,F,F,F,F,F,F,F,F,F,F,F,F,F,F,F,F,F,F,F,F,F,F,dcan2,F,W;W,F,F,F,F,mc4r3e2,F,F,F,F,F,F,F,F,F,F,F,F,F,F,F,F,F,F,F,F,F,mc4r3e2,F,F,F,F,F,dcan2,F,W;W,F,F,F,F,F,F,F,F,F,F,F,F,F,F,F,F,F,F,F,dbok,dbok,F,F,F,F,F,F,F,F,F,F,F,daltb,dbok,W;W,F,F,F,F,F,F,F,F,F,F,dros,F,F,F,F,F,F,F,F,F,F,F,F,F,F,F,F,F,F,F,F,F,F,F,W;W,F,F,F,F,F,F,F,F,F,F,F,dwcan,F,F,F,F,F,F,F,F,F,F,F,F,F,F,F,F,F,dped,dcan,F,F,F,W;W,F,F,F,F,F,F,F,F,F,F,F,F,F,F,F,F,F,F,F,F,F,F,F,F,F,F,F,F,F,F,F,F,F,F,W;W,F,F,F,F,F,F,F,F,F,F,F,F,F,F,F,F,F,F,F,F,F,F,F,F,F,F,F,F,F,F,F,F,F,F,W;W,F,F,F,F,F,F,F,F,F,F,F,F,F,F,F,F,F,F,F,F,F,F,F,F,F,F,F,F,F,F,F,F,F,F,W;W,F,F,F,F,F,F,F,F,F,F,F,F,F,F,F,F,F,F,F,F,F,F,F,F,F,F,F,F,F,F,F,F,F,F,W;W,W,W,W,W,W,W,W,W,W,W,W,W,W,W,W,W,W,DR5,W,W,W,W,W,W,W,W,W,W,W,W,W,W,W,W,W",0,0,Sacred,,1.4,4,1,
ch3_normal_sacred_10,Normal,36,35,"W,W,W,W,W,W,W,W,W,W,W,W,W,W,W,W,W,W,DR5,W,W,W,W,W,W,W,W,W,W,W,W,W,W,W,W,W;W,F,F,F,F,dped,F,F,F,F,F,F,F,F,F,F,F,F,F,F,F,dbok,F,F,F,F,F,F,F,F,dwcan,F,F,F,F,W;W,F,F,F,dcan2,dbok,F,F,F,F,F,F,F,F,F,F,F,F,F,F,F,dbok,F,F,F,F,F,F,F,F,F,F,F,F,F,W;W,F,F,F,F,F,F,F,F,F,F,F,F,F,F,F,F,F,F,F,dbok,F,F,F,F,F,F,F,F,F,F,F,F,F,F,W;W,F,F,F,F,F,F,F,F,F,F,F,F,F,F,F,F,F,F,F,dbok,F,F,F,F,F,F,F,F,F,F,F,F,F,F,W;W,F,F,F,F,F,F,F,F,F,F,F,F,F,F,F,F,F,F,F,F,F,F,F,F,F,F,F,F,F,F,F,F,F,F,W;W,F,F,F,F,dsta,F,F,F,F,F,F,F,F,F,F,F,W,W,F,F,F,F,F,F,F,F,F,F,F,F,F,F,F,F,W;W,F,F,F,F,dbok,F,F,F,F,F,F,F,F,F,F,F,W,W,F,F,F,F,F,F,F,F,F,F,F,F,F,F,F,F,W;W,F,F,F,F,dbok,dcan,dbok,F,F,F,F,F,F,F,F,F,mc4r3e2,F,F,F,F,F,F,F,F,F,F,F,F,F,F,F,F,F,W;W,F,F,F,F,F,F,F,F,F,F,F,F,F,F,F,F,F,F,F,F,F,F,F,F,F,F,F,F,F,F,F,F,F,F,W;W,F,F,F,F,F,F,F,dros,F,F,F,F,F,F,F,F,F,F,F,F,F,F,F,W,F,F,F,F,F,F,F,F,F,F,W;W,F,F,F,F,F,F,F,W,W,F,F,mc4r3e2,F,F,F,F,F,F,F,F,mc4r3e2,F,F,W,W,F,F,F,F,F,F,F,F,F,W;W,F,F,F,F,F,F,F,W,W,F,F,F,F,F,F,F,F,F,F,F,F,F,F,W,W,F,F,F,F,F,F,F,F,F,W;W,F,F,F,F,F,F,F,F,F,F,F,F,F,F,F,F,F,F,F,F,F,F,F,W,F,F,F,F,F,F,F,F,F,F,W;W,F,dcan,F,F,F,F,F,F,F,F,F,F,F,F,F,F,F,F,F,F,F,F,F,F,F,F,F,F,F,F,F,F,F,F,W;W,dbok,dbok,F,F,F,F,F,F,F,F,F,F,F,F,F,F,F,F,F,F,F,F,F,F,F,F,F,F,F,F,F,F,F,F,W;W,F,F,F,F,F,W,F,F,F,F,F,F,F,F,F,F,F,F,F,F,F,F,F,F,F,F,F,F,F,F,F,F,F,F,W;W,F,F,F,F,W,W,F,mc4r3e2,F,F,F,F,F,F,F,F,F,F,F,F,F,F,F,F,F,mc4r3e2,W,W,F,F,F,F,F,F,DR5;W,F,F,F,F,W,W,F,F,F,F,F,dros,F,F,F,F,F,P,F,F,F,F,F,F,F,F,W,W,F,F,F,F,F,F,W;W,F,F,F,F,F,W,F,F,F,F,F,F,F,F,F,F,F,F,F,F,F,F,F,F,F,F,F,F,F,F,F,F,F,F,W;W,F,F,F,dbok,F,dbok,F,F,F,F,F,F,F,F,F,F,F,F,F,F,F,F,F,F,F,F,F,F,F,F,F,F,F,F,W;W,F,damb,F,F,F,F,F,F,F,F,F,F,F,F,F,F,F,F,F,F,F,F,F,F,F,F,F,F,F,F,F,F,F,F,W;W,F,F,F,F,dbok,F,F,F,F,F,F,F,F,F,F,F,F,F,F,F,F,F,F,W,F,F,F,F,F,F,F,F,F,F,W;W,F,F,F,F,F,F,F,W,W,F,F,mc4r3e2,F,F,F,F,F,F,F,F,mc4r3e2,F,F,W,W,F,F,F,F,F,F,F,F,F,W;W,F,F,F,F,F,F,F,W,W,F,F,F,F,F,F,F,F,F,F,F,F,F,F,W,W,F,F,F,F,F,F,F,F,F,W;W,F,F,F,F,F,F,F,F,F,F,F,F,F,F,F,F,F,F,F,F,F,F,F,W,F,F,F,F,F,F,F,F,F,F,W;W,F,F,F,F,F,F,F,F,F,F,F,F,F,F,F,F,mc4r3e2,F,F,F,F,F,F,F,F,F,F,F,F,F,F,F,F,F,W;W,F,F,F,F,F,F,F,F,F,F,F,F,F,F,F,F,F,F,F,F,F,F,F,F,F,F,F,F,F,F,F,F,F,F,W;W,F,F,F,F,F,F,F,F,F,F,F,F,F,F,F,F,W,W,F,F,F,F,F,F,F,F,F,F,F,F,F,F,F,F,W;W,F,F,F,F,F,F,F,F,F,F,F,F,F,F,F,F,W,W,F,F,F,F,F,F,F,F,F,F,F,F,F,F,F,F,W;W,F,F,F,F,dbok,F,F,F,F,F,F,F,F,F,F,F,F,F,F,F,F,F,F,F,F,F,F,F,F,F,F,F,F,F,W;W,F,F,F,F,dbok,F,dbok,F,F,F,F,F,F,F,F,F,F,F,F,F,F,F,F,F,F,F,F,F,F,F,F,F,F,F,W;W,F,F,F,F,F,damb,F,F,F,F,F,F,F,F,F,F,F,F,F,F,F,F,F,F,F,dsta2,dbok,dcan,F,F,dcan,dbok,F,F,W;W,F,F,F,F,F,F,dped,dcan,dbok,dsta2,daltb,dbok,F,F,F,F,F,F,F,F,F,F,F,F,F,F,dped,dbok,F,F,F,F,F,F,W;W,W,W,W,W,W,W,W,W,W,W,W,W,W,W,W,W,W,DR5,W,W,W,W,W,W,W,W,W,W,W,W,W,W,W,W,W",0,0,Sacred,,1.4,4,1,
ch3_normal_sacred_11,Normal,36,34,"W,W,W,W,W,W,W,W,W,W,W,W,W,W,W,W,W,W,DR5,W,W,W,W,W,W,W,W,W,W,W,W,W,W,W,W,W;W,F,F,F,F,F,F,F,F,F,F,F,F,F,F,F,F,F,F,F,F,F,F,F,F,F,F,F,F,F,F,F,F,F,F,W;W,F,F,F,F,F,F,F,F,dsta,dsta2,dsta2,F,F,F,F,F,F,F,F,F,F,F,F,F,F,F,F,F,F,F,F,F,F,F,W;W,F,F,F,F,F,F,F,F,F,F,F,F,F,F,F,F,F,F,F,F,F,F,F,F,F,F,F,F,F,F,F,F,F,F,W;W,F,F,F,F,F,F,F,F,F,F,F,F,F,F,F,F,F,F,F,F,F,F,F,F,F,F,F,F,F,F,F,F,F,F,W;W,F,F,F,F,F,F,F,F,F,F,F,F,F,F,F,F,F,F,F,F,F,F,F,F,F,F,F,F,F,F,F,F,F,F,W;W,F,F,F,F,F,F,F,mc4r3e2,F,F,F,F,F,F,F,F,F,F,F,F,F,F,F,F,F,F,F,mc4r3e2,F,F,F,F,F,F,W;W,dwcan,F,F,F,F,F,F,F,F,F,dwin,F,F,F,F,F,F,F,F,F,F,F,F,F,F,F,F,F,F,F,F,F,F,F,W;W,F,F,F,F,F,F,F,F,F,F,F,F,F,F,F,F,F,F,F,F,F,F,F,F,F,F,F,F,F,F,F,F,F,F,W;W,F,F,F,F,F,F,F,F,F,F,F,F,F,F,F,F,F,F,F,F,F,F,F,F,F,F,F,F,F,F,F,F,F,F,W;W,F,F,F,F,F,F,F,F,F,F,F,F,F,F,F,F,F,F,F,F,F,F,F,F,F,F,F,F,F,F,F,F,F,F,W;W,F,F,F,dwin,F,F,F,F,F,F,dwcan,F,F,F,F,F,F,F,F,F,F,F,F,F,F,F,dros,F,F,F,F,F,F,F,W;W,F,W,W,W,W,W,W,W,W,W,W,W,W,W,W,F,F,F,F,F,W,W,W,W,W,W,W,W,W,W,W,W,W,F,W;W,F,W,W,W,W,W,W,W,W,W,W,W,W,W,W,F,F,F,F,F,W,W,W,W,W,W,W,W,W,W,W,W,W,F,W;W,F,F,F,F,daltb,F,F,F,F,F,F,F,F,F,F,F,F,F,F,F,F,F,F,F,F,F,F,F,F,F,F,F,F,F,W;W,F,F,F,F,F,F,F,F,F,F,dbok,F,F,F,F,F,F,F,F,F,F,F,F,F,F,F,F,F,F,F,F,F,F,F,W;W,F,F,F,F,dbok,F,F,F,F,F,dbok,F,F,F,F,F,F,mc4r3e2,F,F,F,F,F,F,F,F,F,F,F,F,F,F,F,F,W;W,F,F,F,F,F,F,F,F,F,F,dbok,F,F,F,F,F,F,F,F,F,F,F,F,F,F,F,F,F,F,F,F,F,F,F,DR5;W,F,F,F,F,dbok,F,F,F,F,F,dbok,F,F,F,F,F,F,P,F,F,F,F,F,F,F,F,F,F,F,F,F,F,F,F,W;W,F,F,dbok,F,F,F,F,F,F,F,dbok,F,F,F,F,F,F,F,F,F,F,F,F,F,F,F,F,F,F,F,F,F,F,F,W;W,F,F,F,F,F,F,F,F,F,F,F,F,F,F,F,F,F,F,F,F,F,F,F,F,F,F,F,F,F,F,F,F,F,F,W;W,F,F,F,F,F,F,F,F,F,F,F,F,F,F,F,F,F,F,F,F,F,F,F,F,F,F,F,F,F,F,F,F,F,F,W;W,F,dsta2,damb,dbok,dsta2,W,F,F,F,F,dcan2,W,dbok,F,F,F,F,F,F,F,F,F,F,W,F,F,F,F,F,W,F,F,F,F,W;W,F,W,W,W,W,W,W,W,W,W,W,W,W,W,W,F,F,F,F,F,W,W,W,W,W,W,W,W,W,W,W,W,W,F,W;W,F,W,W,W,W,W,W,W,W,W,W,W,W,W,W,F,F,F,F,F,W,W,W,W,W,W,W,W,W,W,W,W,W,F,W;W,F,F,F,F,dcan2,W,dbok,F,F,F,F,W,F,F,F,F,F,F,F,F,F,F,F,W,F,F,F,F,F,W,F,F,F,F,W;W,F,F,F,F,damb,F,F,F,F,F,F,F,F,F,F,F,F,F,F,F,F,F,F,F,F,F,F,F,F,F,F,F,F,F,W;W,F,F,F,F,dbok,F,F,F,F,F,F,F,F,F,F,F,F,F,F,F,F,F,F,F,F,F,F,F,F,F,F,F,F,F,W;W,F,F,F,F,F,F,F,mc4r3e2,F,F,F,F,F,F,F,F,F,F,F,F,F,F,F,F,F,F,F,mc4r3e2,F,F,F,F,F,F,W;W,F,F,F,F,F,F,F,F,F,F,F,F,F,F,F,F,F,F,F,F,F,F,F,F,F,F,F,F,F,F,F,F,F,F,W;W,dwin,F,F,F,F,F,F,F,F,F,F,F,F,F,F,F,F,F,F,F,F,F,F,F,F,F,F,F,F,F,F,F,F,F,W;W,F,F,F,F,F,F,F,F,F,F,F,F,F,F,F,F,F,F,F,F,F,F,F,F,F,F,F,F,F,F,F,F,F,F,W;W,F,F,F,F,F,F,F,F,F,F,F,F,F,F,F,F,F,F,F,F,F,F,F,F,F,F,F,F,F,F,F,F,F,F,W;W,W,W,W,W,W,W,W,W,W,W,W,W,W,W,W,W,W,DR5,W,W,W,W,W,W,W,W,W,W,W,W,W,W,W,W,W",0,0,Sacred,,1.4,4,1,
ch3_normal_sacred_12,Normal,36,36,"W,W,W,W,W,W,W,W,W,W,W,W,W,W,W,W,W,W,DR5,W,W,W,W,W,W,W,W,W,W,W,W,W,W,W,W,W;W,F,F,F,F,F,F,F,F,dbok,F,F,damb,F,F,F,F,F,F,F,F,F,F,F,F,F,F,F,F,F,F,F,F,F,dped,W;W,F,W,W,W,F,F,F,dbok,daltb,dsta,F,dcan,F,F,F,F,F,F,F,F,F,F,F,F,F,F,F,F,F,W,W,W,F,damb,W;W,F,W,W,W,F,F,F,F,dbok,F,F,F,F,F,F,F,F,F,F,F,F,F,F,F,F,F,F,F,F,W,W,W,F,dbok,W;W,F,W,W,W,F,F,F,F,F,F,F,F,F,F,F,F,F,F,F,F,F,F,F,F,F,F,F,F,F,W,W,W,F,F,W;W,F,F,F,F,F,F,F,F,F,F,F,F,F,F,F,F,F,F,F,F,F,F,F,F,F,F,F,F,F,F,F,F,F,F,W;W,F,F,F,F,F,F,F,F,F,F,F,F,F,F,F,F,F,F,F,F,F,F,F,F,F,F,F,F,daltb,F,F,F,F,F,W;W,F,F,F,F,F,F,F,F,F,F,F,F,F,F,F,F,F,F,F,F,F,F,F,F,F,F,F,F,dsta,F,F,F,F,F,W;W,F,F,F,F,F,F,F,F,F,F,F,F,F,F,F,F,F,F,F,F,F,F,F,F,F,F,F,F,F,F,F,F,F,F,W;W,F,F,F,F,F,F,F,F,mc4r3e2,F,F,F,F,F,F,F,F,F,F,F,F,F,F,F,mc4r3e2,F,F,F,F,F,F,F,F,F,W;W,F,F,F,F,F,F,F,F,F,F,F,F,F,F,F,F,F,F,F,F,F,F,F,F,F,F,F,F,F,F,F,F,F,F,W;W,F,F,F,F,F,F,F,F,F,F,F,F,F,F,F,F,F,F,F,F,F,F,F,F,F,F,F,F,F,F,F,F,F,F,W;W,F,F,F,F,F,F,F,F,F,F,F,F,F,F,F,F,F,F,F,F,F,F,F,F,F,F,F,F,F,F,F,F,F,F,W;W,F,F,F,F,F,F,F,F,F,F,F,F,F,F,F,F,F,F,F,F,F,F,F,F,F,F,F,F,F,F,F,F,F,F,W;W,F,F,F,F,F,F,F,F,F,F,F,F,F,F,F,F,F,F,F,F,F,F,F,F,F,F,F,F,F,F,F,F,F,F,W;W,F,F,F,F,F,F,F,F,F,F,F,F,F,F,F,F,F,F,F,F,F,F,F,dsta,dcan,F,dbok,dbok,F,F,F,F,dbok,dbok,W;W,F,F,F,F,F,F,F,F,F,F,F,F,F,F,F,F,F,F,F,F,F,F,F,F,F,F,F,F,F,F,F,F,F,F,W;W,F,F,F,F,F,F,F,F,F,F,F,F,F,F,F,F,F,F,F,F,F,F,F,F,F,F,F,F,F,F,F,F,F,F,W;W,F,F,F,F,F,F,F,mc4r3e2,F,F,F,F,F,F,F,F,F,P,F,F,F,F,F,F,F,mc4r3e2,F,F,dbok,daltb,F,F,F,F,DR5;W,F,F,F,F,F,F,F,F,F,F,dwin,F,F,F,F,F,F,F,F,F,F,F,F,F,F,F,F,F,F,F,F,F,F,F,W;W,F,F,F,F,F,F,F,F,F,F,F,F,F,F,F,F,F,F,F,F,F,F,F,F,F,F,F,F,F,F,F,F,F,F,W;W,F,F,F,F,F,F,F,F,F,F,F,F,F,F,F,F,F,F,F,F,F,F,F,F,F,F,F,F,F,F,F,F,F,F,W;W,F,F,F,F,F,F,F,F,F,F,F,F,F,F,F,F,F,F,F,F,F,F,F,F,F,F,F,F,F,F,F,F,F,F,W;W,F,F,F,F,F,F,F,F,F,F,F,F,F,F,F,F,F,F,F,F,F,F,F,F,F,F,F,F,F,F,F,F,F,F,W;W,F,F,F,F,F,F,F,F,mc4r3e2,F,F,F,F,F,F,F,F,F,F,F,F,F,F,F,mc4r3e2,F,F,F,F,F,F,F,F,F,W;W,F,F,F,F,F,F,F,F,F,F,F,F,F,F,F,F,F,F,F,F,F,F,F,F,F,F,F,F,F,F,F,F,F,F,W;W,F,F,F,F,dsta2,dbok,F,F,F,F,F,F,F,F,F,F,F,F,F,F,F,F,F,F,F,F,F,F,F,F,F,F,F,F,W;W,F,F,F,F,dbok,dbok,F,F,F,F,F,F,F,F,F,F,F,F,F,F,F,F,F,F,F,F,F,F,F,F,F,F,F,F,W;W,F,F,F,F,F,F,F,F,F,F,F,F,F,F,F,F,F,F,F,F,F,F,F,F,F,F,F,F,F,F,F,F,F,F,W;W,F,F,F,F,F,F,F,F,F,F,F,F,F,F,F,F,F,F,F,F,F,F,F,F,F,F,F,F,F,F,F,F,damb,dbok,W;W,F,W,W,W,F,F,F,F,F,F,F,F,F,F,F,F,F,F,F,F,F,F,F,F,F,F,F,F,F,W,W,W,F,damb,W;W,F,W,W,W,F,F,F,F,F,F,F,F,F,F,F,F,F,F,F,F,F,F,F,F,damb,dbok,F,F,F,W,W,W,F,F,W;W,F,W,W,W,F,F,F,F,F,F,F,F,F,F,F,F,F,F,F,F,F,F,F,F,dcan,F,F,F,F,W,W,W,F,F,W;W,F,F,F,F,F,F,F,F,F,F,dbok,F,F,F,F,F,F,F,F,F,F,F,F,F,F,dbok,F,F,F,dsta,F,damb,dbok,F,W;W,F,F,F,F,F,F,F,F,F,F,F,F,F,F,dwin,F,F,F,F,F,F,F,F,F,F,F,F,F,dcan,dcan,F,dbok,dsta,F,W;W,W,W,W,W,W,W,W,W,W,W,W,W,W,W,W,W,W,DR5,W,W,W,W,W,W,W,W,W,W,W,W,W,W,W,W,W",0,0,Sacred,,1.7,4,1,
ch3_normal_sacred_13,Normal,36,34,"W,W,W,W,W,W,W,W,W,W,W,W,W,W,W,W,W,W,DR5,W,W,W,W,W,W,W,W,W,W,W,W,W,W,W,W,W;W,F,F,F,F,F,F,F,F,F,F,F,dwcan,F,F,F,F,F,F,F,F,F,F,F,F,F,F,F,F,dcan2,dbok,dcan,F,F,dcan2,W;W,F,F,F,F,F,F,F,F,F,F,F,F,F,F,F,F,F,F,F,F,F,F,F,F,F,F,F,F,F,F,dbok,dbok,F,dcan,W;W,F,F,F,F,F,F,F,F,F,F,F,F,F,F,F,F,F,F,F,F,F,F,F,F,F,F,F,F,F,F,F,F,F,dbok,W;W,F,F,F,F,F,F,F,F,F,F,F,F,F,F,F,F,F,F,F,F,F,F,F,F,F,F,F,F,F,F,dros,F,dbok,F,W;W,F,F,F,F,F,F,F,F,F,F,F,F,F,F,F,F,F,F,F,F,F,F,F,F,F,F,F,F,F,F,F,dbok,dcan2,F,W;W,F,F,F,F,F,F,F,F,F,F,F,dcan2,F,F,F,F,F,F,F,F,F,F,F,F,F,F,F,F,F,F,F,F,daltb,F,W;W,F,F,F,F,F,F,F,F,F,F,F,F,F,F,F,F,F,F,F,F,F,F,F,F,F,F,F,F,F,F,F,F,F,F,W;W,F,F,F,mc4r3e2,F,F,F,F,F,F,F,F,dbok,dsta2,dbok,F,F,F,F,F,F,F,dwin,F,F,F,F,F,mc4r3e2,F,F,F,F,F,W;W,F,F,F,F,F,F,F,F,F,F,F,W,W,F,F,F,F,F,F,F,F,F,W,W,F,F,F,F,F,F,F,F,F,F,W;W,F,F,F,F,F,F,F,F,F,F,F,W,W,F,F,F,F,mc4r3e2,F,F,F,F,W,W,F,F,F,F,F,F,F,F,F,F,W;W,F,F,F,F,F,dcan,dbok,F,F,F,F,W,W,F,F,F,F,F,F,F,F,F,W,W,daltb,F,dbok,F,F,F,F,F,F,F,W;W,F,F,F,F,F,F,dbok,F,F,F,F,W,W,F,F,F,F,F,F,F,F,F,W,W,F,F,F,F,F,F,F,F,F,F,W;W,F,F,F,F,F,F,F,F,F,F,F,W,W,F,F,F,F,F,F,F,F,F,W,W,F,daltb,F,F,F,F,F,F,F,F,W;W,F,F,F,F,F,F,F,F,F,F,F,W,W,F,F,F,F,F,F,F,F,F,W,W,F,F,F,F,F,F,F,F,F,F,W;W,F,F,F,F,F,F,F,F,F,F,F,W,W,F,F,F,F,F,F,F,F,F,W,W,F,F,F,F,F,F,F,F,F,F,W;W,F,F,F,F,F,F,F,F,F,F,F,W,W,F,F,F,F,F,F,F,F,F,W,W,F,F,F,F,F,F,F,F,F,F,W;W,F,F,F,F,F,F,F,F,F,F,F,W,W,F,F,F,F,F,F,F,F,F,W,W,F,F,F,F,F,F,F,F,F,F,DR5;W,F,F,F,F,F,F,F,F,F,F,F,W,W,F,F,F,F,P,F,F,F,F,W,W,F,F,F,F,F,dcan2,dcan2,F,F,F,W;W,F,F,F,F,F,F,F,F,F,F,F,W,W,F,F,F,F,F,F,F,F,F,W,W,F,F,F,F,F,F,F,F,F,F,W;W,F,dbok,F,F,F,F,F,F,F,F,F,W,W,F,F,F,F,F,F,F,F,F,W,W,dros,F,F,F,F,F,F,F,F,F,W;W,F,F,F,F,F,F,F,F,F,F,F,W,W,F,F,F,F,F,F,F,F,F,W,W,F,F,F,F,F,F,F,F,F,F,W;W,F,F,F,F,F,F,F,F,F,F,F,W,W,F,F,F,F,F,F,F,F,F,W,W,F,F,F,F,F,F,F,F,F,F,W;W,F,F,F,F,F,F,F,F,F,F,F,W,W,F,F,F,F,F,F,F,F,F,W,W,F,F,F,F,F,F,F,F,F,F,W;W,F,F,F,F,F,F,F,F,F,F,F,W,W,F,F,F,F,mc4r3e2,F,F,F,F,W,W,F,F,F,F,F,F,F,F,F,F,W;W,F,F,F,F,F,F,F,F,F,F,F,W,W,F,F,F,F,F,F,F,F,F,W,W,F,F,F,F,F,F,F,F,F,F,W;W,F,F,F,mc4r3e2,F,F,F,F,F,F,F,W,W,F,F,F,F,F,F,F,F,F,W,W,F,F,F,F,mc4r3e2,F,F,F,F,F,W;W,F,F,F,F,F,F,F,F,F,F,F,F,F,F,F,F,F,F,F,F,F,F,F,F,F,F,F,F,F,F,F,F,F,F,W;W,F,F,F,F,F,F,F,F,F,F,F,F,F,F,F,F,F,F,F,F,F,F,F,F,F,F,F,F,F,F,F,F,F,F,W;W,F,F,F,F,F,F,F,F,F,F,F,F,F,F,F,F,F,F,F,F,F,F,F,F,F,F,F,F,dbok,F,F,F,F,F,W;W,F,F,F,F,F,F,F,F,F,F,F,F,F,F,F,F,F,F,F,F,F,F,F,F,F,F,F,F,F,F,F,F,F,F,W;W,F,F,F,F,F,F,F,F,F,F,F,F,F,daltb,dbok,F,F,F,F,F,F,F,F,F,F,F,F,F,F,F,F,F,F,F,W;W,F,F,F,F,F,F,F,F,F,F,F,F,dbok,dped,dbok,F,F,F,F,F,F,dwin,F,F,F,F,F,F,F,F,F,F,F,dsta,W;W,W,W,W,W,W,W,W,W,W,W,W,W,W,W,W,W,W,DR5,W,W,W,W,W,W,W,W,W,W,W,W,W,W,W,W,W",0,0,Sacred,,1.7,4,1,
ch3_normal_sacred_14,Normal,36,35,"W,W,W,W,W,W,W,W,W,W,W,W,W,W,W,W,W,W,DR5,W,W,W,W,W,W,W,W,W,W,W,W,W,W,W,W,W;W,F,F,F,F,F,F,F,F,F,F,F,F,F,F,F,F,F,F,F,F,F,F,F,F,F,F,F,F,F,F,dcan,F,F,dsta2,W;W,F,F,F,F,F,F,F,F,F,F,F,F,F,F,F,F,F,F,F,F,F,F,F,F,F,F,F,F,F,F,damb,F,F,damb,W;W,F,F,F,F,F,F,F,F,F,F,F,dwin,F,F,F,F,F,F,F,F,F,F,F,F,F,F,F,F,F,F,F,F,F,dbok,W;W,F,F,F,W,W,W,F,F,F,F,F,W,W,F,F,F,F,F,F,W,W,F,F,F,F,F,F,W,W,W,F,F,F,F,W;W,F,F,F,W,W,F,F,F,F,F,F,W,W,F,damb,F,F,F,F,W,W,F,F,F,F,F,F,W,W,F,F,dbok,daltb,F,W;W,F,F,F,F,F,F,F,F,F,F,F,F,F,F,F,F,F,F,F,F,dros,F,F,F,F,F,F,F,F,F,F,F,dbok,F,W;W,F,F,F,F,F,F,F,F,F,F,F,F,F,F,dbok,F,F,F,F,F,F,F,F,F,F,F,F,F,F,F,F,F,F,F,W;W,dwin,F,F,F,F,F,F,mc4r3e2,F,F,F,F,F,F,F,F,F,F,F,F,F,F,F,F,F,mc4r3e2,F,F,F,F,F,F,F,F,W;W,F,F,F,F,F,F,F,F,F,F,F,F,F,F,F,F,F,F,F,F,F,F,F,F,F,F,F,F,F,F,F,F,F,F,W;W,F,F,F,F,F,F,F,F,F,F,F,F,F,F,F,F,F,F,F,F,F,F,F,F,F,F,F,F,F,F,F,F,F,F,W;W,F,F,F,F,F,F,F,F,F,F,F,F,F,F,F,F,F,F,F,F,F,F,F,F,F,F,F,F,F,F,F,F,F,F,W;W,F,F,F,F,F,F,F,F,F,F,F,F,F,F,F,F,F,F,F,F,F,F,F,F,F,F,F,F,F,F,F,F,F,F,W;W,F,F,F,F,F,F,F,F,F,F,F,F,F,F,F,F,F,F,F,F,F,F,F,F,F,F,F,F,F,F,F,F,F,F,W;W,F,F,F,F,F,F,F,F,F,F,F,F,F,F,F,F,F,F,F,F,F,F,F,F,F,F,F,F,F,F,F,F,F,F,W;W,F,F,F,F,F,F,F,F,F,F,F,F,F,F,F,F,F,F,F,F,F,F,F,F,F,F,F,F,F,F,F,F,F,F,W;W,F,F,F,F,F,F,F,F,F,F,dwcan,F,F,F,F,W,W,F,F,F,F,F,F,F,F,dbok,F,F,F,F,F,F,F,F,W;W,F,F,F,F,F,F,F,F,F,F,F,F,F,F,F,W,W,F,F,F,F,F,F,F,F,F,dbok,F,F,F,F,F,F,F,DR5;W,F,F,F,mc4r3e2,F,F,F,F,F,F,F,F,F,F,F,F,F,P,F,F,F,F,F,F,F,F,F,F,F,mc4r3e2,F,F,F,F,W;W,F,F,F,F,F,F,F,F,F,F,F,F,F,F,F,F,F,F,F,F,F,F,F,F,F,F,F,F,F,F,F,F,F,F,W;W,F,F,F,F,F,F,F,F,F,F,daltb,dbok,dped,dbok,F,F,F,F,F,F,F,F,F,F,F,F,F,F,F,F,F,F,F,F,W;W,F,F,F,F,F,F,F,F,F,F,F,F,dped,F,F,F,F,F,F,F,F,F,F,F,F,F,F,F,F,F,F,F,F,F,W;W,F,F,F,F,F,F,F,F,F,F,F,F,F,F,F,F,F,F,F,F,F,F,F,F,F,F,F,F,F,F,F,F,F,F,W;W,F,F,F,F,F,F,F,F,F,F,F,F,F,F,F,F,F,F,F,F,F,F,F,F,F,F,F,F,damb,F,F,F,F,F,W;W,F,F,F,F,F,F,F,F,F,F,F,F,F,F,F,F,F,F,F,F,F,F,dbok,F,F,F,F,F,dbok,dped,F,F,F,F,W;W,F,F,F,F,F,F,F,F,F,F,F,F,F,F,F,F,F,F,F,F,F,F,dbok,F,F,F,F,F,F,F,F,F,F,F,W;W,F,F,F,F,F,F,F,mc4r3e2,F,F,F,F,F,F,dbok,F,F,F,F,F,F,F,F,F,F,mc4r3e2,F,F,F,F,F,F,F,F,W;W,F,F,F,F,F,F,F,F,F,F,F,F,F,F,dbok,F,F,F,F,F,F,F,dbok,F,F,F,F,F,F,F,F,F,F,F,W;W,F,F,F,F,F,F,F,W,W,F,F,F,F,F,F,W,W,F,F,F,F,F,F,W,W,F,F,F,F,F,F,F,F,F,W;W,F,F,F,F,F,F,F,W,W,F,F,dbok,F,F,F,W,W,F,F,F,F,F,dcan,W,W,F,F,F,F,F,F,F,F,F,W;W,F,F,F,F,F,F,F,F,F,F,F,dbok,F,F,F,F,daltb,dbok,F,F,F,F,F,F,F,F,F,F,F,F,F,F,F,F,W;W,F,F,F,F,F,F,F,F,F,F,F,F,F,F,F,dcan2,daltb,F,F,F,F,F,F,F,F,F,F,F,F,F,F,F,F,F,W;W,F,F,F,F,F,F,F,F,F,F,F,F,F,F,F,F,F,F,F,F,F,F,F,F,F,F,F,F,F,F,F,F,F,F,W;W,dsta,dcan,dbok,F,F,F,F,F,F,F,F,F,F,F,F,F,F,F,F,F,F,F,F,F,F,F,F,F,F,F,F,F,F,F,W;W,W,W,W,W,W,W,W,W,W,W,W,W,W,W,W,W,W,DR5,W,W,W,W,W,W,W,W,W,W,W,W,W,W,W,W,W",0,0,Sacred,,1.7,4,1,
ch3_elite_sacred_01,Elite,40,45,"W,W,W,W,W,W,W,W,W,W,W,W,W,W,W,W,W,W,W,W,DR5,W,W,W,W,W,W,W,W,W,W,W,W,W,W,W,W,W,W,W;W,F,F,F,F,F,F,F,F,F,F,F,F,F,F,F,F,F,F,F,F,F,F,F,F,F,F,F,F,F,F,F,F,F,F,dwcan,F,F,F,W;W,F,F,F,F,F,F,F,F,F,F,F,F,F,F,F,F,F,F,F,F,F,F,F,F,F,F,F,F,F,F,F,F,F,F,F,F,F,F,W;W,F,F,F,F,F,F,F,F,F,F,F,F,F,F,F,F,F,F,F,F,F,F,F,F,F,F,F,F,F,F,F,F,F,F,F,F,F,F,W;W,F,F,F,F,F,F,F,F,F,F,F,F,F,F,F,F,F,F,F,F,F,F,F,F,F,F,F,F,F,F,F,F,W,F,F,F,F,F,W;W,F,F,F,F,W,W,F,F,F,F,F,F,F,F,F,F,F,F,F,F,F,F,F,F,F,F,F,F,F,F,F,F,W,W,F,F,F,F,W;W,F,F,F,F,W,W,F,F,F,F,F,F,F,F,F,F,F,F,F,F,F,F,F,F,F,F,F,F,F,F,F,F,W,W,F,F,F,F,W;W,F,F,F,F,F,F,F,F,F,F,F,F,F,F,F,F,F,F,F,F,F,F,F,F,F,F,F,F,F,F,F,F,W,F,F,F,F,F,W;W,F,F,F,F,F,F,F,F,F,F,F,F,F,F,F,F,F,F,F,F,F,F,F,F,F,F,F,F,F,F,F,F,F,F,F,F,F,F,W;W,F,F,F,F,F,F,F,F,F,F,F,F,dped,F,F,F,F,F,F,Me4r3,F,F,F,F,F,F,F,F,F,F,F,F,F,F,F,F,F,F,W;W,F,F,F,F,F,F,F,F,F,F,F,F,F,F,F,F,F,F,F,F,F,F,F,F,F,F,F,F,F,F,F,F,F,dwcan,F,F,F,F,W;W,F,F,F,F,F,F,F,F,F,F,F,F,F,F,F,F,F,F,F,F,F,F,F,F,F,F,F,F,F,F,F,F,F,F,F,F,F,F,W;W,F,F,F,F,F,F,F,F,F,F,F,mc3r3,F,F,F,F,F,F,F,F,F,F,F,F,F,mc3r3,F,F,F,F,F,F,F,F,F,F,F,F,W;W,F,F,F,F,F,F,F,F,F,F,F,F,F,F,F,F,F,F,F,F,F,F,F,F,F,F,F,F,F,F,F,F,F,F,F,F,F,F,W;W,F,F,F,F,F,F,F,F,F,F,F,F,F,F,F,F,F,W,W,daltb,F,F,F,F,F,F,F,F,F,F,F,F,F,F,F,F,F,F,W;W,F,F,F,F,F,F,F,F,F,F,F,F,F,F,F,F,F,W,W,F,F,F,F,F,F,F,F,F,F,F,F,F,F,F,F,F,F,F,W;W,F,F,F,F,F,F,F,F,F,F,F,F,dcan2,F,F,F,F,F,dwcan,F,F,F,F,F,F,F,F,F,F,F,F,F,F,F,F,F,F,F,W;W,F,F,F,F,F,F,F,F,F,F,F,F,F,F,F,F,F,F,F,F,F,F,F,F,F,F,F,F,F,F,F,F,F,F,F,F,F,F,W;W,F,dped,dbok,F,F,F,F,F,F,F,F,F,F,F,F,F,F,F,F,F,dbok,F,F,F,F,F,F,F,F,F,F,F,F,F,F,F,F,F,W;W,F,F,dbok,F,F,F,F,F,F,F,F,F,F,F,F,F,F,F,F,F,dbok,F,F,F,F,F,F,F,F,F,F,F,F,F,F,F,F,F,W;W,F,damb,F,F,F,F,F,F,F,F,F,F,F,F,F,F,F,F,F,F,F,F,F,F,F,F,F,F,F,F,F,F,F,F,F,F,F,F,W;W,F,F,F,F,F,F,F,F,F,F,W,W,F,F,F,F,F,F,F,F,F,F,F,F,F,F,W,W,F,F,F,F,F,F,F,F,F,F,W;W,F,F,F,F,F,F,F,F,F,F,W,W,F,F,F,F,F,F,F,F,F,F,F,F,F,W,W,W,F,F,F,F,F,F,F,F,F,F,DR5;W,dbok,dbok,dbok,F,F,mc3r3,F,F,F,daltb,dcan,F,F,F,F,F,F,F,F,F,F,F,F,F,F,F,F,F,F,F,F,mc3r3,F,F,F,F,F,F,W;W,F,dbok,F,F,F,F,F,F,F,F,F,F,F,F,F,F,F,F,F,F,F,F,F,F,F,F,F,F,F,F,F,F,F,F,F,F,F,F,W;W,F,F,F,F,F,F,F,F,F,F,F,F,F,F,F,F,F,F,F,F,F,F,F,F,F,F,F,F,F,F,F,F,F,F,F,F,F,F,W;W,F,F,F,F,dbok,damb,F,F,F,F,F,F,F,F,F,F,F,F,F,F,F,F,F,F,F,F,F,F,F,F,F,F,F,F,F,F,F,F,W;W,F,F,F,F,F,F,F,F,F,F,F,F,F,F,F,F,F,F,F,F,F,F,F,F,F,F,F,F,F,F,F,F,F,F,F,F,F,F,W;W,F,F,F,F,F,F,F,F,F,F,F,F,F,F,F,F,F,F,F,F,F,F,F,F,F,F,F,F,F,F,F,F,F,F,F,F,F,F,W;W,F,F,F,F,F,F,F,F,F,F,F,F,F,F,F,F,F,W,W,F,F,F,F,F,F,F,F,F,F,F,F,F,F,F,F,F,F,F,W;W,F,F,F,F,F,F,F,F,F,F,F,F,F,F,F,F,F,W,W,F,F,F,F,F,F,F,F,F,F,F,F,F,F,F,F,F,F,F,W;W,F,F,F,F,F,F,F,F,F,F,F,F,F,F,F,F,F,F,F,F,F,F,F,F,F,F,F,F,F,F,F,damb,F,F,F,F,F,F,W;W,F,F,F,F,F,F,F,F,F,F,F,F,F,dcan,dbok,F,F,F,F,P,F,F,F,F,F,F,F,F,F,F,F,dsta2,F,F,F,F,F,F,W;W,F,F,F,F,F,F,F,F,F,F,F,dbok,dbok,dsta2,dbok,F,F,F,F,F,F,F,F,F,F,F,F,F,F,F,F,dbok,F,F,F,F,F,F,W;W,F,F,F,F,F,F,F,F,F,F,F,F,F,F,F,F,F,F,F,F,F,F,F,F,F,F,F,F,F,F,F,dcan,F,F,F,F,F,F,W;W,F,F,F,F,F,F,F,F,F,F,F,F,F,F,F,F,F,F,F,Me4r3,F,F,F,F,F,F,F,F,F,F,F,F,F,F,F,F,F,F,W;W,F,F,F,F,F,F,F,F,F,F,F,F,dped,F,F,F,F,F,F,F,F,F,F,F,F,F,F,F,F,F,F,F,F,F,F,F,F,F,W;W,F,F,F,F,F,F,F,F,F,F,F,F,dcan,F,dbok,F,F,F,F,F,F,F,F,F,F,F,F,F,F,F,F,F,W,F,F,F,F,F,W;W,F,F,F,F,W,W,F,F,F,F,F,F,F,F,dbok,F,F,F,F,F,F,F,F,F,F,F,F,F,F,F,F,F,W,W,F,F,F,F,W;W,F,F,F,F,W,W,dsta,damb,dbok,F,F,F,F,F,dcan2,dbok,F,F,F,F,F,F,F,F,F,F,F,F,F,F,F,F,W,W,F,F,F,F,W;W,F,F,F,F,F,F,F,dbok,F,F,F,F,F,F,F,F,F,F,F,F,F,F,F,F,F,F,F,F,F,F,F,F,W,F,F,dbok,dbok,dcan,W;W,F,F,F,F,F,F,dbok,F,F,F,F,F,F,F,F,F,F,F,F,F,F,F,F,F,F,F,F,F,F,F,F,F,dbok,F,F,F,dsta2,daltb,W;W,F,F,F,F,F,F,F,F,F,F,F,F,F,F,F,F,F,F,F,F,F,F,F,F,F,F,F,F,F,F,F,F,damb,dbok,F,F,F,F,W;W,F,F,F,F,F,F,F,F,F,F,F,F,F,F,F,F,F,F,F,F,F,F,F,F,F,F,F,F,F,F,F,F,dped,dcan,F,F,F,F,W;W,W,W,W,W,W,W,W,W,W,W,W,W,W,W,W,W,W,W,W,DR5,W,W,W,W,W,W,W,W,W,W,W,W,W,W,W,W,W,W,W",0,0,Sacred,,2.6,5,1,
ch3_normal_sacred_15,Normal,40,40,"W,W,W,W,W,W,W,W,W,W,W,W,W,W,W,W,W,W,W,W,DR5,W,W,W,W,W,W,W,W,W,W,W,W,W,W,W,W,W,W,W;W,F,F,F,F,F,F,F,F,F,F,F,F,F,F,F,F,F,F,F,F,F,F,F,F,F,F,F,F,F,F,F,F,F,F,F,F,dsta2,F,W;W,F,F,F,F,F,F,F,F,F,dcan2,F,F,F,F,F,F,F,F,F,F,F,F,F,dped,dcan2,dsta,F,F,F,F,F,F,F,F,F,dbok,damb,W,W;W,F,F,F,F,F,F,dbok,dbok,F,dbok,F,F,F,F,F,F,F,F,F,F,F,F,F,F,F,F,F,F,F,F,F,F,F,F,F,F,F,F,W;W,F,F,F,F,F,F,F,F,F,F,F,F,F,F,F,F,F,F,F,F,F,F,F,F,F,F,F,F,F,F,damb,F,F,F,F,F,F,F,W;W,F,F,F,F,F,F,F,F,F,F,F,F,F,F,F,F,F,F,F,F,F,F,F,F,F,F,F,F,F,F,F,F,F,F,F,F,dbok,dcan,W;W,F,F,F,F,F,F,F,F,F,F,F,F,F,F,F,F,F,F,F,F,F,F,F,F,F,F,F,F,F,F,F,F,F,dbok,F,F,F,F,W;W,F,F,F,F,F,F,F,F,F,F,F,F,F,F,F,F,F,F,F,F,F,F,F,F,F,F,F,F,F,F,F,F,F,F,F,F,dcan,F,W;W,F,F,F,F,F,F,F,mc5r4e2,W,F,F,F,F,F,F,F,F,F,F,mc5r4e2,F,F,F,W,W,F,F,F,F,mc5r4e2,F,F,F,F,F,F,F,F,W;W,F,F,F,F,F,F,F,W,W,F,F,F,F,F,F,F,F,F,F,F,F,F,F,W,W,F,F,F,F,F,F,F,F,F,F,F,F,F,W;W,daltb,F,F,F,F,F,F,F,F,F,F,F,F,F,F,F,F,F,F,F,F,F,F,F,F,F,F,F,F,F,F,F,F,F,F,F,F,F,W;W,F,F,F,F,F,F,dcan2,daltb,F,F,F,F,F,F,F,F,F,F,F,F,F,F,F,F,F,F,F,F,F,F,F,F,F,F,F,F,F,F,W;W,F,F,F,F,F,F,F,dbok,F,F,F,F,F,F,F,F,F,F,F,F,F,F,F,F,F,F,F,F,F,F,F,F,F,F,F,F,F,F,W;W,F,F,F,F,F,F,F,F,F,F,F,F,F,F,F,F,F,F,F,F,F,F,F,F,F,F,F,F,F,F,dsta,F,F,F,F,F,F,F,W;W,F,F,F,F,F,F,F,F,F,F,F,F,F,F,F,F,F,F,F,F,F,F,F,F,F,F,F,F,F,F,F,F,F,F,F,F,F,F,W;W,dbok,damb,F,F,F,F,F,F,F,F,F,F,F,F,F,F,F,F,F,F,F,F,F,F,F,F,dcan2,F,F,F,F,F,F,F,F,F,F,F,W;W,F,F,F,F,F,F,F,F,F,F,F,F,F,F,F,W,W,F,F,F,F,F,F,F,F,F,dcan2,F,F,F,F,F,F,F,F,F,F,dped,W;W,F,F,F,F,F,F,F,F,F,F,F,F,F,F,F,W,W,F,F,F,F,F,F,F,F,dsta2,dbok,F,F,F,F,F,F,F,F,F,F,dcan,W;W,F,F,F,F,F,F,F,F,F,F,F,F,F,F,F,F,F,F,F,F,F,F,F,F,F,F,F,F,F,F,F,F,F,F,F,F,F,F,W;W,F,F,F,F,F,F,F,F,F,F,F,F,F,F,F,F,F,F,F,F,F,F,F,F,F,F,F,F,F,F,F,F,F,F,F,F,F,F,W;W,F,F,F,F,F,mc5r4e2,F,F,F,F,F,F,F,F,F,F,F,F,F,P,F,F,F,F,F,F,F,F,F,F,F,mc5r4e2,F,F,F,F,F,F,DR5;W,F,F,F,F,F,F,F,F,F,F,F,F,F,damb,dbok,F,F,F,F,F,F,F,F,F,F,F,F,F,F,F,F,F,F,F,F,F,F,F,W;W,F,F,F,F,F,F,F,F,F,F,F,F,F,F,F,F,F,F,F,F,F,F,F,F,F,F,F,F,F,F,F,F,F,F,F,F,F,F,W;W,F,F,F,F,F,F,F,F,F,F,F,F,F,F,F,F,F,F,F,F,F,F,F,F,F,F,F,F,F,F,F,F,F,F,F,F,F,F,W;W,F,F,F,F,F,F,F,W,W,F,F,F,F,F,F,F,F,F,F,F,F,F,F,F,F,F,F,F,F,W,W,F,F,F,F,F,F,F,W;W,F,F,F,F,F,F,W,W,W,F,F,F,F,F,F,F,F,F,F,F,F,F,F,F,F,F,F,F,F,W,W,F,F,F,F,F,F,F,W;W,F,F,F,F,F,F,F,F,F,F,F,F,F,F,F,F,F,F,F,F,F,F,F,F,F,F,F,F,F,F,F,F,F,F,F,F,F,F,W;W,F,F,F,F,F,F,F,F,F,F,F,F,F,F,F,F,F,F,F,F,F,F,F,F,F,F,F,F,F,F,F,F,F,F,F,F,F,F,W;W,F,F,F,F,F,F,F,F,F,F,F,F,F,F,F,F,F,F,F,F,F,F,F,F,dros,F,F,F,F,F,F,F,F,F,F,F,F,F,W;W,F,F,F,F,F,F,F,F,F,F,F,F,F,F,F,F,F,F,F,F,F,F,F,F,F,F,F,F,F,F,F,F,F,F,F,F,F,F,W;W,F,F,F,F,F,F,F,mc5r4e2,F,F,F,F,F,F,F,F,F,F,F,mc5r4e2,F,F,F,F,F,F,F,F,F,mc5r4e2,F,F,F,F,F,F,F,F,W;W,F,F,F,F,F,F,F,F,F,F,F,F,F,F,F,F,F,F,F,F,F,F,F,F,F,F,F,F,F,F,F,F,F,F,F,F,F,F,W;W,F,F,F,F,F,F,F,F,F,F,F,F,F,F,F,W,W,F,F,F,F,F,F,F,F,F,F,F,F,W,W,F,F,F,F,F,F,F,W;W,F,F,F,F,F,F,dros,F,F,F,F,F,F,F,F,W,W,F,F,F,F,F,F,F,F,F,F,F,F,W,W,F,F,F,F,F,F,F,W;W,F,F,F,F,F,F,F,F,F,F,F,F,F,F,F,F,F,F,F,F,F,F,F,F,F,F,F,F,F,F,F,F,F,F,F,F,F,F,W;W,F,F,F,F,F,F,F,F,F,F,F,F,F,F,F,F,F,F,F,F,F,F,F,F,F,F,F,F,F,F,F,F,F,F,F,F,F,W,W;W,F,F,F,F,F,F,F,F,F,F,F,F,F,F,F,F,F,F,F,F,F,F,F,F,F,F,F,F,F,F,F,F,F,F,F,F,F,F,W;W,F,F,F,F,F,F,dbok,dbok,F,F,F,F,F,F,F,F,F,F,F,F,F,F,F,F,F,F,F,F,F,F,F,F,F,F,F,F,F,F,W;W,F,F,F,F,F,F,F,F,F,F,F,F,F,F,F,F,F,F,F,F,F,F,F,F,F,F,F,F,F,F,F,F,F,F,F,F,F,F,W;W,W,W,W,W,W,W,W,W,W,W,W,W,W,W,W,W,W,W,W,DR5,W,W,W,W,W,W,W,W,W,W,W,W,W,W,W,W,W,W,W",0,0,Sacred,,2,4,1,
ch3_normal_sacred_16,Normal,40,39,"W,W,W,W,W,W,W,W,W,W,W,W,W,W,W,W,W,W,W,W,DR5,W,W,W,W,W,W,W,W,W,W,W,W,W,W,W,W,W,W,W;W,F,F,F,F,F,F,F,F,F,F,F,F,F,F,F,F,F,F,F,F,F,F,F,F,F,F,F,F,F,F,F,F,F,F,F,F,F,F,W;W,dwin,F,F,F,F,F,F,F,F,F,F,F,F,F,dcan,F,F,F,F,F,F,F,F,F,F,F,F,F,F,F,F,F,F,F,F,F,F,F,W;W,F,F,F,F,F,F,F,F,F,F,F,F,F,F,dbok,F,F,F,F,F,F,F,F,F,F,F,F,F,F,F,F,F,F,F,F,F,F,F,W;W,F,F,F,F,F,F,F,F,dped,F,F,F,F,F,dcan,F,F,F,F,F,F,F,F,F,F,F,F,F,F,F,F,F,F,F,F,F,F,F,W;W,F,F,F,F,F,F,F,F,F,F,F,F,F,F,dsta,F,F,F,F,F,F,F,F,F,F,dsta,dcan,dbok,F,F,F,F,F,F,F,F,F,F,W;W,F,F,F,F,F,mc5r4e2,F,F,F,F,F,F,F,F,F,F,F,F,F,mc5r4e2,F,F,F,F,F,dcan,daltb,F,F,F,F,mc5r4e2,F,F,F,F,F,F,W;W,F,F,F,F,F,F,F,F,F,F,F,F,F,F,dbok,dped,F,F,F,F,F,F,F,F,F,F,F,F,F,F,F,F,F,F,F,F,F,F,W;W,F,F,F,F,F,F,F,F,F,F,F,F,F,F,dsta2,dbok,F,F,F,F,F,F,F,F,F,F,F,F,F,F,F,F,F,F,F,F,F,F,W;W,F,F,dbok,dbok,F,F,F,F,F,F,F,F,F,F,daltb,F,F,F,F,F,F,F,F,F,F,F,F,F,F,F,F,F,F,F,F,F,F,F,W;W,F,F,F,F,F,F,F,F,F,F,F,F,F,F,dbok,F,F,F,W,W,F,F,F,F,F,F,F,F,F,F,F,F,F,F,F,F,F,F,W;W,F,F,F,F,F,F,F,F,F,F,F,F,F,F,F,F,F,F,W,W,F,F,F,F,F,F,F,F,F,F,F,F,F,F,F,F,F,F,W;W,F,F,F,F,F,F,F,F,F,F,F,F,F,F,F,F,F,F,F,F,F,F,F,F,F,dros,F,F,F,F,F,F,F,F,F,F,F,F,W;W,F,F,F,F,F,F,F,F,F,F,F,F,F,F,F,F,F,F,F,F,F,F,F,F,F,F,F,F,F,F,F,F,F,F,F,F,F,F,W;W,F,F,F,F,F,F,dwcan,F,F,F,F,F,F,F,F,F,F,F,F,F,F,F,F,F,F,F,F,F,F,F,F,F,F,F,F,F,F,F,W;W,F,F,F,F,F,F,F,F,F,F,F,F,F,F,F,F,F,F,F,F,F,F,F,F,F,F,F,F,F,F,F,F,F,F,F,F,F,F,W;W,F,F,F,F,F,dros,F,F,F,F,F,F,F,F,F,F,F,F,F,F,F,F,F,F,F,F,F,F,F,F,F,F,F,F,F,F,F,F,W;W,F,F,F,F,F,F,F,F,F,F,F,F,dped,F,F,F,F,F,F,F,F,F,F,F,F,F,F,F,F,F,F,F,F,F,F,F,F,F,W;W,F,F,F,F,F,F,F,F,F,F,F,F,daltb,F,F,F,F,F,F,F,F,F,F,F,F,F,F,F,F,F,F,F,F,F,F,F,F,F,W;W,F,F,F,F,F,F,F,F,F,W,W,F,dbok,F,F,F,F,F,F,F,F,F,F,F,F,F,F,W,W,F,F,F,F,F,F,F,F,F,DR5;W,F,F,F,F,F,mc5r4e2,F,F,F,W,W,F,F,F,F,F,F,F,F,P,F,F,F,F,F,F,F,W,W,F,F,mc5r4e2,F,F,F,F,F,F,W;W,F,F,F,F,F,F,F,F,F,F,F,F,F,F,F,F,F,F,F,F,F,F,F,F,F,F,F,F,F,F,F,F,F,F,F,F,F,F,W;W,F,F,F,F,F,F,F,F,F,F,F,F,dros,F,F,F,F,F,F,F,F,F,F,F,F,F,F,F,F,F,F,F,F,F,F,F,F,F,W;W,F,F,F,F,F,F,F,F,F,F,F,F,F,F,F,F,F,F,F,F,F,F,F,F,F,F,F,F,F,F,dbok,dsta2,dsta,F,F,F,F,F,W;W,F,F,F,F,F,F,F,F,F,F,F,F,F,F,F,F,F,F,F,F,F,F,F,F,F,F,F,F,F,F,F,daltb,damb,F,F,F,F,F,W;W,F,F,F,F,F,F,F,F,F,F,F,F,F,F,F,F,F,F,F,F,F,F,F,F,F,F,F,F,F,F,F,F,F,F,F,F,F,F,W;W,F,F,F,F,F,F,F,F,F,F,F,F,F,F,F,F,F,F,F,F,F,F,F,F,dcan,dbok,daltb,F,F,F,F,F,F,F,F,F,F,F,W;W,F,F,F,F,F,F,F,F,F,F,F,F,F,F,F,F,F,F,F,F,F,F,F,F,F,F,F,F,F,F,F,F,F,F,F,F,F,F,W;W,F,F,F,F,F,F,F,F,F,F,F,F,F,F,F,F,F,F,W,W,F,damb,dbok,F,F,F,F,F,F,F,F,F,F,F,F,F,F,F,W;W,F,F,F,F,F,F,F,F,F,F,F,F,F,F,F,F,F,F,W,W,F,dbok,dbok,F,F,F,F,F,F,F,F,F,F,F,F,F,F,F,W;W,F,F,F,F,F,F,F,F,F,F,F,F,F,F,F,F,F,F,F,F,F,F,F,F,F,F,F,F,F,F,F,F,F,F,F,F,F,F,W;W,F,F,F,F,F,F,F,F,F,F,F,F,F,F,F,F,F,F,F,F,F,F,F,F,F,F,F,F,F,F,F,F,F,F,F,F,F,F,W;W,daltb,F,F,F,F,mc5r4e2,F,F,F,F,F,F,F,F,F,F,F,F,F,mc5r4e2,F,F,F,F,F,F,F,F,F,F,F,mc5r4e2,F,F,F,F,daltb,F,W;W,dbok,daltb,F,F,F,F,F,F,F,F,F,F,F,F,F,F,F,F,F,F,F,F,F,F,F,F,F,F,F,F,F,F,F,F,F,F,damb,F,W;W,F,dcan2,dbok,F,F,F,F,F,F,F,F,F,F,F,F,F,F,F,F,F,F,F,F,F,F,F,F,F,F,F,F,F,F,F,F,F,F,F,W;W,F,F,F,F,F,F,F,F,F,F,F,F,F,F,F,F,F,F,F,F,F,F,F,F,F,F,F,F,F,F,F,F,F,dbok,dbok,F,F,F,W;W,F,F,F,F,F,F,F,F,F,F,F,F,F,F,F,F,F,F,F,F,F,F,F,F,F,F,F,F,F,F,F,F,F,F,F,F,F,F,W;W,dsta,dcan,dbok,F,dcan2,F,F,F,F,F,F,F,F,F,F,F,F,F,F,F,F,F,F,F,F,F,F,F,F,F,F,F,F,F,F,F,F,dped,W;W,W,W,W,W,W,W,W,W,W,W,W,W,W,W,W,W,W,W,W,DR5,W,W,W,W,W,W,W,W,W,W,W,W,W,W,W,W,W,W,W",0,0,Sacred,,2,4,1,
ch3_normal_sacred_17,Normal,40,40,"W,W,W,W,W,W,W,W,W,W,W,W,W,W,W,W,W,W,W,W,DR5,W,W,W,W,W,W,W,W,W,W,W,W,W,W,W,W,W,W,W;W,dsta2,dcan,dbok,F,F,F,F,F,F,F,F,F,F,F,F,F,F,F,F,F,F,F,F,F,F,F,F,F,F,F,daltb,damb,dbok,dbok,F,F,F,dcan2,W;W,dcan,dbok,F,F,F,F,F,F,F,F,F,F,F,F,F,F,F,F,F,F,F,F,F,F,F,F,F,F,F,F,F,F,F,F,F,F,F,damb,W;W,dbok,F,F,F,F,F,F,F,F,F,F,F,F,F,F,F,F,F,F,F,F,F,F,F,F,F,damb,F,F,F,F,F,F,F,F,F,F,dbok,W;W,F,F,F,F,F,F,F,F,F,F,F,F,F,F,F,F,F,F,F,F,F,F,F,F,F,F,F,F,F,F,F,F,F,F,F,F,F,F,W;W,F,F,F,F,F,F,F,F,F,F,F,F,F,F,F,F,F,F,F,F,F,F,F,F,F,F,F,F,F,F,F,F,F,F,F,F,F,F,W;W,F,F,F,dbok,F,W,W,W,F,F,F,F,F,F,F,F,F,F,F,F,F,F,F,F,F,F,F,F,F,W,W,W,F,F,F,F,F,F,W;W,F,F,F,F,F,W,W,W,dwcan,F,F,F,F,F,F,F,F,F,F,F,F,F,F,F,F,F,F,F,F,W,W,W,W,F,F,F,F,F,W;W,F,F,F,F,F,W,W,W,F,F,F,F,F,F,F,F,F,mc5r4e2,F,F,F,F,F,F,F,F,F,dcan2,dcan,W,W,W,F,F,F,F,F,F,W;W,F,F,F,F,F,F,F,F,F,F,F,F,F,F,F,F,F,F,F,F,F,F,F,F,F,F,F,F,dbok,dbok,F,F,F,F,F,F,F,F,W;W,F,F,F,F,F,F,F,F,F,F,F,F,F,F,F,F,F,F,F,F,F,F,F,F,F,F,F,F,F,dsta,F,F,F,F,F,F,F,F,W;W,F,F,F,F,F,F,F,F,F,F,F,F,F,F,F,F,F,F,F,F,F,F,F,F,F,F,F,F,F,F,F,dped,damb,F,F,F,F,F,W;W,F,F,F,F,F,F,F,F,F,F,F,mc5r4e2,F,F,F,F,F,F,F,F,F,F,F,F,F,mc5r4e2,F,F,F,F,F,damb,damb,damb,F,F,F,F,W;W,F,F,F,F,F,F,F,F,F,F,F,F,F,F,F,F,F,F,F,F,F,F,F,F,F,F,F,F,F,F,F,F,F,F,F,F,F,F,W;W,F,F,F,F,F,F,F,F,F,F,F,F,F,F,F,F,F,F,F,F,F,F,F,F,F,F,F,F,F,F,F,F,F,F,F,F,F,F,W;W,F,F,F,F,F,F,F,F,F,F,F,F,F,F,F,F,F,F,F,F,F,F,F,F,F,F,F,F,F,F,F,F,F,F,F,F,F,F,W;W,F,F,F,F,F,F,F,F,F,F,F,F,F,W,F,F,F,F,F,F,F,F,F,F,F,F,F,F,F,F,F,F,F,F,F,F,F,F,W;W,F,F,F,F,F,F,F,F,F,F,F,F,W,W,W,F,F,F,F,F,F,W,W,W,F,F,F,F,F,F,F,F,F,F,F,F,F,F,W;W,F,F,F,F,F,mc5r4e2,F,F,F,F,F,F,W,W,W,F,dsta,F,F,F,F,W,W,W,dwin,F,F,F,F,mc5r4e2,F,F,F,F,F,F,F,F,W;W,F,F,F,F,F,F,F,F,F,F,F,F,W,W,W,F,dped,F,F,F,F,W,W,W,F,F,F,F,F,F,F,F,F,F,F,F,F,F,W;W,F,F,F,F,F,F,F,F,F,F,F,F,F,F,F,F,F,F,F,P,F,F,F,F,F,F,F,F,F,F,F,F,F,F,F,F,F,F,DR5;W,F,F,F,F,F,F,F,F,F,F,F,F,F,F,F,F,F,F,F,F,F,F,F,F,F,F,F,F,F,F,F,F,F,F,F,F,F,F,W;W,F,F,F,F,F,F,F,F,F,F,F,F,F,F,F,F,F,F,F,F,F,F,F,F,F,F,F,F,F,F,F,F,F,F,F,F,F,F,W;W,F,F,F,F,F,F,F,F,F,F,F,F,F,F,F,F,F,F,F,F,F,F,F,F,F,F,F,F,F,F,F,F,F,F,F,F,F,F,W;W,F,F,F,F,F,F,F,F,F,F,F,F,F,F,F,F,F,F,F,F,F,F,F,F,F,F,F,F,F,F,F,F,F,F,F,F,F,F,W;W,F,F,F,F,F,F,F,F,F,F,F,F,F,F,F,F,F,F,F,F,F,F,F,F,F,F,F,F,F,F,F,F,F,F,F,F,F,F,W;W,F,F,F,F,F,F,F,F,F,F,F,mc5r4e2,F,F,dbok,F,F,F,F,F,F,F,F,F,F,mc5r4e2,F,F,F,F,F,F,F,F,F,F,F,F,W;W,F,F,F,F,F,F,F,F,F,F,F,F,F,F,dbok,F,F,F,F,F,F,F,F,F,F,F,F,F,F,F,F,F,F,F,F,F,F,F,W;W,F,F,F,F,F,F,W,F,F,F,F,F,F,F,dcan,F,F,mc5r4e2,F,F,F,F,F,F,F,F,F,F,F,F,F,F,F,F,F,F,F,F,W;W,F,F,F,F,F,W,W,W,F,F,F,F,F,F,F,F,F,F,F,F,F,F,F,F,F,F,F,W,W,W,F,F,F,F,F,F,F,F,W;W,F,F,F,F,F,W,W,W,F,F,F,F,F,F,F,F,F,F,F,F,F,F,F,F,F,F,F,W,W,W,F,F,F,F,F,F,F,F,W;W,F,damb,F,F,damb,W,W,W,F,F,F,F,F,F,F,F,F,F,F,F,F,F,F,F,F,F,F,W,W,W,F,F,F,F,F,F,F,F,W;W,dsta,daltb,F,F,daltb,F,F,dwin,F,F,F,F,F,dped,dcan,F,F,F,F,F,F,F,F,F,F,F,F,F,F,F,F,F,F,F,F,F,F,F,W;W,F,daltb,F,F,F,F,F,F,F,F,F,F,F,F,F,F,F,F,F,F,F,F,F,F,F,F,F,F,F,F,F,F,F,F,F,F,F,F,W;W,F,daltb,F,F,dbok,dsta2,F,F,F,F,F,F,F,F,F,F,F,F,F,F,F,F,F,F,F,F,F,F,F,F,F,F,F,F,F,dbok,damb,dbok,W;W,F,F,F,F,F,F,F,F,F,F,F,F,F,F,F,F,F,F,F,F,F,F,F,F,F,F,F,F,F,F,F,F,F,F,F,F,dcan,dped,W;W,F,F,F,F,F,F,F,F,F,F,F,F,F,F,F,F,F,F,F,F,F,F,F,F,F,F,F,F,F,F,F,F,F,F,F,F,F,F,W;W,F,F,F,F,F,F,F,F,F,F,F,F,F,F,F,F,F,F,F,F,F,F,F,F,dcan2,dbok,F,F,F,F,F,F,F,F,F,F,F,F,W;W,F,F,F,F,F,F,F,F,F,F,F,F,F,F,F,F,F,F,F,F,F,F,F,F,F,F,F,dwin,F,F,F,F,F,F,F,F,F,F,W;W,W,W,W,W,W,W,W,W,W,W,W,W,W,W,W,W,W,W,W,DR5,W,W,W,W,W,W,W,W,W,W,W,W,W,W,W,W,W,W,W",0,0,Sacred,,2,4,1,
ch3_elite_sacred_02,Elite,40,45,"W,W,W,W,W,W,W,W,W,W,W,W,W,W,W,W,W,W,W,W,DR5,W,W,W,W,W,W,W,W,W,W,W,W,W,W,W,W,W,W,W;W,F,F,F,F,F,F,F,F,F,F,F,F,F,F,F,dped,dped,F,F,F,F,F,F,F,F,F,F,F,F,F,F,F,F,dros,F,F,F,F,W;W,F,W,W,F,F,F,F,F,F,F,F,F,daltb,F,F,daltb,dcan,F,F,F,F,F,F,F,F,F,F,F,F,F,F,F,F,F,W,W,F,F,W;W,F,W,W,F,F,F,F,F,F,F,F,F,F,F,F,F,F,F,F,F,F,F,F,F,F,F,damb,F,F,F,F,F,F,F,W,W,F,F,W;W,F,F,F,F,F,F,F,F,F,F,F,F,F,F,F,F,F,F,F,F,F,F,F,F,F,F,dsta2,dsta2,F,F,F,F,F,F,F,F,F,F,W;W,F,F,F,F,F,F,F,F,F,F,F,F,F,F,F,F,dbok,F,F,F,F,F,F,F,F,F,F,F,F,F,F,F,F,F,F,F,F,F,W;W,F,F,F,F,F,F,F,F,F,F,F,F,F,F,dbok,F,F,F,F,F,F,F,F,F,F,F,F,F,F,F,F,F,F,F,F,F,F,F,W;W,dbok,dbok,dbok,F,F,F,F,F,F,Me4r3,F,F,F,F,dbok,F,F,F,F,F,F,F,F,F,F,W,F,Me4r3,F,F,F,F,F,F,F,F,F,F,W;W,F,dped,F,F,F,F,dsta2,W,W,W,W,F,F,F,dbok,F,F,F,F,F,F,F,F,F,F,W,W,W,W,F,F,F,F,F,F,F,F,F,W;W,F,dbok,F,F,F,F,damb,W,W,W,W,F,F,F,daltb,F,F,F,F,F,F,F,F,dbok,daltb,W,W,W,W,F,F,F,F,F,F,F,F,F,W;W,F,F,F,F,F,F,W,W,W,W,W,F,F,F,F,F,F,F,F,F,F,F,F,F,F,W,W,W,W,F,F,F,F,F,F,F,F,F,W;W,F,F,F,F,F,F,F,W,W,W,W,F,dcan,dbok,F,F,F,F,F,F,F,F,F,F,dbok,W,W,W,W,F,F,F,F,F,F,F,F,F,W;W,F,F,F,F,F,F,F,F,F,F,dbok,F,F,F,F,F,F,F,F,F,F,F,F,F,dbok,F,F,F,F,F,F,F,F,F,F,F,F,F,W;W,F,F,F,F,F,F,F,F,F,dped,dcan,F,F,F,F,F,F,F,F,F,F,F,F,F,damb,F,F,F,F,dbok,daltb,F,F,F,F,F,F,F,W;W,F,F,F,F,F,F,F,F,F,F,dbok,F,F,F,F,F,F,F,F,F,F,F,F,F,F,F,F,F,F,dbok,F,F,F,F,F,F,F,F,W;W,F,F,F,F,F,F,F,F,F,F,F,F,F,F,F,F,F,F,F,F,F,F,F,F,F,F,F,F,F,F,F,F,F,F,F,F,F,F,W;W,F,F,F,F,F,F,F,F,F,F,F,dcan,damb,F,F,F,F,F,F,F,F,F,F,F,F,F,F,F,F,F,F,F,F,F,F,F,F,F,W;W,F,F,F,F,F,F,F,F,F,F,F,F,F,F,F,F,F,F,F,F,F,F,F,F,F,F,F,F,F,F,F,F,F,F,F,F,F,F,W;W,F,F,F,F,F,F,F,F,F,F,F,F,F,F,F,F,F,F,F,mc3r3,F,F,F,F,F,F,F,F,F,F,F,F,F,F,F,F,F,F,W;W,F,F,F,F,F,F,F,F,F,F,F,F,F,F,F,F,F,F,F,F,F,F,F,F,F,F,F,F,F,F,F,F,F,F,F,F,F,F,W;W,F,F,F,F,F,F,F,F,F,F,F,F,F,F,F,F,F,F,F,F,F,F,F,F,F,F,F,F,F,F,F,F,F,F,F,F,F,F,W;W,F,F,F,F,F,F,F,F,F,F,F,F,F,F,F,F,F,F,F,F,F,F,F,F,F,F,F,F,F,F,F,F,F,F,F,F,F,F,W;W,F,F,F,F,F,F,F,F,F,F,F,F,F,F,F,F,F,F,F,F,F,F,F,F,F,F,F,F,F,F,F,F,F,F,F,F,F,F,DR5;W,F,F,F,F,F,F,F,mc3r3,F,F,F,F,F,F,F,F,F,F,F,F,F,F,F,F,F,F,F,F,F,mc3r3,F,F,F,F,F,F,F,F,W;W,F,F,F,F,F,F,F,F,F,F,F,F,F,F,F,F,F,F,F,F,F,F,F,F,F,F,F,F,F,F,F,F,F,F,F,F,F,F,W;W,F,F,F,F,F,F,F,F,F,F,F,F,F,F,F,F,F,F,F,F,F,F,F,F,F,F,F,F,F,F,F,F,F,F,F,F,F,F,W;W,F,F,F,F,F,F,F,F,F,F,F,F,F,F,F,F,F,F,F,F,F,F,F,F,F,F,F,F,F,F,F,F,F,F,F,F,F,F,W;W,F,F,F,F,F,F,F,F,F,F,F,F,F,F,F,F,F,F,F,F,F,F,F,F,F,F,F,F,F,F,F,F,F,F,F,F,F,F,W;W,F,F,F,F,F,F,F,F,F,F,F,F,F,F,F,F,F,F,F,mc3r3,F,F,F,F,F,F,F,F,F,F,F,F,F,F,F,F,F,F,W;W,F,F,F,F,F,F,F,F,F,F,F,F,F,F,F,F,F,F,F,F,F,F,F,F,F,F,F,F,F,F,F,F,F,F,F,F,F,F,W;W,F,F,F,F,F,F,F,F,F,F,F,F,F,F,F,F,F,F,F,F,F,F,F,F,F,F,F,F,F,F,F,F,F,F,dbok,F,F,F,W;W,F,F,F,F,F,F,F,F,F,F,F,F,F,F,dwin,F,F,F,F,F,F,F,F,F,dwin,F,F,F,F,dbok,F,F,F,dbok,dbok,F,F,F,W;W,F,F,F,F,F,F,F,F,F,F,F,F,F,F,F,F,F,F,F,F,F,F,F,F,F,F,F,F,F,F,F,F,F,F,F,F,F,F,W;W,F,F,F,F,F,F,F,F,F,F,F,F,F,F,F,F,F,F,F,P,F,F,F,F,F,F,F,F,F,F,F,F,F,F,F,F,F,F,W;W,F,F,F,F,F,F,F,F,F,F,F,F,F,F,F,F,F,F,F,F,F,F,F,F,F,F,F,F,F,F,F,F,F,F,F,F,F,F,W;W,F,F,F,F,F,F,dcan2,F,F,F,F,F,F,F,F,F,F,F,F,F,F,F,F,F,F,F,F,F,F,F,F,F,F,F,F,F,F,F,W;W,F,F,F,F,F,F,F,F,F,F,F,F,F,F,F,F,F,F,F,F,F,F,F,F,F,F,damb,F,F,F,F,F,F,F,F,F,F,F,W;W,F,F,F,F,F,F,F,F,F,F,F,F,F,F,F,F,F,F,F,F,F,F,F,F,F,F,dbok,F,F,F,F,F,F,F,F,F,F,F,W;W,F,F,F,F,F,F,F,F,F,F,F,F,F,F,F,F,F,F,F,F,F,F,F,F,F,F,F,F,F,F,F,F,dbok,F,F,F,F,F,W;W,F,F,F,F,F,F,F,F,F,F,F,F,F,F,F,F,F,F,F,F,F,F,F,F,F,F,F,F,F,dbok,F,dcan,damb,F,F,F,F,F,W;W,F,F,F,F,F,F,F,F,F,F,F,F,F,F,F,F,F,F,F,F,F,F,F,F,dwin,F,F,F,F,F,F,F,F,F,dwin,F,F,F,W;W,F,W,W,F,F,F,F,F,F,F,F,F,F,F,F,F,F,F,F,F,F,F,F,F,F,F,F,F,F,F,F,F,F,F,W,W,F,F,W;W,F,W,W,F,F,F,F,F,F,F,F,F,F,F,F,F,F,F,F,F,F,F,F,F,F,F,F,F,F,F,F,F,F,F,W,W,F,F,W;W,dros,F,F,F,F,F,F,F,F,F,F,F,F,F,F,F,F,F,F,F,F,F,F,F,F,F,F,F,F,F,F,F,F,F,F,F,F,F,W;W,W,W,W,W,W,W,W,W,W,W,W,W,W,W,W,W,W,W,W,DR5,W,W,W,W,W,W,W,W,W,W,W,W,W,W,W,W,W,W,W",0,0,Sacred,,2.6,5,1,
ch3_normal_sacred_18,Normal,40,40,"W,W,W,W,W,W,W,W,W,W,W,W,W,W,W,W,W,W,W,W,DR5,W,W,W,W,W,W,W,W,W,W,W,W,W,W,W,W,W,W,W;W,F,dwcan,F,F,F,F,F,F,F,F,F,F,F,F,F,F,F,F,F,F,F,F,F,F,F,dsta2,dcan2,dsta2,F,F,F,F,F,F,F,F,F,F,W;W,F,F,F,F,F,F,F,F,F,F,F,F,F,F,F,F,F,F,F,F,F,F,F,F,F,F,dsta,F,F,F,F,F,F,F,F,F,F,F,W;W,F,F,F,F,F,F,F,F,F,F,F,F,F,F,F,F,F,F,F,F,F,F,F,F,F,F,F,F,F,F,F,F,F,F,F,F,F,F,W;W,F,F,F,F,F,F,F,F,F,F,F,F,F,F,F,F,F,F,F,F,F,F,F,F,F,F,F,F,F,F,F,F,F,F,F,F,F,F,W;W,F,F,F,F,F,F,F,F,F,F,F,F,F,F,F,F,F,F,F,F,F,F,F,F,F,F,F,F,F,F,F,F,F,F,F,F,F,F,W;W,F,F,F,F,F,F,F,F,F,F,F,F,F,F,F,F,F,F,F,F,F,F,F,F,F,F,F,F,F,F,F,F,F,F,F,F,F,damb,W;W,F,F,F,F,F,F,F,F,F,F,F,F,F,F,F,F,F,F,F,F,F,F,F,F,F,F,F,F,F,F,F,F,F,F,F,F,F,dcan,W;W,F,F,F,F,F,F,F,mc5r4e2,F,F,F,F,F,F,F,F,F,F,F,mc5r4e2,F,F,F,F,F,F,dbok,F,F,F,F,mc5r4e2,F,F,F,F,F,F,W;W,F,F,F,F,F,F,F,F,F,F,F,F,F,F,F,F,F,F,F,F,F,F,F,F,F,F,dbok,dbok,F,F,F,F,F,F,F,F,F,F,W;W,F,F,F,F,F,F,F,F,F,F,F,F,F,F,F,F,F,F,F,F,F,F,F,F,F,F,dped,F,F,F,F,F,F,F,F,F,F,F,W;W,F,F,F,F,F,F,F,F,F,F,F,F,F,F,F,F,F,F,F,F,F,F,F,F,F,F,F,F,F,F,F,F,F,F,F,F,F,F,W;W,F,F,F,F,F,F,F,F,F,F,F,F,F,F,F,F,F,F,F,F,F,F,F,F,F,F,F,F,F,F,F,F,F,F,F,F,F,F,W;W,F,F,dwin,F,F,F,W,F,F,F,F,F,F,W,F,F,F,F,F,F,F,F,F,F,F,W,F,F,F,F,F,F,W,F,F,F,F,F,W;W,F,W,W,W,W,W,W,W,W,W,W,W,W,W,W,F,F,F,F,W,W,W,W,W,W,W,W,W,W,W,W,W,W,W,W,F,F,F,W;W,F,W,W,W,W,W,W,W,W,W,W,W,W,W,W,F,F,F,F,W,W,W,W,W,W,W,W,W,W,W,W,W,W,W,W,F,F,F,W;W,F,F,F,F,F,dsta2,W,dbok,F,F,F,F,F,W,F,F,F,F,F,F,F,F,F,F,F,W,F,F,F,F,F,F,W,F,F,F,F,F,W;W,F,F,F,F,F,daltb,dbok,F,F,F,F,F,F,F,F,F,F,F,F,F,F,F,F,F,F,dwin,F,F,F,F,F,F,F,F,F,F,F,F,W;W,F,F,F,F,F,F,F,F,F,F,F,F,F,F,F,F,F,F,F,F,F,F,F,F,F,F,F,F,F,F,F,F,F,F,F,F,F,F,W;W,F,F,F,F,F,F,F,F,F,F,F,F,F,F,F,F,F,F,F,F,F,F,F,F,F,F,F,F,F,F,F,F,F,F,F,F,F,F,W;W,F,F,F,F,F,F,F,mc5r4e2,F,F,F,F,F,F,F,dbok,F,F,F,P,F,F,F,F,daltb,F,F,F,F,F,F,mc5r4e2,F,F,F,F,F,F,DR5;W,F,F,F,F,F,F,F,F,F,F,F,F,F,F,dbok,F,F,F,F,F,F,F,F,F,dsta2,dwcan,F,dbok,F,F,F,F,F,F,F,F,F,F,W;W,F,F,F,F,F,F,F,F,F,F,F,dsta2,dbok,F,F,F,F,F,F,F,F,F,F,daltb,dbok,F,F,dbok,F,F,F,F,F,F,F,F,F,F,W;W,F,F,F,F,F,F,F,F,F,F,F,dbok,dsta2,dbok,F,F,F,F,F,F,F,F,F,F,F,F,F,F,F,F,F,F,F,F,F,F,F,F,W;W,F,F,F,F,F,F,F,F,F,F,F,dbok,F,F,F,F,F,F,F,F,F,F,F,F,F,F,F,F,F,F,F,F,F,F,F,F,F,F,W;W,F,F,F,F,F,F,F,F,F,F,dbok,dsta,F,F,F,F,F,F,F,F,F,F,F,F,F,F,F,F,F,F,F,F,F,F,F,F,F,F,W;W,F,F,F,F,F,F,F,F,F,F,F,F,F,F,F,F,F,F,F,F,F,F,F,F,F,F,F,F,F,F,F,F,F,F,F,F,F,F,W;W,F,F,F,F,F,F,F,F,F,F,F,F,F,F,F,F,F,F,F,F,F,F,F,F,F,F,F,F,F,F,F,F,F,F,F,F,F,F,W;W,F,F,F,F,F,F,F,F,F,F,F,F,F,F,F,F,F,F,F,F,F,F,F,F,F,F,F,F,F,F,F,F,F,F,F,F,F,F,W;W,F,F,F,F,F,F,F,F,F,F,F,F,F,F,F,F,F,F,F,F,F,F,F,F,F,F,F,F,F,F,F,F,F,F,F,F,F,F,W;W,dbok,dbok,dbok,F,F,F,F,mc5r4e2,F,F,F,F,F,F,F,F,F,F,F,mc5r4e2,F,F,F,F,F,F,F,F,F,F,F,mc5r4e2,F,F,F,F,F,F,W;W,dwcan,F,F,F,F,F,F,F,F,F,F,F,F,F,F,F,F,F,F,F,F,F,F,F,F,F,F,F,F,F,F,F,F,F,F,F,F,F,W;W,F,F,F,F,F,F,F,F,F,F,F,F,F,F,F,F,F,F,F,F,F,F,F,F,F,F,F,F,F,F,F,F,F,F,F,F,F,F,W;W,F,F,F,F,F,F,F,F,F,F,F,F,F,F,F,F,F,F,F,F,F,F,F,F,F,F,F,F,F,F,F,F,F,F,F,F,F,F,W;W,F,F,F,F,F,F,F,F,F,F,F,F,F,F,F,F,F,F,F,F,F,F,F,F,F,F,F,F,F,F,F,F,F,F,F,F,F,F,W;W,F,F,F,F,F,F,F,F,F,F,F,F,damb,F,F,F,F,F,F,F,F,F,F,F,F,F,F,F,F,F,F,F,F,F,F,F,F,F,W;W,F,dsta2,F,F,F,F,F,F,F,F,F,F,dbok,dcan,F,F,F,F,F,F,F,F,F,F,F,F,F,F,F,F,F,F,F,F,F,F,F,F,W;W,dcan2,dsta,F,F,F,F,F,F,F,F,F,F,dcan2,F,F,F,F,F,F,F,F,F,F,F,F,F,F,F,F,F,F,F,F,F,F,F,F,F,W;W,dsta2,F,F,F,F,F,F,F,F,F,F,F,F,F,F,F,F,F,F,F,F,F,F,F,F,F,F,F,F,F,F,F,F,F,F,F,F,F,W;W,W,W,W,W,W,W,W,W,W,W,W,W,W,W,W,W,W,W,W,DR5,W,W,W,W,W,W,W,W,W,W,W,W,W,W,W,W,W,W,W",0,0,Sacred,,2.2,4,1,
ch3_normal_sacred_19,Normal,40,40,"W,W,W,W,W,W,W,W,W,W,W,W,W,W,W,W,W,W,W,W,DR5,W,W,W,W,W,W,W,W,W,W,W,W,W,W,W,W,W,W,W;W,F,F,F,F,F,F,F,F,F,F,F,F,F,F,F,dros,F,F,F,F,F,F,dped,dbok,F,F,F,F,F,F,F,F,F,F,F,F,F,dped,W;W,F,W,W,W,F,F,F,F,F,F,F,F,F,F,F,F,F,F,F,F,F,F,F,dbok,dcan2,F,F,F,F,F,F,F,F,W,W,W,F,dcan,W;W,F,W,W,W,F,F,F,F,F,F,F,F,F,F,F,F,F,F,F,F,F,F,F,F,damb,F,F,F,F,F,F,F,dsta2,W,W,W,F,dbok,W;W,F,W,W,W,F,F,F,F,F,F,F,F,F,F,F,F,F,F,F,F,F,F,F,F,F,F,F,F,F,F,F,F,W,W,W,W,F,F,W;W,F,F,F,F,F,F,F,dcan2,F,F,F,F,F,F,F,F,F,F,F,F,F,F,F,F,F,F,F,F,F,F,F,F,dbok,F,F,F,F,F,W;W,F,F,F,F,F,F,F,F,F,F,F,F,F,F,F,F,F,F,F,F,F,F,F,F,F,F,F,F,F,F,F,F,F,F,F,F,F,F,W;W,F,F,F,F,F,F,F,F,F,F,F,F,F,F,F,F,F,F,F,F,F,F,F,F,F,F,F,F,F,F,F,F,F,F,F,F,F,F,W;W,F,F,F,F,F,F,F,mc5r4e2,F,F,F,F,F,F,F,F,F,F,F,mc5r4e2,F,F,F,F,F,F,F,F,F,mc5r4e2,F,F,F,F,F,F,F,F,W;W,F,F,F,F,F,F,F,F,F,F,F,F,F,F,F,F,F,F,F,F,F,F,F,F,F,dwcan,F,F,F,F,F,F,damb,F,F,F,F,F,W;W,F,F,F,F,F,F,F,F,F,F,F,F,F,F,F,F,F,F,F,F,F,F,F,F,F,F,F,F,F,F,F,F,F,F,F,F,F,dcan,W;W,F,F,F,F,F,F,F,F,F,F,F,F,F,F,F,F,F,F,F,F,F,F,F,F,F,F,F,F,F,F,F,F,F,F,F,F,dbok,dsta,W;W,F,F,F,F,dbok,F,F,F,F,F,F,F,F,F,F,F,F,F,F,F,F,F,F,F,F,F,F,F,F,F,F,F,F,F,F,F,dcan,dcan2,W;W,F,F,F,F,dcan2,F,F,F,F,F,F,F,F,F,F,F,F,F,F,F,F,F,F,F,F,F,F,F,F,F,F,F,F,F,F,F,F,F,W;W,F,F,F,F,F,F,F,dbok,F,dbok,F,F,dbok,F,F,F,F,F,F,F,F,F,F,F,F,F,F,F,F,F,F,F,F,F,F,F,F,F,W;W,F,F,F,F,F,damb,F,daltb,F,F,F,F,F,F,F,F,F,F,F,F,F,F,F,F,F,F,F,F,F,F,F,F,F,F,F,F,F,F,W;W,F,F,F,F,F,F,F,F,F,F,F,F,F,F,F,F,F,F,F,F,F,F,F,F,F,F,F,F,F,F,F,F,F,F,F,F,F,F,W;W,F,F,F,F,F,F,F,F,F,F,F,F,F,F,F,F,F,F,F,F,F,F,F,F,F,F,F,F,F,F,F,F,F,F,F,F,F,F,W;W,F,W,W,F,F,F,F,F,F,F,F,F,F,F,F,F,F,F,F,F,F,F,F,F,F,F,F,F,F,F,F,F,F,F,W,W,F,F,W;W,F,W,W,F,F,F,F,F,F,F,F,F,F,F,F,F,F,F,F,F,F,F,F,F,F,F,F,F,F,F,F,F,F,F,W,W,F,F,W;W,F,W,W,F,F,mc5r4e2,F,F,F,F,F,F,F,F,F,F,F,F,F,P,F,F,F,F,F,F,F,F,F,F,F,mc5r4e2,F,F,W,W,F,F,DR5;W,F,F,F,F,F,F,F,F,F,F,F,F,F,F,F,F,F,F,F,F,F,F,F,F,F,F,F,F,F,F,F,F,F,F,F,F,F,F,W;W,dwcan,F,F,F,F,F,F,F,F,F,F,F,F,F,F,F,F,F,F,F,F,F,F,F,F,F,F,F,F,F,F,F,F,F,damb,F,F,F,W;W,F,F,F,F,F,F,F,F,F,F,F,F,F,F,F,F,F,F,F,F,F,F,F,F,F,F,F,F,F,F,F,F,F,F,F,dbok,F,F,W;W,F,F,F,F,F,F,F,F,F,F,F,F,F,F,F,F,F,F,F,F,F,F,F,F,F,F,F,F,F,F,F,F,F,F,F,dbok,F,F,W;W,F,F,F,F,F,F,F,F,F,F,F,F,F,F,F,F,F,F,F,F,F,F,F,F,F,F,F,F,F,F,F,F,F,F,F,F,F,F,W;W,F,F,F,F,F,F,F,F,F,F,F,F,F,F,F,F,F,F,F,F,F,F,F,F,F,F,F,F,F,F,F,F,F,F,F,F,F,F,W;W,F,F,dbok,F,F,F,F,F,F,F,F,F,F,F,dbok,F,F,F,F,F,F,F,F,F,F,F,F,F,F,F,F,F,F,F,F,F,F,F,W;W,dcan,dbok,dbok,F,F,F,F,F,F,F,F,F,F,F,daltb,dcan2,F,F,F,F,F,F,F,F,F,F,F,F,F,F,F,F,F,F,F,F,F,F,W;W,F,F,F,F,F,F,F,F,F,F,F,F,F,F,F,F,F,F,F,F,F,F,F,F,F,F,F,F,F,F,F,F,F,F,F,F,F,F,W;W,F,F,F,F,F,F,F,mc5r4e2,F,F,F,F,F,F,F,F,F,F,F,mc5r4e2,F,F,F,F,damb,dped,F,F,F,mc5r4e2,F,F,F,F,F,F,F,F,W;W,F,F,F,F,F,F,F,F,F,F,F,F,F,F,F,F,F,F,F,F,F,F,F,F,F,F,F,F,F,F,F,F,F,F,F,F,F,F,W;W,F,F,F,F,F,F,F,F,F,F,F,F,F,F,F,F,F,F,F,F,F,F,F,F,F,F,F,F,F,F,F,F,F,F,F,F,F,F,W;W,F,F,F,F,F,F,F,F,F,F,F,F,F,dbok,dbok,F,F,F,F,F,F,F,F,F,F,F,F,F,F,F,F,F,F,F,F,F,F,F,W;W,F,W,W,W,F,F,F,F,F,F,F,F,F,F,dbok,F,F,F,F,F,F,F,F,F,F,F,F,F,F,F,F,F,W,W,W,W,F,F,W;W,F,W,W,W,F,F,F,F,F,F,F,F,F,dcan2,dbok,F,F,F,F,F,F,F,F,F,F,F,F,F,F,F,F,F,F,W,W,W,F,F,W;W,F,W,W,W,F,F,F,F,F,F,F,F,F,F,F,F,F,F,F,F,F,F,F,F,F,F,F,F,F,F,F,F,F,W,W,W,F,F,W;W,F,F,F,F,F,F,F,F,F,F,F,F,F,F,F,F,F,F,F,F,F,F,F,F,F,F,F,F,F,F,F,F,F,F,F,F,F,F,W;W,F,F,F,F,F,F,F,F,F,F,F,F,F,F,F,F,F,F,F,F,F,F,F,dbok,daltb,F,F,F,F,F,F,F,F,F,F,F,F,F,W;W,W,W,W,W,W,W,W,W,W,W,W,W,W,W,W,W,W,W,W,DR5,W,W,W,W,W,W,W,W,W,W,W,W,W,W,W,W,W,W,W",0,0,Sacred,,2.2,4,1,
ch3_normal_sacred_20,Normal,40,40,"W,W,W,W,W,W,W,W,W,W,W,W,W,W,W,W,W,W,W,W,DR5,W,W,W,W,W,W,W,W,W,W,W,W,W,W,W,W,W,W,W;W,F,F,F,F,F,F,F,F,F,F,F,F,F,F,F,dbok,F,F,F,F,F,F,F,F,F,F,F,F,F,F,dwcan,F,F,F,F,dwin,F,F,W;W,F,F,F,F,F,F,F,F,F,F,F,F,F,F,F,dsta,F,F,F,F,F,F,F,damb,daltb,dbok,F,F,F,F,F,F,F,F,F,F,F,F,W;W,F,F,F,F,F,F,F,W,W,F,F,F,F,F,F,dbok,F,F,F,F,F,F,F,F,F,F,F,F,F,F,F,F,F,F,F,F,F,F,W;W,F,F,F,F,damb,dbok,F,F,F,F,F,F,F,F,F,F,F,F,F,F,F,F,F,F,F,F,F,F,F,F,F,F,F,F,dsta2,F,F,F,W;W,F,F,F,F,F,F,F,F,F,F,F,F,F,F,F,F,F,F,F,F,F,F,F,F,F,F,F,F,F,F,F,F,F,F,F,F,F,F,W;W,F,F,F,F,F,F,F,F,F,F,F,F,F,F,W,F,F,F,F,F,F,F,F,F,F,F,F,F,F,F,F,F,F,F,F,F,F,F,W;W,F,F,F,F,F,F,mc5r4e2,F,F,F,F,F,F,W,W,F,F,F,F,mc5r4e2,F,F,F,F,F,F,F,F,F,F,mc5r4e2,F,F,F,F,F,F,F,W;W,F,F,F,F,F,F,F,F,F,F,F,F,F,F,F,F,F,F,F,F,F,F,F,F,F,F,F,F,F,F,F,F,F,F,F,F,F,F,W;W,F,F,F,F,W,W,F,F,F,F,F,F,F,F,F,F,F,F,F,F,F,F,F,F,F,F,F,F,F,F,F,F,F,F,F,F,F,F,W;W,F,F,F,F,W,W,W,F,F,F,F,F,F,F,F,F,F,F,F,F,F,F,F,F,F,F,dbok,dped,F,F,F,F,F,F,F,F,F,F,W;W,F,F,F,F,F,F,F,F,F,F,F,F,F,F,F,F,F,F,F,F,F,F,W,W,W,dcan2,damb,dbok,F,F,F,F,F,F,F,F,F,F,W;W,F,F,F,F,F,dbok,F,F,F,F,F,F,F,F,F,F,F,F,F,F,F,F,F,F,F,F,F,F,F,F,F,F,F,F,F,F,F,F,W;W,dbok,F,F,F,F,daltb,F,F,F,F,dbok,dbok,F,F,F,F,F,F,F,F,F,F,F,F,F,F,F,F,F,F,F,F,F,F,F,F,F,F,W;W,daltb,F,F,F,F,daltb,F,F,F,F,F,F,F,dcan2,dsta2,F,F,F,F,F,F,F,F,F,F,F,F,F,F,F,F,F,F,F,F,F,F,F,W;W,F,F,F,F,F,F,F,F,F,F,F,F,F,dbok,F,F,F,F,F,F,F,F,F,F,F,F,F,F,F,F,F,F,F,F,F,F,F,F,W;W,F,F,F,F,dbok,F,F,F,F,F,F,F,F,F,F,F,F,F,F,F,F,F,F,F,F,F,F,F,F,F,F,F,F,F,F,F,F,F,W;W,F,F,F,F,dbok,F,F,F,F,daltb,F,F,F,F,F,F,F,F,F,F,F,F,F,F,F,F,F,F,F,F,F,F,F,F,F,F,F,F,W;W,F,F,F,F,F,F,F,F,F,W,W,F,F,F,F,F,F,F,F,F,F,F,F,F,F,F,F,F,F,F,F,F,F,F,F,F,F,F,W;W,F,F,F,F,F,F,F,F,F,W,W,F,F,F,F,F,F,F,F,F,F,F,F,F,F,F,F,F,F,F,F,F,F,F,F,F,F,F,W;W,F,F,F,F,F,F,mc5r4e2,F,F,F,F,F,F,F,F,F,F,F,F,P,F,F,F,F,F,F,F,W,W,F,mc5r4e2,F,F,F,F,F,F,F,DR5;W,F,F,F,F,F,F,F,F,F,F,F,F,F,F,F,F,F,F,F,F,F,F,F,F,F,F,F,W,W,F,F,F,F,F,F,F,F,F,W;W,F,F,F,F,F,F,F,F,F,F,F,F,F,F,F,F,F,F,F,F,F,F,F,F,F,F,F,F,F,F,F,F,F,F,F,F,F,F,W;W,F,F,F,F,F,F,F,F,F,F,F,F,F,F,F,F,F,F,F,F,F,F,F,F,F,damb,F,F,F,F,F,F,F,F,F,F,F,F,W;W,F,F,F,F,F,F,F,F,F,F,F,F,F,dped,W,W,F,dbok,F,F,F,F,F,F,dbok,damb,F,F,F,F,F,F,F,F,F,F,F,F,W;W,F,F,F,F,F,F,F,F,F,F,F,F,F,F,dbok,F,dbok,F,F,F,F,F,F,dcan2,damb,F,F,F,F,F,F,F,F,F,F,F,F,F,W;W,F,F,F,F,F,F,F,F,F,F,F,F,F,dbok,F,F,F,F,dbok,F,F,F,F,F,F,F,F,F,F,F,F,F,F,F,F,F,F,F,W;W,F,F,F,F,F,F,F,F,F,F,F,F,F,F,F,F,F,F,F,F,F,W,F,F,F,F,F,F,F,F,F,F,F,F,F,F,F,F,W;W,F,F,F,F,F,F,F,F,F,F,F,F,F,F,F,F,F,F,F,F,F,W,F,F,F,F,F,F,F,F,F,F,F,F,F,F,F,dcan2,W;W,F,F,F,F,F,F,F,F,F,F,F,F,F,F,F,F,F,F,F,F,F,F,F,F,F,F,F,F,F,F,F,F,F,F,F,F,F,daltb,W;W,F,F,F,F,F,F,F,F,F,F,F,F,F,F,F,F,F,F,F,F,F,F,F,F,F,F,F,F,F,F,F,F,F,F,F,F,F,dbok,W;W,dros,F,F,F,F,F,mc5r4e2,W,W,F,F,F,F,F,F,F,F,F,F,mc5r4e2,F,F,F,F,F,W,W,F,F,F,mc5r4e2,F,F,F,F,F,F,dsta2,W;W,F,F,F,F,F,F,F,W,W,F,F,F,F,F,F,F,F,F,F,F,F,F,F,F,F,W,W,F,F,F,F,F,F,F,F,F,F,dcan,W;W,F,F,F,F,F,F,F,F,F,F,F,F,F,F,F,F,F,F,F,F,F,F,F,F,F,F,F,F,F,F,F,F,F,F,F,F,F,dbok,W;W,F,F,F,F,F,F,F,dbok,F,F,F,F,F,F,F,F,F,F,F,F,F,F,F,F,F,F,F,F,F,F,F,F,F,F,F,F,F,F,W;W,dwcan,F,F,F,F,F,dcan2,dbok,F,F,F,F,F,F,F,F,F,F,F,F,F,F,F,F,dcan2,F,F,F,F,F,F,F,F,F,F,F,F,F,W;W,F,F,F,F,F,F,F,F,F,F,F,F,F,dcan,dbok,F,F,F,F,F,F,dbok,F,dbok,F,F,F,F,F,F,F,F,F,F,F,F,F,F,W;W,F,F,F,F,F,F,F,F,F,F,F,F,F,F,dcan2,F,F,F,F,F,F,F,F,F,F,F,F,F,F,F,F,F,F,F,F,F,F,F,W;W,F,F,F,F,F,F,F,F,F,F,F,F,F,F,F,F,F,F,F,F,F,F,F,F,F,F,F,F,F,F,F,F,F,F,F,F,F,F,W;W,W,W,W,W,W,W,W,W,W,W,W,W,W,W,W,W,W,W,W,DR5,W,W,W,W,W,W,W,W,W,W,W,W,W,W,W,W,W,W,W",0,0,Sacred,,2.2,4,1,
ch3_normal_sacred_21,Normal,40,41,"W,W,W,W,W,W,W,W,W,W,W,W,W,W,W,W,W,W,W,W,DR5,W,W,W,W,W,W,W,W,W,W,W,W,W,W,W,W,W,W,W;W,F,F,F,F,F,F,F,F,F,F,F,F,F,F,F,F,F,F,F,F,F,F,F,F,F,F,F,F,F,F,F,F,F,dcan2,damb,dcan,F,F,W;W,F,F,F,F,F,F,F,F,F,F,F,F,F,F,F,F,F,F,F,F,F,F,F,F,F,F,F,F,F,F,F,F,F,dcan2,dbok,F,F,F,W;W,F,F,F,F,F,F,F,F,F,F,F,F,F,F,F,F,F,F,F,F,F,F,F,F,F,F,F,F,F,F,F,F,F,F,F,F,F,F,W;W,F,F,F,F,F,F,F,F,F,F,F,F,F,F,F,F,F,F,F,F,F,F,F,F,F,F,F,F,F,F,F,F,F,F,F,F,F,F,W;W,F,F,F,F,F,F,F,F,F,F,F,F,F,F,F,F,F,F,F,F,F,F,F,dbok,F,F,F,F,F,F,F,F,F,F,F,F,F,F,W;W,F,dbok,F,F,F,F,F,F,F,F,F,F,F,F,F,F,F,F,F,F,F,F,F,daltb,F,F,F,F,F,F,F,F,F,F,F,F,F,F,W;W,F,daltb,F,F,mc5r4e2,F,F,F,F,F,F,F,dcan,F,F,F,F,F,F,F,F,F,F,F,F,F,daltb,dbok,F,F,F,F,F,mc5r4e2,F,F,F,F,W;W,F,F,F,F,F,F,F,W,W,F,F,F,F,F,F,F,F,F,F,F,F,F,F,W,W,F,F,F,F,F,F,F,F,F,F,F,F,F,W;W,F,F,F,F,F,F,F,W,W,F,F,F,F,F,F,F,F,F,F,F,F,F,F,W,W,daltb,F,F,F,F,F,F,F,F,F,F,F,F,W;W,F,F,F,F,F,F,F,F,F,F,F,F,F,F,F,F,F,F,F,mc5r4e2,F,F,F,F,F,F,F,F,F,F,F,F,F,F,F,F,F,F,W;W,F,dbok,dbok,F,F,F,F,F,F,F,F,F,F,dwin,F,F,F,F,F,F,F,F,F,F,F,F,F,F,F,F,F,F,F,F,F,F,F,F,W;W,F,daltb,dbok,F,F,F,F,F,F,F,F,F,F,F,F,F,F,F,F,F,F,F,F,F,F,F,F,dbok,F,F,F,F,F,F,F,F,F,F,W;W,F,dcan2,F,F,F,F,F,F,F,F,F,F,F,F,daltb,F,F,F,F,F,F,F,F,F,F,F,F,F,F,F,F,F,F,F,F,F,F,F,W;W,F,F,F,F,F,F,F,F,F,F,F,F,F,daltb,dped,dped,F,F,F,F,F,F,F,F,F,dbok,F,F,F,F,F,F,F,F,F,F,F,F,W;W,F,F,dbok,F,F,F,F,F,F,F,F,F,F,F,F,F,F,F,F,F,F,F,F,F,F,F,F,F,F,F,F,F,F,F,F,F,F,F,W;W,dped,F,F,F,dbok,F,F,F,F,F,F,F,F,F,F,W,W,F,F,F,F,F,F,F,F,F,F,F,F,F,F,F,F,F,F,dbok,dcan,F,W;W,dcan,F,F,F,dbok,F,F,F,F,F,F,F,F,F,F,W,W,F,F,F,F,F,F,F,F,F,F,F,F,F,F,F,F,F,F,F,dcan,F,W;W,F,F,F,F,F,F,F,F,F,F,F,F,F,F,dcan2,dcan,dbok,F,F,F,F,F,F,F,F,F,F,F,F,F,F,F,F,F,F,F,F,F,W;W,dros,F,F,F,F,F,F,F,F,F,F,F,F,F,dped,F,F,F,F,F,F,F,F,F,F,F,F,F,F,F,F,F,F,F,F,F,F,F,W;W,F,dsta,F,F,mc5r4e2,F,F,F,F,F,F,F,F,F,F,F,F,F,F,P,F,F,F,F,F,F,F,F,F,F,F,F,F,mc5r4e2,F,F,F,F,DR5;W,dbok,damb,F,F,F,F,F,F,F,F,F,F,F,F,F,F,F,F,F,F,F,F,F,F,F,F,F,F,F,F,F,F,F,F,F,F,F,F,W;W,F,dcan2,F,F,F,F,F,F,F,F,F,F,F,F,F,F,F,F,F,F,F,F,F,F,F,F,F,F,F,F,F,F,F,F,F,F,F,F,W;W,F,F,F,F,F,F,F,F,F,F,F,F,F,F,F,F,F,F,F,F,F,F,F,F,damb,dbok,F,F,F,F,F,F,F,F,F,F,F,F,W;W,F,F,F,F,F,F,F,W,W,F,F,F,F,daltb,dsta2,F,F,F,F,F,F,F,F,F,F,F,F,F,F,W,W,F,F,F,F,F,F,F,W;W,F,F,F,F,F,F,W,W,W,F,F,F,F,F,F,F,F,F,F,F,F,F,F,F,F,F,F,F,F,W,W,F,F,F,F,F,F,F,W;W,F,F,F,F,F,F,F,F,F,F,F,F,F,F,F,F,F,F,F,F,F,F,F,F,F,F,F,F,F,F,F,F,F,F,F,F,F,F,W;W,F,F,F,F,F,F,F,F,F,F,F,F,F,F,F,F,F,F,F,F,F,F,F,F,F,F,F,F,F,F,F,F,F,F,F,F,F,F,W;W,F,F,F,F,F,F,F,F,F,F,F,F,F,F,F,F,F,F,F,mc5r4e2,F,F,F,F,F,F,F,F,F,F,F,F,F,F,F,F,F,F,W;W,F,F,F,F,F,F,F,F,F,F,F,F,F,F,F,F,F,F,F,F,F,F,F,F,F,F,F,F,F,F,F,F,F,F,F,F,F,F,W;W,F,F,F,F,F,F,F,F,F,F,F,F,F,F,F,F,F,F,F,F,F,F,F,F,F,F,F,F,F,F,F,F,F,F,F,F,F,dwin,W;W,F,F,F,F,mc5r4e2,F,F,F,F,F,F,F,F,F,F,F,F,F,F,F,F,F,F,F,F,F,F,F,F,F,F,F,F,mc5r4e2,F,F,F,F,W;W,F,F,F,F,F,F,F,F,F,F,F,F,F,F,F,W,W,F,F,F,F,F,F,F,F,F,F,F,F,W,W,F,F,F,F,F,F,F,W;W,F,F,F,F,F,F,F,F,F,F,F,dbok,dsta2,F,F,W,W,F,F,F,F,F,F,F,F,F,F,F,F,W,W,F,F,F,F,F,F,F,W;W,F,F,F,F,F,F,F,F,F,F,F,F,F,F,F,F,F,F,F,F,F,F,F,F,F,F,F,F,F,F,F,F,F,F,F,F,F,F,W;W,F,F,F,F,F,F,F,F,F,F,F,F,F,F,F,F,F,F,F,F,F,F,F,F,F,F,F,F,F,F,F,F,F,F,F,F,F,F,W;W,F,F,F,F,F,F,F,F,dbok,dbok,F,F,F,F,F,F,F,F,F,F,F,F,F,F,F,F,F,F,F,F,F,F,F,F,F,F,F,F,W;W,F,F,F,F,F,F,F,F,dbok,F,F,F,F,F,F,F,F,F,F,F,F,F,F,F,F,F,F,F,F,F,F,F,F,F,F,F,F,dped,W;W,F,F,F,F,F,F,F,F,dped,F,F,F,F,F,F,F,F,F,F,F,F,F,F,F,F,F,F,F,F,F,F,F,F,F,F,F,F,daltb,W;W,F,F,F,F,F,F,F,F,F,F,F,F,F,F,F,F,F,F,F,F,F,F,F,F,F,F,F,F,F,F,F,F,F,F,F,F,F,dbok,W;W,W,W,W,W,W,W,W,W,W,W,W,W,W,W,W,W,W,W,W,DR5,W,W,W,W,W,W,W,W,W,W,W,W,W,W,W,W,W,W,W",0,0,Sacred,,2.5,4,1,
ch3_normal_sacred_22,Normal,40,40,"W,W,W,W,W,W,W,W,W,W,W,W,W,W,W,W,W,W,W,W,DR5,W,W,W,W,W,W,W,W,W,W,W,W,W,W,W,W,W,W,W;W,dped,dcan,dbok,F,F,F,F,F,F,dcan,F,F,F,F,F,F,F,F,F,F,F,F,F,F,F,F,F,F,F,F,F,damb,F,F,F,F,F,F,W;W,dcan,dbok,F,F,F,F,F,F,F,daltb,F,F,F,F,F,F,F,F,F,F,F,F,F,F,F,F,F,F,F,F,F,F,F,F,F,F,F,F,W;W,dbok,F,F,F,F,F,F,F,F,F,F,F,F,F,F,F,F,F,F,F,F,F,F,F,F,F,F,F,F,F,F,F,F,F,F,F,F,F,W;W,F,F,F,F,F,F,F,F,F,F,F,F,F,F,F,F,F,F,F,F,F,F,F,F,F,F,F,F,F,F,F,F,F,F,F,F,F,F,W;W,F,F,F,F,F,F,F,F,F,F,F,F,F,F,F,F,F,F,F,F,F,F,F,F,F,F,F,F,F,F,F,F,F,F,F,F,F,F,W;W,F,F,F,F,F,F,F,F,F,F,F,F,F,F,F,F,F,F,F,F,F,F,F,F,F,F,F,F,F,F,F,F,F,F,F,F,F,F,W;W,F,F,F,F,F,F,mc5r4e2,F,F,F,F,F,F,F,F,F,F,F,F,mc5r4e2,F,F,F,F,F,F,F,F,F,F,mc5r4e2,F,F,F,F,F,F,F,W;W,dbok,dped,F,F,F,F,F,F,F,F,F,F,F,dbok,dsta,dped,F,F,F,F,F,F,F,F,F,F,F,F,F,F,F,F,F,F,F,F,F,F,W;W,F,daltb,F,F,F,F,F,F,F,F,F,F,F,F,F,F,W,W,W,W,W,W,F,dbok,F,F,F,F,F,F,F,F,F,F,F,F,F,F,W;W,F,F,F,F,F,F,F,F,F,F,F,F,F,F,F,F,W,W,W,W,W,W,F,dsta,dsta2,F,F,F,F,F,F,F,F,F,F,F,F,F,W;W,F,F,F,F,F,F,F,F,F,F,F,F,F,F,F,F,F,F,F,F,F,F,F,F,dcan,F,F,F,F,F,F,F,F,F,F,F,F,F,W;W,F,F,F,F,F,F,F,F,F,F,F,F,F,F,F,F,F,F,F,F,F,F,F,F,F,F,F,F,F,F,F,F,F,F,F,F,F,F,W;W,F,F,F,F,F,F,F,F,F,F,F,daltb,F,F,F,F,F,F,F,F,F,F,F,F,F,F,F,F,F,dbok,F,F,F,F,F,F,F,F,W;W,F,F,F,F,F,F,daltb,F,F,F,F,dbok,F,F,F,F,F,F,F,F,F,F,F,F,F,F,daltb,F,F,F,F,F,F,F,F,F,F,F,W;W,F,F,F,F,F,damb,dbok,F,F,F,F,dbok,dbok,F,F,F,F,F,F,F,F,F,F,F,F,F,F,F,F,F,F,F,F,F,F,F,F,F,W;W,F,F,F,F,F,dsta2,F,F,F,F,F,F,F,F,F,F,F,F,F,F,F,F,F,F,F,F,F,F,F,F,F,F,F,F,F,F,F,F,W;W,F,F,F,F,F,F,dwin,F,W,W,F,F,F,F,F,F,F,F,F,F,F,F,F,F,F,F,F,W,W,F,F,daltb,F,F,F,F,F,F,W;W,F,F,F,F,F,F,F,F,W,W,F,F,F,F,F,F,F,F,F,F,F,F,F,F,F,F,F,W,W,F,F,F,F,F,F,F,F,F,W;W,F,F,F,F,F,F,F,F,W,W,F,F,F,F,F,F,F,F,F,F,F,F,F,F,F,F,F,W,W,F,F,F,F,F,F,F,F,F,W;W,F,F,F,F,F,F,mc5r4e2,F,W,W,F,F,F,F,F,F,F,F,F,P,F,F,F,F,F,F,F,W,W,F,mc5r4e2,F,F,F,F,F,F,F,DR5;W,F,F,F,F,F,F,F,F,W,W,F,F,F,F,F,F,F,F,F,F,F,F,F,F,F,F,F,W,W,F,F,F,F,F,F,F,F,F,W;W,F,F,F,F,F,F,F,F,W,W,F,F,F,F,F,F,F,F,F,F,F,F,F,F,F,F,F,W,W,F,F,F,F,F,F,F,F,F,W;W,F,F,F,F,F,F,F,F,F,F,F,F,F,F,F,F,F,F,F,F,F,F,F,F,F,F,F,F,F,F,F,F,F,F,F,F,F,F,W;W,F,F,F,F,F,F,F,F,F,F,F,F,F,F,F,F,F,F,F,F,F,F,F,F,F,F,F,F,F,F,F,F,F,F,F,F,F,F,W;W,F,F,F,F,F,F,F,F,F,F,F,F,F,F,F,F,F,F,F,F,F,F,F,F,F,F,F,F,F,F,F,F,F,F,F,F,F,F,W;W,F,F,F,F,F,F,F,F,F,F,F,F,F,F,F,F,F,F,F,F,F,F,F,F,F,F,F,F,F,F,F,dcan2,dsta2,F,F,F,F,F,W;W,F,F,F,F,F,dbok,F,F,F,F,F,F,F,F,F,F,F,F,F,F,F,F,F,F,F,F,F,F,F,F,F,F,daltb,F,F,F,F,F,W;W,F,F,F,F,F,dbok,F,F,F,F,F,F,F,F,F,F,W,W,W,W,W,W,F,F,F,F,F,F,F,F,F,F,F,F,F,F,F,F,W;W,F,daltb,F,F,F,F,F,F,F,F,F,F,F,F,F,F,W,W,W,W,W,W,F,F,F,F,F,F,F,F,F,F,F,F,F,F,F,F,W;W,F,F,F,F,F,F,F,F,F,F,F,F,F,F,F,F,F,F,F,F,F,F,F,F,F,F,F,F,F,F,F,F,F,F,F,F,F,F,W;W,F,F,F,F,F,F,mc5r4e2,F,F,F,F,F,F,F,F,F,F,F,F,mc5r4e2,F,F,F,F,F,F,F,F,F,F,mc5r4e2,F,F,F,F,F,F,F,W;W,F,F,F,F,F,F,F,F,F,F,F,F,F,F,F,F,F,F,F,F,F,F,F,F,F,F,F,F,F,F,F,F,F,F,F,F,F,dbok,W;W,F,F,F,F,F,F,F,F,F,F,F,F,F,F,F,F,F,F,F,F,F,F,F,F,F,F,F,F,F,F,F,F,F,F,F,F,F,F,W;W,F,F,F,F,F,F,F,F,F,F,F,F,F,F,F,F,F,F,F,F,F,F,F,F,F,F,F,F,F,F,F,F,F,F,F,F,F,F,W;W,F,F,F,F,F,F,F,F,F,F,F,F,F,F,F,F,F,F,F,F,F,F,F,F,F,F,F,F,F,F,F,F,F,F,F,F,F,F,W;W,F,F,F,F,F,F,F,F,F,F,F,F,F,F,F,F,F,F,F,F,F,F,F,F,F,F,F,F,F,F,F,F,F,F,F,F,F,dros,W;W,F,F,F,F,F,F,F,F,F,F,F,F,F,F,F,F,F,F,F,F,F,F,F,F,F,F,F,F,F,F,F,F,F,F,F,F,F,F,W;W,F,F,F,F,F,F,F,F,F,F,F,F,F,F,F,F,F,F,F,F,F,F,F,F,F,F,F,dsta2,dcan,dbok,dsta,damb,dbok,F,F,F,F,F,W;W,W,W,W,W,W,W,W,W,W,W,W,W,W,W,W,W,W,W,W,DR5,W,W,W,W,W,W,W,W,W,W,W,W,W,W,W,W,W,W,W",0,0,Sacred,,2.5,4,1,
ch3_normal_sacred_23,Normal,40,40,"W,W,W,W,W,W,W,W,W,W,W,W,W,W,W,W,W,W,W,W,DR5,W,W,W,W,W,W,W,W,W,W,W,W,W,W,W,W,W,W,W;W,dcan2,dcan,dbok,F,F,F,F,F,F,F,F,F,F,F,F,F,F,F,F,F,F,F,F,F,F,F,F,F,F,F,F,F,F,F,F,F,F,dped,W;W,dcan,dbok,F,F,F,F,F,F,F,F,F,F,F,F,F,F,F,F,F,F,F,F,F,F,F,F,F,F,F,F,F,F,F,F,F,F,F,daltb,W;W,dbok,F,F,F,F,F,F,F,F,F,F,F,F,F,F,F,F,F,F,F,F,F,F,F,F,F,F,F,F,F,F,F,F,F,F,F,F,dbok,W;W,F,F,F,F,F,F,F,F,F,F,F,F,F,F,F,F,F,F,F,F,F,F,F,F,F,F,F,F,F,F,F,F,F,F,F,F,F,F,W;W,F,F,F,F,F,F,F,F,F,F,F,F,F,F,F,F,F,F,F,F,F,F,F,F,F,dwcan,F,F,F,F,F,F,F,F,F,F,F,F,W;W,F,F,F,F,F,F,F,F,F,F,F,F,F,W,W,F,F,F,F,F,F,W,W,F,F,F,F,F,F,F,F,F,F,F,F,F,F,F,W;W,F,F,F,F,F,F,F,F,F,F,F,F,F,W,W,F,F,F,F,F,F,W,W,F,F,F,F,F,F,F,F,F,F,F,F,F,F,F,W;W,F,F,F,F,F,F,mc5r4e2,F,F,F,F,F,F,W,W,F,F,F,F,F,F,W,W,F,F,F,F,F,F,F,mc5r4e2,F,F,F,F,F,F,F,W;W,F,F,F,F,F,F,F,F,F,F,F,F,F,W,W,dwin,F,F,F,F,F,W,W,F,F,F,F,F,F,F,F,F,F,F,F,F,F,F,W;W,F,F,F,F,F,F,F,F,F,F,F,F,F,W,F,F,F,F,F,F,F,F,F,F,F,F,F,F,F,F,F,F,F,F,F,F,F,F,W;W,F,F,F,F,F,F,F,F,F,F,F,F,F,F,F,F,F,F,F,F,F,F,F,F,F,F,F,F,F,F,F,F,F,F,F,F,F,F,W;W,F,F,F,F,F,F,F,F,F,F,F,dbok,F,F,F,F,F,F,F,mc5r4e2,F,F,F,F,F,F,F,F,F,F,F,F,dcan2,F,F,F,F,F,W;W,F,F,F,F,F,F,F,F,F,F,F,dsta,damb,F,F,F,F,F,F,F,F,F,F,F,F,F,F,F,F,F,F,F,F,F,F,F,F,F,W;W,F,F,F,F,F,F,F,F,F,F,F,F,F,F,F,F,F,F,F,F,F,F,F,F,F,F,F,F,F,F,F,F,F,F,F,F,F,F,W;W,F,F,F,F,F,F,F,F,F,F,F,F,F,F,dwcan,F,F,F,F,F,F,F,F,F,F,F,F,F,F,F,F,F,dwin,F,F,F,F,F,W;W,F,F,F,F,F,F,F,F,F,F,F,F,F,W,W,F,F,F,F,F,F,W,W,F,F,F,F,F,F,F,F,F,F,F,F,F,F,F,W;W,F,F,F,F,F,F,F,F,F,F,F,F,F,W,W,F,F,F,F,F,F,W,W,F,dbok,dped,F,F,F,F,F,F,F,F,F,F,F,F,W;W,F,F,F,F,F,F,F,F,F,F,F,F,F,W,W,F,F,F,F,F,F,W,W,F,F,dbok,damb,F,F,F,F,F,F,F,F,F,F,F,W;W,F,F,F,F,F,F,F,F,F,F,F,F,F,W,W,F,F,F,F,F,F,W,W,F,F,F,F,F,F,F,F,F,F,F,F,F,F,F,W;W,F,dsta2,dbok,F,F,F,mc5r4e2,F,F,F,F,F,F,F,dcan,dped,F,F,F,P,F,F,F,F,F,F,F,F,F,F,mc5r4e2,F,F,F,F,F,F,F,DR5;W,F,F,F,F,F,F,F,F,F,F,F,F,F,F,dcan2,dbok,dbok,F,F,F,F,F,F,F,F,F,F,F,F,F,F,F,F,F,F,F,F,F,W;W,F,F,F,F,F,F,F,F,F,F,F,F,F,F,F,F,F,F,F,F,F,F,F,F,F,F,F,F,F,F,F,F,F,F,F,F,F,F,W;W,F,F,F,F,F,dped,dsta,F,F,F,F,F,F,F,F,F,F,F,F,F,F,F,F,F,F,F,F,F,F,F,F,F,F,F,F,F,F,F,W;W,F,F,F,F,F,F,F,F,F,F,F,F,F,F,F,F,F,F,F,F,F,F,F,F,F,daltb,dped,F,F,F,F,F,F,F,F,F,F,F,W;W,F,F,F,F,F,F,F,F,F,F,F,F,F,W,F,F,F,F,F,F,F,F,F,F,F,F,dsta2,F,F,F,F,F,F,F,F,F,F,F,W;W,F,F,F,F,F,F,F,F,F,F,F,F,F,W,W,F,F,F,F,mc5r4e2,F,W,W,F,F,F,F,F,F,F,F,F,F,F,F,F,F,F,W;W,dwin,F,F,F,F,F,F,F,F,F,F,F,F,W,W,F,F,F,F,F,F,W,W,F,F,F,F,F,F,F,F,F,F,F,F,F,dsta,F,W;W,F,F,F,F,F,F,F,F,F,F,F,dbok,dsta,W,W,dbok,dbok,F,F,F,F,W,W,F,F,F,F,F,F,F,F,F,F,F,F,F,F,F,W;W,F,F,F,F,F,F,F,F,F,F,F,dcan,dsta2,W,W,dbok,F,F,F,F,F,W,W,F,F,F,F,F,F,F,F,F,F,F,F,F,F,F,W;W,daltb,dbok,F,F,F,F,mc5r4e2,F,F,F,F,F,F,F,F,F,F,F,F,F,F,F,F,F,F,F,F,F,F,F,mc5r4e2,F,F,F,F,F,F,F,W;W,F,F,F,F,F,F,F,F,F,F,F,F,F,F,F,F,F,F,F,F,F,F,F,F,F,F,F,F,F,F,F,F,F,F,F,F,F,F,W;W,F,F,F,F,F,F,F,F,F,F,F,F,F,F,F,F,F,F,F,F,F,F,F,F,F,F,F,F,F,F,F,F,F,F,dbok,F,F,F,W;W,F,F,F,F,F,F,F,F,F,F,F,F,F,F,F,F,F,F,F,F,F,F,F,F,F,F,F,F,F,F,F,F,F,F,dbok,F,dcan,F,W;W,F,F,F,F,F,F,F,F,F,F,F,F,F,F,F,F,F,F,F,F,F,F,F,F,F,F,F,F,F,F,F,dbok,F,F,F,F,F,damb,W;W,F,F,F,F,F,F,F,F,F,F,F,F,F,F,F,F,F,F,F,F,F,F,F,F,F,F,F,F,F,F,F,F,F,F,F,F,F,F,W;W,F,F,F,F,F,F,F,F,F,F,F,F,F,F,F,F,F,F,F,F,F,F,F,F,F,F,F,F,F,F,F,F,F,F,F,F,F,F,W;W,F,F,F,F,F,F,F,F,F,F,F,F,F,F,F,F,F,F,F,F,F,F,F,F,F,F,F,F,F,F,F,F,F,dsta,F,F,dbok,F,W;W,F,F,F,F,F,F,F,F,F,F,F,F,F,F,F,F,F,F,F,F,F,F,F,F,F,F,F,F,F,F,F,F,F,daltb,F,dbok,daltb,damb,W;W,W,W,W,W,W,W,W,W,W,W,W,W,W,W,W,W,W,W,W,DR5,W,W,W,W,W,W,W,W,W,W,W,W,W,W,W,W,W,W,W",0,0,Sacred,,2.5,4,1,
ch3_elite_sacred_03,Elite,40,47,"W,W,W,W,W,W,W,W,W,W,W,W,W,W,W,W,W,W,W,W,DR5,W,W,W,W,W,W,W,W,W,W,W,W,W,W,W,W,W,W,W;W,F,F,F,F,F,F,F,F,F,F,F,F,F,F,F,F,F,F,F,F,F,F,F,F,F,F,F,F,damb,F,F,F,F,F,F,F,F,F,W;W,F,W,W,F,F,F,F,F,F,F,F,F,F,F,F,F,F,F,F,F,F,F,F,F,F,F,F,F,F,F,F,F,F,F,W,W,F,F,W;W,F,W,W,F,F,F,F,F,F,F,F,F,F,F,F,F,F,F,F,F,F,F,F,F,F,F,F,F,F,F,F,F,F,F,W,W,F,F,W;W,F,F,F,F,F,F,F,F,F,F,F,F,F,F,F,F,F,F,F,F,F,F,F,F,dbok,F,F,F,F,F,F,F,F,F,F,F,F,F,W;W,F,F,F,F,F,F,F,F,F,F,F,F,F,F,F,F,F,F,F,F,F,F,F,F,dsta,dcan2,damb,F,F,F,F,F,F,F,F,F,F,F,W;W,F,F,F,F,F,F,F,F,F,F,F,F,F,F,F,F,F,F,F,F,F,F,F,F,dsta,F,F,F,F,F,F,F,F,F,F,F,F,F,W;W,F,F,F,F,F,F,F,F,F,F,F,F,F,F,F,F,F,F,F,F,F,F,F,F,F,F,F,F,F,F,F,F,F,F,F,F,F,F,W;W,F,F,F,F,F,F,F,F,F,F,F,F,F,F,F,F,F,F,F,F,F,F,F,F,F,F,F,F,F,F,F,F,F,F,F,F,F,F,W;W,F,F,F,F,F,F,F,F,F,F,F,F,F,F,F,F,F,F,F,Me4r3,F,F,F,F,F,F,F,F,F,F,F,F,F,F,F,F,F,F,W;W,F,F,F,F,F,F,F,F,F,F,F,F,F,F,F,F,F,F,F,F,F,F,F,F,F,F,F,F,F,F,F,F,F,F,F,F,F,F,W;W,F,F,F,F,F,F,F,F,F,F,F,F,F,F,F,F,F,F,F,F,F,F,F,F,F,F,F,F,F,F,F,F,F,F,F,F,F,F,W;W,F,F,F,F,F,F,F,F,F,F,F,F,F,F,F,F,F,F,F,F,F,F,F,F,F,F,F,F,F,F,F,F,F,F,F,F,F,F,W;W,F,F,F,F,F,dros,F,F,F,F,F,F,F,F,F,F,F,F,F,F,F,F,F,F,F,F,F,F,F,F,F,F,F,F,F,F,F,F,W;W,F,F,dbok,F,F,F,F,F,F,F,F,mc3r3,F,F,F,F,F,F,F,F,F,F,F,F,F,mc3r3,F,F,F,F,F,F,F,F,F,F,F,F,W;W,F,F,F,F,damb,F,F,F,F,F,F,F,F,F,F,F,F,F,F,F,F,F,F,F,F,F,F,F,F,F,F,F,F,F,F,F,F,F,W;W,F,F,F,F,F,F,W,F,F,F,F,F,F,F,F,F,F,F,F,F,F,F,F,F,F,F,F,F,dbok,dbok,F,F,F,F,F,F,F,F,W;W,F,F,F,F,W,W,W,W,F,F,F,F,F,F,F,F,F,F,F,F,F,F,F,F,F,F,F,F,W,W,W,W,F,F,F,F,F,damb,W;W,F,F,F,F,W,W,W,W,daltb,F,F,F,F,F,F,F,F,F,F,F,F,F,F,F,F,F,F,F,W,W,W,W,F,F,F,F,daltb,dsta2,W;W,F,F,F,F,W,W,W,W,dsta,dsta2,F,F,F,F,F,F,F,F,F,F,F,F,F,F,F,F,F,F,W,W,W,W,W,F,F,F,F,F,W;W,F,F,F,F,W,W,W,W,dsta,dbok,F,F,dcan2,F,F,F,F,F,F,F,F,F,F,F,F,F,F,F,W,W,W,W,F,F,F,F,F,F,W;W,F,F,F,F,F,F,F,F,F,F,F,F,F,F,F,F,F,F,F,F,F,F,F,F,F,F,F,F,F,F,F,F,F,F,F,F,F,F,W;W,F,F,F,F,F,F,F,F,F,F,F,F,F,F,F,F,F,F,F,F,F,F,F,F,F,F,F,F,F,F,F,F,F,F,F,F,F,F,W;W,dcan2,F,F,F,mc3r3,F,F,F,F,F,F,F,dbok,F,F,F,F,F,F,F,F,F,F,F,F,F,daltb,F,F,F,F,F,mc3r3,F,F,F,F,F,DR5;W,dsta2,F,F,F,F,F,F,F,F,F,F,F,dbok,F,F,F,F,F,F,F,F,F,F,F,F,F,damb,damb,F,F,F,F,F,F,F,F,F,F,W;W,F,F,F,F,W,W,W,W,F,F,F,F,F,F,F,F,F,F,F,F,F,F,F,F,F,F,F,F,W,W,W,W,W,F,F,F,F,F,W;W,F,F,F,F,W,W,W,W,F,F,F,F,F,F,F,F,F,F,F,F,F,F,F,F,F,dsta,dcan,F,W,W,W,W,F,F,F,F,F,F,W;W,F,F,F,F,W,W,W,W,F,F,F,F,F,F,F,F,F,F,F,F,F,F,F,F,F,F,F,F,W,W,W,W,dsta2,damb,dbok,F,F,F,W;W,F,F,F,F,W,W,W,W,F,F,F,F,F,F,F,F,F,F,F,F,F,F,F,F,F,F,dcan2,dbok,W,W,W,W,W,dbok,F,F,dcan2,dbok,W;W,F,F,F,F,F,F,F,F,F,F,F,F,F,F,F,F,F,F,F,F,F,F,F,F,F,F,damb,F,F,F,F,F,dbok,F,F,F,F,dsta2,W;W,F,F,F,F,F,F,F,F,F,F,F,F,F,F,F,F,F,F,F,F,F,F,F,F,F,F,F,F,F,F,F,F,dcan2,dsta2,F,F,F,F,W;W,F,F,F,F,F,F,F,F,F,F,F,F,F,F,F,F,F,F,F,F,F,F,F,F,F,F,F,F,F,F,F,F,F,daltb,dcan,F,F,F,W;W,F,F,F,F,F,F,F,F,F,F,F,F,F,F,F,F,F,F,F,F,F,F,F,F,F,F,F,F,F,F,F,F,F,dbok,dbok,F,F,F,W;W,dros,F,F,F,F,F,F,F,F,dbok,F,F,F,F,F,F,F,F,F,P,F,F,F,F,F,F,dbok,F,F,F,F,F,F,F,dbok,F,dbok,F,W;W,F,F,F,F,F,F,F,F,dbok,dbok,dbok,F,F,F,F,F,F,F,F,F,F,F,F,F,F,F,daltb,F,F,F,F,F,F,F,F,F,dbok,F,W;W,F,F,F,F,F,F,F,F,F,F,dbok,F,F,F,F,F,F,F,F,F,F,F,F,F,F,F,dbok,F,F,F,F,F,F,F,F,F,F,F,W;W,F,F,F,F,F,F,F,F,F,F,F,F,F,F,F,F,F,F,F,Me4r3,F,F,F,F,F,F,dcan,F,F,F,F,F,F,F,F,F,F,F,W;W,F,F,F,F,F,F,F,F,F,F,F,F,F,F,F,F,F,F,F,F,F,F,F,F,F,F,F,F,F,F,F,F,F,F,F,F,F,F,W;W,F,F,F,F,F,F,F,F,F,F,F,F,F,F,F,F,F,F,F,F,F,F,F,F,F,F,F,F,F,F,F,F,F,F,F,F,F,F,W;W,F,F,F,F,F,F,F,F,F,F,F,F,F,F,F,F,F,F,F,F,F,F,F,F,F,dros,F,F,F,F,F,F,F,F,F,F,F,F,W;W,F,F,F,F,F,F,F,F,F,F,F,F,F,F,F,F,F,F,F,F,F,F,F,F,F,F,F,F,F,F,F,F,F,F,F,F,F,F,W;W,daltb,F,F,F,F,F,F,F,F,F,F,F,F,F,F,F,F,F,F,F,F,F,F,F,F,F,F,F,F,F,F,F,F,F,F,dped,dsta,F,W;W,F,F,F,F,F,F,F,F,F,F,F,F,F,F,F,F,F,F,F,F,F,F,F,F,F,F,F,F,F,F,F,F,F,F,F,F,F,F,W;W,dbok,W,W,F,F,F,F,F,F,F,F,F,F,F,F,F,F,F,F,F,F,F,F,F,F,F,F,F,F,F,F,F,F,F,W,W,F,F,W;W,F,W,W,F,F,F,F,F,F,F,F,F,F,F,F,F,F,F,F,F,F,F,F,F,F,F,F,F,F,F,F,F,F,F,W,W,F,F,W;W,F,F,F,F,F,F,F,F,F,F,F,F,F,F,F,F,F,F,F,F,F,F,F,F,F,F,F,F,F,F,F,F,F,F,F,F,F,F,W;W,W,W,W,W,W,W,W,W,W,W,W,W,W,W,W,W,W,W,W,DR5,W,W,W,W,W,W,W,W,W,W,W,W,W,W,W,W,W,W,W",0,0,Sacred,,3.6,5,1,
ch3_normal_sacred_24,Normal,42,42,"W,W,W,W,W,W,W,W,W,W,W,W,W,W,W,W,W,W,W,W,W,DR5,W,W,W,W,W,W,W,W,W,W,W,W,W,W,W,W,W,W,W,W;W,dsta2,dcan,dbok,F,dros,F,F,F,F,F,F,F,F,F,F,F,F,dped,F,F,F,F,F,dbok,F,F,F,F,F,F,F,F,F,F,F,F,F,F,F,dcan2,W;W,damb,W,W,F,F,F,F,F,F,F,F,F,F,F,F,F,F,dsta2,F,F,F,F,F,dbok,dcan2,F,F,F,F,F,F,F,F,F,F,F,W,W,F,daltb,W;W,dbok,W,W,F,F,F,F,F,F,F,F,F,F,F,F,F,F,dbok,dcan,dcan,F,F,F,dbok,dbok,F,F,F,F,F,F,F,F,F,F,F,W,W,F,dbok,W;W,F,F,F,F,F,F,F,F,F,F,F,F,F,F,dwcan,F,F,W,W,F,F,F,F,F,F,F,F,F,F,F,F,F,F,F,F,F,dped,F,F,F,W;W,F,F,F,F,F,F,F,F,F,F,F,F,F,F,F,F,F,W,W,F,F,F,F,F,F,F,F,F,F,F,F,F,F,F,F,dcan2,dcan,dcan,F,F,W;W,F,F,F,F,F,F,F,F,F,F,F,F,F,F,F,F,F,F,F,F,F,F,F,F,F,F,F,F,F,F,F,F,F,F,F,dcan2,F,F,F,F,W;W,F,F,F,F,F,F,mc5r4e2,F,F,F,F,F,F,F,F,F,F,F,F,F,mc5r4e2,F,F,F,F,F,F,F,F,F,F,F,mc5r4e2,F,F,F,F,F,F,F,W;W,F,F,F,F,F,F,F,F,F,F,F,F,F,dbok,F,F,F,F,F,F,F,F,F,F,F,F,F,dros,F,F,F,F,F,F,F,F,F,F,F,F,W;W,F,F,F,F,F,F,F,F,F,F,F,F,F,dsta2,dbok,F,F,F,F,F,F,F,F,F,F,F,F,F,F,F,F,F,F,F,F,F,F,F,F,F,W;W,F,F,F,F,F,F,F,F,F,W,W,F,F,F,dcan,F,F,F,F,dbok,F,F,F,F,F,F,F,W,W,F,F,F,F,F,F,F,F,F,F,F,W;W,F,F,F,F,F,F,F,F,F,W,W,F,F,F,F,F,F,F,F,dbok,F,F,F,F,F,F,F,W,W,F,F,F,F,F,F,F,F,F,F,F,W;W,F,F,F,F,F,F,F,F,F,F,F,F,F,F,F,F,F,F,F,F,F,F,F,F,F,F,F,F,F,F,F,F,F,F,F,F,F,F,F,F,W;W,F,F,F,F,F,F,F,F,F,F,F,F,F,F,F,F,F,F,F,dbok,F,F,F,F,F,F,F,F,F,F,F,F,F,F,F,F,F,F,F,F,W;W,F,F,F,F,F,F,F,F,F,F,F,F,F,F,F,F,F,F,F,F,F,dbok,F,F,F,F,F,F,F,F,F,F,F,F,F,F,F,F,F,dbok,W;W,F,F,F,F,F,F,F,F,F,F,F,F,F,F,F,F,F,F,F,F,F,dbok,F,F,F,F,F,F,F,F,F,F,F,F,F,F,F,F,dsta,dsta2,W;W,F,F,F,F,F,F,F,F,F,F,F,F,F,F,F,F,F,F,F,dcan,dcan,F,F,F,F,F,F,F,F,F,F,F,F,F,F,F,F,F,dsta,F,W;W,F,F,F,F,dwin,F,F,F,F,F,F,F,F,F,F,F,W,W,W,W,W,F,F,F,F,F,F,F,F,F,F,F,F,F,F,F,F,F,F,F,W;W,F,F,F,W,W,F,F,F,F,F,F,F,F,F,F,F,W,W,W,W,W,F,F,F,F,F,F,F,F,F,F,F,F,W,W,F,F,F,F,F,W;W,F,F,dwin,W,W,F,F,F,F,F,F,F,F,F,F,F,W,W,W,W,W,F,F,F,F,F,F,F,F,F,F,F,F,W,W,F,F,F,F,F,W;W,F,F,F,F,F,F,F,F,F,F,F,F,F,F,F,F,W,W,W,W,W,F,F,F,F,F,F,F,F,F,F,F,F,F,F,F,F,F,F,F,W;W,F,F,F,F,F,F,mc5r4e2,F,F,F,F,F,F,F,F,F,W,W,W,W,W,F,F,F,F,F,F,F,F,F,F,F,mc5r4e2,F,F,F,F,F,F,F,DR5;W,F,F,F,F,F,F,F,F,F,F,F,F,F,F,F,F,F,F,F,F,F,F,F,F,F,F,F,F,F,F,F,F,F,F,F,F,F,F,F,F,W;W,F,F,F,F,F,F,F,F,F,F,F,F,F,F,dsta,F,F,F,F,F,F,F,F,F,F,F,F,F,F,F,F,F,F,F,F,F,F,F,F,F,W;W,F,dbok,F,F,F,F,F,F,F,F,F,F,F,F,dped,F,F,F,F,F,F,F,F,F,F,F,F,F,F,F,F,F,F,F,F,F,F,F,F,F,W;W,daltb,damb,F,F,F,F,F,daltb,daltb,F,F,F,F,F,F,F,F,F,F,F,P,F,F,F,F,F,F,F,F,F,F,F,F,F,F,F,F,F,F,F,W;W,dcan,F,F,F,F,F,F,F,F,damb,dsta,F,F,F,F,F,F,F,F,F,F,F,F,F,F,F,F,F,F,F,F,F,F,F,F,F,F,F,F,F,W;W,dsta,F,F,F,F,F,F,F,F,F,F,F,F,F,F,F,F,F,F,F,F,F,F,F,F,F,F,F,F,F,F,F,F,F,F,F,F,F,F,F,W;W,F,F,F,F,F,F,F,F,F,W,W,F,F,F,F,F,F,F,F,F,F,F,F,F,F,F,F,W,W,F,F,F,F,F,F,F,F,F,F,F,W;W,F,F,F,F,F,F,F,F,dcan2,W,W,F,F,F,F,F,F,F,F,F,F,F,F,F,F,F,F,W,W,F,F,F,F,F,F,F,F,F,F,F,W;W,F,F,F,F,F,F,F,dped,damb,dbok,F,F,F,F,F,F,F,F,F,F,F,F,F,F,F,F,F,F,F,F,F,F,F,F,F,F,F,F,F,F,W;W,F,F,F,F,F,F,F,F,F,dbok,F,F,F,F,F,F,F,F,F,F,F,F,F,F,F,F,F,F,F,F,F,F,F,F,F,F,F,F,F,F,W;W,F,F,F,F,F,F,F,F,F,F,F,F,F,F,F,F,F,F,F,F,F,F,F,F,F,F,F,F,F,F,F,F,F,F,F,F,F,F,F,F,W;W,F,F,F,F,F,F,mc5r4e2,F,F,F,F,F,F,F,F,F,F,F,F,F,mc5r4e2,F,F,F,F,F,F,F,F,F,F,F,mc5r4e2,F,F,F,F,F,F,F,W;W,F,F,F,F,F,F,F,F,F,F,F,F,F,F,F,F,F,W,W,F,F,F,F,F,F,F,F,F,F,F,F,F,F,F,F,F,F,F,F,F,W;W,F,F,F,F,F,F,F,F,F,F,F,F,F,F,F,F,F,W,W,F,F,F,F,F,F,F,F,dped,F,F,F,F,F,F,F,F,F,F,F,F,W;W,F,F,F,F,F,F,F,F,F,F,F,F,F,F,F,F,F,F,F,F,F,F,F,F,F,F,F,damb,dcan,F,F,F,F,F,F,F,F,F,F,F,W;W,F,W,W,F,F,F,F,F,F,F,F,F,F,F,F,F,F,F,F,F,F,F,F,F,F,F,F,F,F,F,F,F,F,F,F,F,W,W,F,F,W;W,F,W,W,F,F,F,F,F,F,F,F,F,F,F,F,F,F,F,F,F,F,F,F,F,F,F,F,F,F,F,F,F,F,F,F,F,W,W,F,dped,W;W,F,F,F,F,F,F,F,F,F,F,F,F,F,F,F,F,F,F,F,F,F,F,F,F,F,F,F,F,dbok,dbok,dsta,dcan,F,F,F,F,F,F,F,F,W;W,F,F,F,F,F,F,F,F,F,F,F,F,F,F,F,F,F,F,F,F,F,F,F,F,F,F,F,F,F,F,F,F,F,F,F,F,F,F,F,F,W;W,W,W,W,W,W,W,W,W,W,W,W,W,W,W,W,W,W,W,W,W,DR5,W,W,W,W,W,W,W,W,W,W,W,W,W,W,W,W,W,W,W,W",0,0,Sacred,,2.8,4,1,
ch3_elite_sacred_04,Elite,40,45,"W,W,W,W,W,W,W,W,W,W,W,W,W,W,W,W,W,W,W,W,DR5,W,W,W,W,W,W,W,W,W,W,W,W,W,W,W,W,W,W,W;W,F,F,F,F,F,F,F,F,F,F,F,F,F,F,F,F,F,F,F,F,F,F,F,F,F,F,F,F,F,F,F,F,F,F,F,F,F,F,W;W,F,F,F,F,F,F,F,F,F,F,F,F,F,F,F,F,F,F,F,F,F,F,F,F,F,F,F,F,F,F,F,F,F,F,F,F,F,F,W;W,F,F,F,F,F,F,F,F,F,F,F,F,F,F,F,F,F,F,F,F,F,F,F,F,F,F,F,F,F,F,F,F,F,F,F,F,F,F,W;W,F,F,F,F,F,F,F,F,F,F,F,F,F,F,dwcan,F,F,F,F,F,F,F,F,F,F,F,daltb,dbok,F,F,F,F,F,F,F,F,F,F,W;W,F,F,F,F,F,F,F,damb,dbok,F,F,F,F,F,F,F,F,F,F,F,F,F,F,F,F,F,daltb,F,F,F,F,F,F,F,F,F,F,F,W;W,dwcan,F,F,F,F,F,dcan2,damb,F,F,F,F,F,dwcan,F,F,F,F,F,F,F,F,F,F,F,F,F,F,F,F,F,F,F,F,F,F,F,F,W;W,F,F,F,F,F,F,F,F,F,F,F,F,F,F,F,F,F,F,F,F,F,F,F,F,F,F,F,F,F,F,F,F,F,F,F,F,F,F,W;W,F,F,F,F,F,F,F,F,F,F,F,F,F,F,F,dbok,F,F,F,F,F,F,F,F,F,F,F,dbok,F,F,F,F,F,F,F,F,F,F,W;W,F,F,F,F,F,F,F,F,F,F,F,F,F,F,dbok,F,F,F,F,F,F,F,F,F,F,F,daltb,dbok,F,F,F,F,F,F,F,F,F,F,W;W,F,F,F,F,F,F,F,F,F,F,F,F,F,F,F,dbok,F,F,F,Me4r3,F,F,F,F,F,F,F,daltb,F,F,F,F,F,F,F,F,F,F,W;W,F,F,F,F,F,F,F,F,F,W,W,F,F,F,F,F,F,F,F,F,F,F,F,F,F,F,F,W,W,F,F,F,F,F,F,F,F,F,W;W,F,F,F,F,F,F,F,F,F,W,W,F,F,F,F,F,F,F,F,F,F,F,F,F,F,F,F,W,W,F,F,F,F,F,F,F,F,F,W;W,F,F,F,F,dsta2,dbok,F,F,F,F,F,F,F,F,F,F,F,F,F,F,F,F,F,F,F,F,F,F,F,F,F,F,F,F,F,F,F,F,W;W,F,F,F,F,F,F,F,F,F,F,F,F,F,F,F,F,F,F,F,F,F,F,F,F,F,F,F,F,F,F,F,F,F,F,F,F,F,F,W;W,F,F,F,F,F,F,F,F,F,F,F,F,F,F,F,F,F,F,F,F,F,F,F,F,F,F,F,F,F,F,F,F,F,F,F,F,F,F,W;W,F,F,F,F,F,F,F,F,F,F,F,F,F,F,F,mc3r3,F,F,F,F,F,mc3r3,F,F,F,F,F,F,F,F,F,dros,F,F,F,F,F,F,W;W,F,dsta,F,F,F,F,F,F,F,F,F,F,F,F,F,F,F,F,F,F,F,F,F,F,F,F,F,F,F,F,F,F,F,F,F,F,F,F,W;W,F,dbok,F,F,F,F,F,F,F,F,F,F,F,F,F,F,F,F,F,F,F,F,F,F,F,F,F,F,F,F,F,F,F,F,F,F,F,F,W;W,F,dped,F,F,F,dwcan,F,dped,F,F,F,F,F,F,dsta,F,F,F,F,F,F,F,F,F,F,F,F,F,F,F,F,F,F,F,F,F,F,F,W;W,F,F,F,F,F,F,F,dbok,dbok,dbok,dbok,F,F,F,dped,dbok,F,F,F,F,F,F,F,F,dsta,dped,F,F,F,F,F,F,F,F,F,F,F,F,W;W,F,F,F,F,F,F,F,F,F,F,F,F,F,F,F,F,F,F,F,F,F,F,F,F,F,F,F,F,F,F,F,F,F,F,F,F,F,F,W;W,F,F,F,F,F,W,W,F,F,F,F,F,F,F,F,dbok,F,F,F,F,F,F,F,F,F,F,F,F,F,F,W,W,W,F,F,F,F,F,DR5;W,F,dsta2,F,dsta2,F,W,W,F,F,F,mc3r3,F,F,F,F,F,F,F,F,F,F,F,F,F,F,F,mc3r3,F,F,F,W,W,F,F,F,F,F,F,W;W,F,daltb,dbok,dbok,F,F,F,F,F,F,F,F,F,F,F,F,F,F,F,F,F,F,F,F,F,F,F,F,F,F,F,F,F,F,F,F,F,F,W;W,F,F,F,F,F,F,F,F,F,F,F,F,F,F,F,F,F,F,F,F,F,F,F,F,F,F,F,F,F,F,F,F,F,F,F,F,F,F,W;W,F,F,F,F,F,F,F,F,F,F,F,F,F,F,F,F,F,F,F,F,F,F,F,F,F,F,F,F,F,F,F,F,F,F,F,F,F,F,W;W,F,F,F,F,F,F,F,F,F,F,F,F,F,F,F,F,F,F,F,F,F,F,F,F,F,F,F,F,F,F,F,F,F,F,F,F,F,F,W;W,F,F,F,F,F,F,F,F,F,F,F,F,F,F,F,F,F,F,F,F,F,F,F,dsta,dsta2,F,F,F,F,F,F,F,F,F,F,F,F,F,W;W,F,F,F,F,F,F,F,F,F,F,F,F,F,F,F,F,F,F,F,F,F,F,F,dbok,F,F,F,F,F,F,F,F,F,F,F,F,F,F,W;W,F,F,F,F,F,F,F,F,F,F,F,F,F,F,F,F,F,F,F,F,F,F,F,F,F,F,F,F,F,F,F,F,F,F,F,F,F,F,W;W,F,F,F,F,F,F,F,F,F,W,W,F,F,F,F,F,F,F,F,F,F,F,F,daltb,F,F,F,W,W,F,F,F,F,F,F,F,F,F,W;W,F,F,F,F,F,F,F,F,F,W,W,F,F,F,F,F,F,F,F,P,F,F,F,dbok,dbok,dbok,F,W,W,F,F,F,F,dbok,dbok,F,F,F,W;W,F,F,F,F,F,F,F,F,F,F,F,F,F,F,F,F,F,F,F,F,F,F,F,F,F,F,F,F,F,F,F,F,F,F,F,F,F,dsta,W;W,F,F,F,F,F,F,F,F,F,F,F,F,F,F,F,F,F,F,F,F,F,F,F,F,F,F,F,F,F,F,F,F,F,F,F,F,F,F,W;W,F,F,F,F,F,F,F,F,F,F,F,F,F,F,F,F,F,F,F,Me4r3,F,F,F,F,F,daltb,dped,F,F,F,F,F,F,F,F,F,F,F,W;W,F,F,F,F,F,F,dwin,F,F,F,F,F,F,F,F,F,F,F,F,F,F,F,F,F,F,F,F,F,F,F,F,F,F,F,F,F,F,F,W;W,F,F,F,F,F,F,F,F,F,F,F,F,F,F,F,F,F,F,F,F,F,F,F,F,F,F,F,F,F,F,F,F,F,dcan,dped,F,F,F,W;W,F,F,F,F,F,F,F,F,F,F,F,F,F,F,F,F,F,F,F,F,F,F,F,F,F,F,F,F,F,F,F,F,F,F,dbok,F,F,F,W;W,F,F,F,F,F,F,F,F,F,F,F,F,F,F,F,F,F,F,F,F,F,F,F,F,F,F,F,F,F,F,F,F,F,F,F,F,F,F,W;W,F,F,F,F,F,F,F,F,F,F,F,F,F,F,F,F,F,F,F,F,F,F,F,F,F,F,F,F,F,F,F,F,F,F,F,F,F,F,W;W,F,F,F,F,F,F,F,F,F,F,F,F,F,F,F,F,F,F,F,F,F,F,F,F,F,F,F,F,F,F,F,F,F,F,F,F,F,F,W;W,F,F,F,F,F,F,F,F,F,F,F,F,F,F,F,F,F,F,F,F,F,F,F,F,F,F,F,F,F,F,F,F,F,F,F,F,F,F,W;W,dped,dcan,dbok,F,F,F,F,dcan,daltb,F,F,F,F,F,F,F,F,F,F,F,F,F,F,F,dbok,dbok,dsta2,F,F,F,F,F,F,F,F,F,F,F,W;W,W,W,W,W,W,W,W,W,W,W,W,W,W,W,W,W,W,W,W,DR5,W,W,W,W,W,W,W,W,W,W,W,W,W,W,W,W,W,W,W",0,0,Sacred,,3.6,5,1,
ch3_normal_sacred_25,Normal,36,35,"W,W,W,W,W,W,W,W,W,W,W,W,W,W,W,W,W,W,DR5,W,W,W,W,W,W,W,W,W,W,W,W,W,W,W,W,W;W,F,F,F,F,F,dwcan,F,F,F,F,F,F,F,F,F,F,F,F,F,F,F,F,dsta2,F,F,dsta,dbok,dped,dbok,daltb,F,F,F,F,W;W,F,F,F,F,F,F,F,F,F,F,F,F,F,F,F,F,F,F,F,F,F,F,F,F,F,F,F,F,F,F,F,F,F,F,W;W,F,F,F,F,F,F,F,F,F,F,F,F,F,F,F,F,F,F,F,F,F,F,F,F,F,F,F,F,F,F,F,F,F,dwin,W;W,F,F,F,F,F,F,F,F,F,F,F,F,F,F,F,F,F,F,F,F,F,F,F,F,F,F,F,F,F,F,F,F,F,F,W;W,F,F,F,F,F,F,F,F,F,F,F,F,F,F,F,F,F,F,F,F,F,F,F,F,F,F,F,F,F,F,F,F,F,F,W;W,daltb,dcan,F,F,F,F,F,F,F,F,F,F,F,F,F,F,F,F,F,F,F,F,F,F,F,F,F,F,F,F,F,F,F,F,W;W,F,F,F,F,mc4r3e2,F,F,F,F,F,F,F,F,F,F,F,F,F,F,F,F,F,F,W,F,F,F,F,F,F,F,F,F,mc4r3e2,W;W,F,F,F,F,F,F,F,W,W,F,F,F,F,F,F,F,F,F,F,F,F,F,W,W,F,F,F,F,F,F,F,F,F,F,W;W,F,F,F,F,F,F,F,W,W,F,F,F,F,F,F,F,F,F,F,F,F,F,W,W,F,F,F,F,F,F,F,F,F,F,W;W,F,F,F,F,F,F,F,F,F,F,F,F,F,F,F,F,F,F,F,mc5r4e2,F,F,F,W,F,F,F,F,F,F,F,F,F,F,W;W,F,F,F,F,F,F,F,F,F,F,F,F,F,F,F,F,F,F,F,F,F,F,F,F,F,F,F,F,F,F,F,F,F,F,W;W,F,F,F,F,F,F,F,F,F,F,F,F,F,F,F,F,F,F,F,F,F,F,F,F,F,F,F,F,F,F,F,F,F,F,W;W,F,F,F,F,F,F,F,F,F,F,F,F,F,F,F,F,F,F,F,F,F,F,F,F,F,F,F,F,F,F,F,F,F,F,W;W,F,F,F,F,F,F,F,F,F,F,F,F,dcan,F,F,F,F,F,F,F,F,F,F,F,F,F,F,F,F,F,F,F,F,F,W;W,F,F,F,F,F,F,F,F,F,F,F,F,dcan,F,F,F,F,F,F,F,F,F,F,F,F,F,F,F,F,F,F,F,F,F,W;W,F,F,F,F,F,F,F,F,F,F,F,F,F,W,W,F,F,F,F,F,dsta,W,W,W,F,F,F,F,F,F,F,F,F,F,W;W,F,daltb,F,F,F,F,F,F,F,F,F,F,F,W,W,F,F,F,F,F,dsta,W,W,F,F,F,F,F,F,F,F,F,F,F,DR5;W,F,dbok,F,F,F,F,F,F,F,F,F,F,F,W,W,F,F,F,F,F,F,W,W,F,F,F,F,F,F,F,F,F,F,F,W;W,F,F,F,F,F,F,F,F,F,F,F,F,F,W,W,F,F,F,F,F,F,W,W,W,F,F,F,F,F,F,F,F,F,F,W;W,F,F,F,F,F,F,mc4r3e2,F,F,F,F,F,F,F,F,F,F,F,F,P,F,F,F,F,F,F,F,F,F,F,mc4r3e2,F,F,F,W;W,F,F,F,F,F,F,F,F,F,F,F,F,F,F,F,F,F,F,F,F,F,F,F,F,F,F,F,F,F,F,F,F,F,dcan2,W;W,F,F,F,F,F,F,F,F,F,F,F,F,F,F,F,dbok,F,F,F,F,F,F,F,F,F,F,F,F,F,F,F,F,F,F,W;W,F,F,F,F,F,F,F,F,F,F,dcan,F,dcan,F,F,F,dbok,F,F,F,F,F,F,F,F,F,F,F,F,F,F,F,F,F,W;W,F,F,F,F,F,F,F,F,F,F,F,F,F,F,dbok,F,F,F,F,F,F,F,F,F,dbok,F,F,F,F,F,F,F,F,F,W;W,F,F,F,F,F,F,F,F,F,F,F,F,F,W,W,F,F,F,F,mc4r3e2,F,W,W,W,F,F,F,F,F,F,F,F,F,F,W;W,F,F,F,F,F,dbok,dped,F,F,F,F,F,F,W,W,F,F,F,F,F,F,W,W,F,F,F,F,F,dsta,dsta,F,F,F,dsta,W;W,F,F,F,F,F,F,F,F,F,F,F,F,F,W,W,F,F,F,F,F,F,W,W,dcan2,dcan,dbok,F,F,F,F,F,F,F,dbok,W;W,F,F,F,F,F,F,F,F,F,F,F,F,F,W,W,F,F,F,F,F,F,W,W,W,dbok,F,F,F,F,F,F,F,F,dcan,W;W,F,F,F,F,F,F,mc4r3e2,F,F,dbok,F,F,F,F,F,F,F,F,F,F,F,F,F,dbok,F,F,F,F,F,F,mc4r3e2,F,F,dped,W;W,F,F,F,F,F,F,F,F,F,F,dbok,F,F,F,F,F,F,F,F,F,F,F,F,F,F,F,F,F,F,F,F,F,F,daltb,W;W,F,F,F,F,F,F,F,F,F,F,F,F,F,F,F,F,F,F,F,F,F,F,F,F,F,F,F,F,F,F,F,F,F,F,W;W,F,F,F,F,F,F,F,F,F,F,F,F,F,F,F,F,F,F,F,F,F,F,F,F,F,F,F,F,F,F,F,F,F,F,W;W,F,F,F,F,F,F,F,F,F,F,F,F,F,F,F,F,F,F,F,F,F,F,F,F,F,F,F,F,F,F,F,F,F,F,W;W,W,W,W,W,W,W,W,W,W,W,W,W,W,W,W,W,W,DR5,W,W,W,W,W,W,W,W,W,W,W,W,W,W,W,W,W",0,0,Sacred,,1.7,4,1,
ch3_preboss_sacred_01,PreBoss,36,36,"W,W,W,W,W,W,W,W,W,W,W,W,W,W,W,W,W,W,DR5,W,W,W,W,W,W,W,W,W,W,W,W,W,W,W,W,W;W,dsta2,dcan,dbok,F,F,F,F,F,F,F,F,F,F,dros,F,F,F,F,F,F,F,F,F,F,F,F,F,F,F,F,F,F,F,F,W;W,dcan,dbok,F,F,F,F,F,F,F,F,F,F,F,F,F,F,F,F,F,F,F,F,F,F,F,F,F,F,F,F,F,F,F,F,W;W,dbok,F,F,F,F,F,F,F,F,F,F,F,F,F,F,F,F,F,F,F,F,F,F,F,F,F,F,F,F,F,F,F,F,F,W;W,F,F,F,F,F,F,F,F,F,F,F,F,F,F,F,F,F,F,F,F,F,F,F,F,F,F,F,F,F,F,F,F,F,dros,W;W,F,F,F,F,F,F,F,F,F,F,F,F,F,F,F,F,F,F,F,F,F,F,F,F,F,F,F,F,F,F,F,F,F,F,W;W,F,F,F,F,F,F,F,F,F,F,F,F,F,F,F,F,F,F,F,F,F,F,F,F,F,F,F,F,F,F,F,F,F,F,W;W,F,F,F,F,F,F,F,F,F,F,F,F,F,F,F,F,F,F,F,F,F,F,F,F,F,F,F,F,F,F,F,daltb,dsta2,dped,W;W,F,F,F,F,F,F,F,F,F,F,F,F,F,F,F,F,F,F,F,F,F,F,F,F,F,F,F,F,F,F,F,F,dbok,daltb,W;W,F,F,F,F,F,F,F,F,F,F,F,F,F,F,F,F,F,F,F,F,F,F,F,F,F,F,F,F,F,F,F,F,F,F,W;W,F,F,F,F,F,F,F,F,F,F,F,F,F,F,F,F,F,F,F,F,F,F,F,F,F,F,F,F,F,F,F,F,F,F,W;W,F,F,F,F,F,F,F,F,F,F,F,F,F,F,F,F,F,F,F,F,F,F,F,F,F,F,F,F,F,F,F,F,F,F,W;W,F,F,F,F,F,dsta,dcan,F,F,F,F,F,F,F,F,F,F,F,F,F,F,F,F,F,F,F,F,F,F,F,F,F,F,F,W;W,F,F,F,F,F,F,F,F,F,F,F,F,F,F,F,F,F,F,F,F,F,F,F,F,F,F,F,F,F,F,F,F,F,F,W;W,F,F,F,F,F,F,F,F,F,F,F,F,F,F,F,F,F,F,F,F,F,F,F,F,F,F,F,F,F,F,F,F,F,F,W;W,F,F,F,F,F,F,F,F,F,F,F,F,F,F,F,F,F,F,F,F,F,F,F,F,F,F,F,F,daltb,F,F,F,F,dbok,W;W,F,F,F,F,F,F,F,F,F,F,F,F,F,F,F,F,F,F,F,F,F,F,F,F,F,F,F,dbok,dped,F,F,F,dsta,dped,W;W,F,F,F,F,F,F,F,F,F,F,F,F,F,F,F,F,F,F,F,F,F,F,F,F,F,F,F,F,dcan2,F,F,F,F,F,W;W,F,F,F,F,F,dbok,dbok,F,F,F,F,F,F,F,F,F,F,P,F,F,F,F,F,F,F,F,F,F,F,F,F,F,F,F,W;W,F,F,F,F,F,F,F,F,F,F,F,F,F,F,F,F,F,F,F,F,F,F,F,F,F,F,F,F,F,F,F,F,F,F,W;W,F,F,F,F,F,F,F,F,F,F,F,F,F,F,F,F,F,F,F,F,F,F,F,F,F,dbok,dbok,F,F,F,F,F,F,F,W;W,F,F,F,F,F,F,F,F,F,F,F,dwin,F,F,F,F,F,F,F,F,F,F,F,F,F,F,dbok,dbok,dcan,F,F,F,F,F,W;W,F,F,F,F,F,F,F,F,F,F,F,F,F,F,F,F,F,F,F,F,F,damb,F,F,F,F,F,F,F,F,F,F,F,F,W;W,F,F,F,F,F,F,F,F,F,F,F,F,F,F,F,F,F,F,F,F,F,dbok,F,F,F,F,F,F,F,F,F,F,F,F,W;W,F,dbok,F,F,F,F,F,F,F,F,F,F,F,F,F,F,F,F,F,F,F,F,F,F,F,F,F,F,F,F,F,F,F,F,W;W,F,daltb,F,F,F,F,F,F,F,F,F,F,F,F,F,F,F,F,F,F,F,F,F,F,F,F,F,F,F,F,F,F,F,F,W;W,F,F,F,F,F,F,F,F,F,F,F,F,F,F,F,F,F,F,F,F,F,F,F,F,F,F,F,F,F,F,dbok,F,F,F,W;W,F,F,F,F,F,F,F,F,F,F,F,F,F,F,F,F,F,F,F,F,F,F,F,F,F,F,F,F,F,dcan,dsta2,dbok,F,F,W;W,F,F,F,F,F,F,F,F,F,F,F,F,F,F,F,F,F,F,F,F,F,F,F,F,F,F,F,F,F,F,damb,F,F,F,W;W,F,F,F,F,F,F,F,F,F,F,F,F,F,F,F,F,F,F,F,F,F,F,F,F,F,F,F,F,F,F,F,F,F,F,W;W,F,F,F,F,F,F,F,F,F,F,F,F,F,F,F,F,F,F,F,F,F,dbok,damb,F,F,F,F,F,F,F,F,F,F,F,W;W,F,F,F,F,F,F,F,F,F,F,F,F,F,F,F,F,F,F,F,F,F,F,F,F,F,F,F,F,F,F,F,F,F,dwin,W;W,F,F,F,F,F,F,F,F,F,F,F,F,F,F,F,F,F,F,F,F,F,F,F,F,F,F,F,F,F,F,F,F,F,F,W;W,F,F,F,F,F,F,F,F,F,F,F,F,F,F,F,F,F,F,F,F,F,F,F,F,F,F,F,F,F,F,F,F,F,F,W;W,F,F,F,F,F,F,F,F,F,F,F,F,F,F,F,F,F,F,F,F,F,F,F,F,F,F,F,F,F,F,F,F,F,dsta2,W;W,W,W,W,W,W,W,W,W,W,W,W,W,W,W,W,W,W,DR5,W,W,W,W,W,W,W,W,W,W,W,W,W,W,W,W,W",0,0,Sacred,,0,0,1,Road_Boss_Ch3
ch3_boss_sacred_01,Boss,44,44,"W,W,W,W,W,W,W,W,W,W,W,W,W,W,W,W,W,W,W,W,W,W,W,W,W,W,W,W,W,W,W,W,W,W,W,W,W,W,W,W,W,W,W,W;W,F,F,F,F,F,F,F,F,F,F,F,F,F,F,F,F,F,F,F,F,F,F,F,F,F,F,F,F,F,F,F,F,F,F,F,F,F,F,F,F,F,F,W;W,F,F,F,F,F,F,F,F,F,F,F,F,F,F,F,F,F,dcan,F,F,F,F,F,F,F,F,F,F,F,F,F,F,F,F,F,F,F,F,F,F,F,F,W;W,F,F,F,F,F,F,F,F,F,F,F,F,F,F,F,F,F,F,F,F,F,F,F,F,F,F,F,F,F,F,F,F,F,F,F,F,F,F,F,F,F,F,W;W,F,F,F,F,F,F,F,W,F,F,F,F,F,F,W,F,F,F,F,F,F,F,F,F,F,F,F,F,W,F,F,F,F,F,F,W,F,F,F,F,F,F,W;W,F,F,F,F,F,F,F,F,F,F,F,F,F,F,F,F,F,F,F,F,F,F,F,F,F,F,F,F,F,F,F,F,F,F,F,F,F,F,F,F,F,F,W;W,F,F,F,F,F,F,F,F,F,F,F,F,F,F,F,F,F,F,F,F,F,F,F,dcan2,F,F,F,F,F,F,F,F,dped,F,F,F,F,F,F,F,F,F,W;W,F,F,F,F,F,F,F,W,F,F,F,F,F,F,W,F,F,F,F,F,F,F,F,F,F,F,F,F,W,F,F,F,F,F,F,W,F,F,F,F,F,F,W;W,F,F,F,F,F,F,F,F,F,F,F,F,F,F,F,F,F,F,F,F,F,F,F,F,F,F,F,F,F,F,F,F,F,F,F,F,F,F,F,F,F,F,W;W,F,F,F,F,F,F,F,F,F,F,F,F,F,F,F,F,F,F,F,F,F,F,F,F,F,F,F,F,F,F,F,F,F,F,F,F,F,F,F,F,F,F,W;W,F,F,F,F,F,dbok,F,W,F,F,F,F,F,F,W,F,F,F,F,F,F,F,F,F,F,F,F,F,W,F,F,F,F,F,F,W,F,F,F,F,F,F,W;W,F,F,F,F,F,F,F,F,F,F,F,F,F,F,F,F,F,F,F,F,F,F,F,F,F,F,F,F,F,F,F,F,F,F,F,F,F,F,F,F,F,F,W;W,F,F,F,F,F,F,F,F,F,F,F,F,F,F,F,F,F,F,F,F,F,F,F,F,F,F,F,F,F,F,F,F,F,F,F,F,F,dped,F,F,F,F,W;W,F,F,F,F,F,F,F,W,F,F,F,F,F,F,W,F,F,F,F,F,F,F,F,F,F,F,F,F,W,F,dbok,F,F,F,F,W,F,F,F,F,F,F,W;W,F,F,F,F,F,F,F,F,F,F,F,F,F,F,F,F,F,F,F,F,F,F,F,F,F,F,F,F,F,F,F,F,F,F,F,F,F,F,F,F,F,F,W;W,F,F,F,F,F,F,F,F,F,F,F,F,F,F,F,F,F,F,F,F,F,F,F,F,F,F,F,F,F,F,F,F,F,F,F,F,F,F,F,F,F,F,W;W,F,F,F,F,F,F,F,W,F,F,F,F,F,F,W,F,F,F,F,F,F,F,F,F,F,F,F,F,W,F,F,F,F,F,F,W,F,F,F,F,F,F,W;W,F,F,F,F,F,F,F,F,F,F,F,F,dcan2,F,F,F,F,F,F,F,F,F,F,F,F,F,F,F,F,F,F,F,F,F,F,F,F,F,F,F,F,F,W;W,F,F,F,F,F,F,F,F,F,F,F,F,F,F,F,F,F,F,dalt,F,F,F,F,F,F,F,F,F,F,F,F,F,F,F,F,F,F,F,F,F,F,F,W;W,F,F,F,F,F,F,F,W,F,F,F,F,F,F,W,F,F,F,F,F,F,F,F,F,F,F,F,F,W,F,F,F,F,F,F,W,F,F,F,F,F,F,W;W,dwcan,F,F,F,F,F,F,F,F,F,dsta,F,F,F,F,F,F,F,F,F,F,F,F,F,F,F,F,F,F,F,F,F,F,F,F,F,F,F,F,F,F,F,W;W,F,F,F,F,F,F,F,F,F,F,F,F,F,F,F,F,F,F,F,F,F,F,F,F,F,F,F,F,F,F,F,F,F,F,F,F,F,F,F,F,F,F,W;W,F,F,F,F,F,F,F,W,F,F,F,F,F,F,W,F,F,F,F,F,F,B,F,F,F,F,F,F,W,F,F,F,F,F,F,W,F,F,F,F,F,F,W;W,F,F,F,F,F,F,F,F,F,F,F,F,F,F,F,F,F,F,F,F,F,F,F,F,F,F,F,F,F,F,F,F,F,F,F,F,F,F,F,F,F,F,W;W,F,F,F,F,F,F,F,F,F,F,F,F,F,F,F,F,F,F,F,F,F,F,F,F,F,F,F,F,F,F,F,F,F,F,F,F,F,F,dcha,F,F,F,W;W,F,F,F,F,F,F,F,W,F,F,F,F,F,F,W,F,F,F,F,F,F,F,F,F,F,F,F,F,W,F,F,F,F,F,F,W,F,F,F,F,F,F,W;W,F,F,F,F,F,F,F,F,F,F,F,F,dbok,F,F,F,F,F,F,F,F,F,F,F,F,F,F,F,F,F,F,F,F,F,F,F,F,F,F,F,F,F,W;W,F,F,F,F,F,F,F,F,F,F,F,F,F,F,F,F,F,F,F,F,F,F,F,F,F,F,F,F,F,F,F,F,F,F,F,F,F,F,F,F,F,F,W;W,F,F,F,F,F,F,F,W,F,F,F,F,F,F,W,F,F,F,F,F,F,F,F,F,F,F,F,F,W,F,F,F,F,F,F,W,F,F,F,F,F,F,W;W,F,F,F,F,F,F,F,F,F,F,F,F,F,F,F,F,F,F,F,F,F,F,F,F,F,F,F,F,F,F,F,F,F,F,F,F,F,F,F,F,F,F,W;W,F,F,F,F,F,F,F,F,F,F,F,F,F,F,F,F,F,F,F,F,F,F,F,F,F,F,F,F,F,F,F,F,F,F,F,F,F,F,F,F,F,F,W;W,F,F,F,F,F,F,F,W,F,F,F,F,F,F,W,F,F,F,F,F,F,F,F,F,F,F,F,F,W,F,F,F,F,F,F,W,F,F,F,F,F,F,W;W,F,F,F,F,F,F,F,F,F,F,F,F,F,F,F,F,F,F,F,dsta,F,F,F,F,F,F,F,F,F,F,F,F,F,F,F,F,F,F,F,F,F,F,W;W,F,F,F,F,F,F,F,F,F,F,F,F,F,F,F,F,F,F,F,F,F,F,F,F,F,F,F,F,F,F,F,F,F,F,F,F,F,F,F,F,F,F,W;W,F,F,F,F,F,F,F,W,F,F,F,F,F,F,W,F,F,F,F,F,F,F,F,dcan,F,F,F,F,W,F,F,F,F,F,F,W,F,F,F,F,F,F,W;W,F,F,F,F,F,F,F,F,F,F,F,F,F,F,F,F,F,F,F,F,F,F,F,F,F,F,F,F,F,F,F,F,F,F,F,F,F,F,F,F,F,F,W;W,F,F,F,F,F,F,F,F,F,F,F,F,F,F,F,F,F,F,F,F,F,F,F,F,F,F,F,F,F,F,F,F,F,F,F,F,F,F,F,F,F,F,W;W,F,F,F,F,F,F,F,W,F,F,F,F,F,F,W,F,F,F,F,F,F,F,F,F,dped,F,F,F,W,F,F,F,F,F,F,W,F,F,F,F,F,F,W;W,F,F,F,F,F,F,F,F,F,F,F,F,F,F,F,F,F,F,F,F,F,F,F,F,F,F,F,F,F,F,F,F,F,F,F,F,F,F,F,F,F,F,W;W,F,F,F,F,F,F,F,dcan,F,F,F,F,F,F,F,F,F,F,F,dped,F,F,F,F,F,F,F,F,F,F,F,F,F,F,F,F,F,F,F,F,F,F,W;W,F,F,F,F,F,F,F,F,F,F,F,F,F,F,F,F,dcan2,F,F,F,F,P,F,F,F,F,F,F,F,dcan,F,F,F,F,F,F,F,F,F,F,F,F,W;W,F,F,F,F,F,F,F,F,dcan,F,F,F,F,F,F,F,F,F,F,F,F,F,F,F,F,F,F,F,F,F,F,F,F,F,F,F,damb,F,F,F,F,F,W;W,F,F,F,F,F,F,F,F,F,F,F,F,F,F,F,F,F,F,F,F,F,F,F,F,F,F,F,F,F,F,F,F,F,F,F,F,F,F,F,F,F,F,W;W,W,W,W,W,W,W,W,W,W,W,W,W,W,W,W,W,W,W,W,W,W,DR5,W,W,W,W,W,W,W,W,W,W,W,W,W,W,W,W,W,W,W,W,W",0,0,Sacred,,4,0,1,Arena_Boss_Ch3
ch3_event_noheal_01,Event,32,32,"W,W,W,W,W,W,W,W,W,W,W,W,W,W,W,W,DR5,W,W,W,W,W,W,W,W,W,W,W,W,W,W,W;W,F,F,F,F,F,F,F,F,F,dwcan,F,F,F,F,F,F,F,F,F,F,F,F,F,F,F,F,F,F,F,F,W;W,F,W,W,F,F,F,F,F,F,F,F,F,F,F,F,F,F,F,F,F,F,F,F,F,F,F,W,W,F,F,W;W,F,W,W,F,F,F,F,F,F,F,F,F,F,F,F,F,F,F,F,F,F,F,F,dcan2,F,F,W,W,F,dwcan,W;W,F,F,F,F,F,W,F,F,F,F,W,F,F,F,F,F,F,F,F,F,W,F,F,F,F,W,F,F,F,F,W;W,F,F,F,F,F,F,F,F,F,F,F,F,F,F,F,F,F,F,F,F,F,F,F,F,F,F,F,F,damb,F,W;W,F,F,F,F,F,F,F,F,F,F,F,F,F,F,F,F,F,F,F,F,F,F,F,F,F,F,F,F,F,F,W;W,F,F,F,F,F,W,F,F,F,F,W,F,dcha,F,F,F,F,F,F,F,W,F,F,F,F,W,F,F,F,F,W;W,F,F,F,F,F,F,F,F,F,F,F,F,F,F,F,mc3r2e2,F,F,F,F,F,F,F,dcan,F,F,F,F,F,dwcan,W;W,F,F,F,F,F,F,F,F,F,F,F,F,F,F,F,F,F,F,F,F,F,F,F,F,F,F,F,F,F,F,W;W,F,F,dbok,F,F,W,F,F,F,F,W,F,dalt,F,F,F,F,F,F,F,W,F,F,F,F,W,F,F,F,F,W;W,F,F,F,F,F,F,F,F,F,F,F,F,F,F,F,F,F,F,F,F,F,F,F,F,F,F,F,F,F,F,W;W,F,F,F,F,F,F,F,F,F,F,F,F,F,F,F,F,F,F,F,F,F,F,F,F,F,F,F,F,F,F,W;W,F,F,F,F,F,W,F,F,F,F,W,F,F,F,F,F,F,F,F,F,W,F,F,F,F,W,F,F,F,dwcan,W;W,F,dcan,F,F,F,F,F,F,F,F,F,F,F,F,F,F,F,F,F,F,F,F,F,F,F,F,F,F,F,F,W;W,F,F,F,F,F,F,F,F,F,F,F,F,F,F,F,F,F,F,F,F,F,F,F,F,F,F,F,F,F,F,W;W,F,F,F,F,F,W,F,mc3r2e2,F,F,W,F,F,F,F,P,F,F,F,F,F,mc3r2e2,F,F,F,W,F,F,F,F,DR5;W,F,F,F,F,F,F,F,F,F,F,F,F,F,F,F,F,F,F,F,F,F,F,F,F,F,F,F,F,F,F,W;W,F,F,F,F,F,F,F,F,F,F,F,F,F,F,F,F,F,F,F,F,F,F,F,F,F,F,F,F,F,F,W;W,F,F,F,F,F,W,F,F,F,F,W,F,F,F,dcan2,F,F,F,F,F,W,F,F,F,F,W,F,F,F,F,W;W,F,F,F,F,F,F,F,F,F,F,F,F,F,F,F,F,F,F,F,F,F,F,F,F,F,F,F,F,F,F,W;W,F,F,F,F,F,F,F,F,F,F,F,F,dcan,F,F,F,F,F,F,F,F,F,F,F,F,F,F,F,F,F,W;W,F,F,F,F,F,W,F,F,F,F,W,F,F,F,F,mc3r2e2,F,F,F,F,W,F,F,F,F,W,F,F,F,F,W;W,F,F,F,F,F,F,F,F,F,F,F,F,F,F,F,F,F,F,dcan,F,F,F,F,F,F,F,F,F,F,F,W;W,F,F,F,F,F,F,F,F,F,F,F,F,F,F,F,F,F,F,F,F,F,F,F,F,F,F,F,F,F,F,W;W,F,F,F,F,F,W,F,F,dped,F,W,F,F,F,F,F,F,F,F,F,W,F,F,F,F,W,F,F,F,F,W;W,F,F,F,F,F,F,F,F,F,F,F,F,F,F,F,F,F,F,F,F,F,F,F,dped,F,F,F,F,F,F,W;W,F,W,W,F,F,F,F,F,F,F,F,dcan,F,F,F,F,F,F,F,F,F,F,F,F,F,F,W,W,F,F,W;W,F,W,W,F,F,F,F,F,F,F,F,F,F,F,F,F,F,F,F,F,F,F,F,F,F,F,W,W,F,F,W;W,F,F,F,F,F,F,F,F,F,F,F,F,F,F,F,F,F,F,F,F,F,dcan2,F,F,F,F,F,F,F,dwcan,W;W,F,F,F,F,F,F,F,F,F,F,dros,F,dwin,F,F,F,F,F,F,F,F,F,F,F,F,F,F,F,F,F,W;W,W,W,W,W,W,W,W,W,W,W,W,W,W,W,W,DR5,W,W,W,W,W,W,W,W,W,W,W,W,W,W,W",0,0,Sacred,,0.8,3,1,
ch3_crucible_01,Crucible,30,37,"W,W,W,W,W,W,W,W,W,W,W,W,W,W,W,DR5,W,W,W,W,W,W,W,W,W,W,W,W,W,W;W,F,F,F,F,F,F,F,F,F,F,F,F,F,F,F,F,F,F,F,F,F,dwin,F,F,F,F,F,F,W;W,F,F,F,F,F,F,F,F,F,F,F,F,dcan,F,F,F,F,F,F,F,F,F,F,F,F,F,F,F,W;W,F,F,F,F,F,F,F,dsta,F,F,F,F,F,F,F,F,F,F,F,F,F,F,F,F,F,F,F,F,W;W,F,F,F,F,W,F,F,F,F,W,F,F,F,F,F,dcan2,F,F,F,W,F,F,F,F,W,F,F,F,W;W,F,F,F,F,F,F,F,F,F,F,F,F,F,F,F,F,F,F,F,F,F,F,F,F,F,F,F,F,W;W,F,F,F,W,W,W,F,F,W,W,W,F,F,F,F,W,W,W,F,F,W,W,W,F,F,F,F,F,W;W,F,F,F,F,W,F,F,F,F,W,F,F,F,F,F,F,F,dwcan,F,W,F,F,F,F,W,F,dcan,F,W;W,F,F,F,F,F,F,F,F,F,F,F,F,F,F,F,F,F,F,F,F,F,F,F,F,F,F,F,F,W;W,F,F,F,F,F,F,F,F,F,F,F,F,F,F,F,F,F,F,F,F,F,F,F,F,F,F,F,F,W;W,F,F,F,F,W,F,F,F,F,W,F,F,F,F,P,F,F,F,F,W,F,F,F,F,W,F,F,F,W;W,F,F,F,F,F,F,F,F,F,F,F,F,F,F,F,F,F,F,F,F,F,F,F,F,F,F,F,dwcan,W;W,F,F,F,F,F,F,F,F,F,F,F,F,F,dalt,F,F,F,F,F,F,F,F,F,F,F,F,F,F,W;W,F,F,F,F,W,F,F,F,F,W,F,F,F,F,F,F,F,F,F,W,F,F,F,F,W,F,F,F,W;W,F,F,F,F,F,F,F,F,F,F,F,F,F,F,F,F,F,F,F,F,F,F,dsta2,F,F,F,F,dros,W;W,F,F,F,F,F,F,F,F,F,F,F,F,F,F,F,F,F,F,F,F,F,F,F,F,F,F,F,F,W;W,F,F,F,F,W,F,F,F,F,F,F,F,F,F,F,F,F,F,F,W,F,F,F,F,W,F,F,F,W;W,F,F,F,F,F,F,F,F,F,F,F,F,F,F,F,F,F,F,F,F,F,F,F,F,F,F,F,F,W;W,F,F,F,F,F,F,F,F,F,F,F,F,F,F,F,F,F,F,F,F,F,F,F,F,F,F,F,F,W;W,F,F,F,F,W,F,F,F,F,F,F,F,F,F,F,F,F,F,F,W,F,F,F,F,W,F,F,F,W;W,F,F,F,F,F,F,F,F,F,F,F,F,F,F,F,F,F,F,F,F,F,F,F,F,F,F,F,F,W;W,F,F,F,F,F,F,F,F,F,F,F,F,F,F,F,F,F,F,F,F,F,F,F,F,F,F,F,F,W;W,dwin,F,F,F,W,F,F,F,F,W,F,F,F,F,F,F,F,F,F,W,F,F,dcan2,F,W,F,F,F,W;W,F,F,F,F,F,F,F,F,F,F,F,F,F,F,F,F,F,F,F,F,F,F,F,F,F,F,F,F,W;W,F,F,dsta2,F,F,F,F,F,F,F,F,F,F,F,F,F,F,F,F,F,F,F,F,F,F,F,F,F,W;W,F,F,F,F,W,F,F,F,F,W,F,F,F,F,F,F,F,F,F,W,F,F,F,F,W,F,F,F,W;W,F,F,F,F,F,F,F,F,F,F,F,F,F,F,F,F,F,F,F,F,F,F,F,F,F,F,F,F,W;W,F,F,dcha,F,F,F,F,F,F,F,F,F,dcan,F,F,F,F,dsta2,F,F,F,F,F,F,F,F,F,F,W;W,F,F,F,F,W,F,F,F,F,W,F,F,F,F,F,F,F,F,F,W,F,F,F,F,W,F,F,F,W;W,F,F,F,F,F,F,F,dcan2,F,F,F,F,F,F,F,F,F,F,F,F,F,F,F,F,F,F,F,F,W;W,F,F,F,F,F,F,F,F,F,F,F,F,F,F,dcan,F,F,dped,F,F,F,F,F,F,F,F,dbok,F,W;W,F,F,F,F,W,F,F,F,F,W,F,F,F,F,F,F,F,F,F,W,F,F,F,F,W,F,F,F,W;W,F,F,F,F,F,F,F,F,F,F,F,F,F,F,F,F,F,F,F,F,F,F,dcan,F,F,F,F,F,W;W,F,F,F,F,F,F,dcan,F,F,F,F,F,F,F,F,F,F,F,F,F,F,F,F,F,F,F,F,F,W;W,F,F,F,F,F,F,F,F,F,F,F,F,F,F,F,F,F,F,F,F,F,F,F,F,F,F,F,F,W;W,F,F,F,F,F,F,F,F,F,F,F,F,F,F,F,F,F,F,F,F,F,F,F,F,F,F,F,F,W;W,W,W,W,W,W,W,W,W,W,W,W,W,W,W,DR5,W,W,W,W,W,W,W,W,W,W,W,W,W,W",0,0,Sacred,,0,0,1,
ch3_event_sacrifice_01,Event,22,22,"W,W,W,W,W,W,W,W,W,W,DR5,W,W,W,W,W,W,W,W,W,W,W;W,dsta,dcan,dbok,F,dwin,F,F,F,F,F,F,F,F,F,F,F,F,F,dsta,F,W;W,daltb,dbok,F,F,F,F,F,F,F,F,F,F,F,F,F,F,F,F,dcan,F,W;W,dbok,F,F,F,F,F,F,F,F,F,F,F,F,F,F,F,F,F,dbok,F,W;W,F,F,F,F,F,F,F,F,F,F,F,F,F,F,F,F,F,F,dsta,F,W;W,dwin,F,F,F,F,F,F,F,F,F,F,F,F,F,F,F,F,F,dcan,F,W;W,F,F,F,F,F,F,F,F,F,F,F,F,F,F,F,F,F,F,dbok,F,W;W,F,F,F,F,F,F,F,F,F,F,F,F,F,F,F,F,F,F,F,F,W;W,F,F,F,F,F,F,F,F,F,F,F,F,F,F,F,F,F,F,F,F,W;W,F,F,F,F,F,F,F,F,F,F,F,F,F,F,F,F,F,F,F,F,W;W,F,F,F,F,F,F,F,F,F,F,F,F,F,F,F,F,F,F,F,F,W;W,F,F,F,F,F,F,F,F,F,F,F,F,F,F,F,F,F,F,F,F,W;W,F,F,F,F,F,F,F,F,F,F,F,F,F,F,F,F,F,F,F,F,W;W,F,F,F,F,F,F,F,F,F,F,F,F,F,F,F,F,F,F,F,F,W;W,F,F,F,F,F,F,F,F,F,F,F,F,F,F,F,F,F,F,F,F,W;W,F,F,F,F,F,F,F,F,F,F,F,F,F,F,F,F,F,F,F,F,W;W,F,F,F,F,F,F,F,F,F,P,F,F,F,F,F,F,F,F,F,F,W;W,F,F,F,F,F,F,F,F,F,F,F,F,F,F,F,F,F,F,F,F,W;W,F,F,F,F,F,F,F,F,F,F,F,F,F,F,F,F,F,F,F,F,W;W,F,F,F,F,F,F,F,F,F,F,F,F,F,F,F,F,F,F,F,F,W;W,F,F,F,F,F,F,dwin,F,F,F,F,F,F,F,F,F,F,F,F,F,W;W,W,W,W,W,W,W,W,W,W,DR5,W,W,W,W,W,W,W,W,W,W,W",0,0,Sacred,,0.0,0,1,
ch3_event_sanctum_01,Event,22,22,"W,W,W,W,W,W,W,W,W,W,DR5,W,W,W,W,W,W,W,W,W,W,W;W,F,F,F,F,F,F,F,F,F,F,F,F,F,F,dwin,F,F,F,F,F,W;W,F,F,F,F,F,F,F,F,F,F,F,F,F,F,F,F,F,daltb,F,F,W;W,F,F,F,F,F,F,F,F,F,F,F,F,F,F,F,F,F,F,F,F,W;W,F,F,F,F,F,F,F,F,F,F,F,F,F,F,F,dbok,F,F,F,F,W;W,F,F,F,F,F,F,F,F,F,F,F,F,F,F,F,F,F,dbok,F,F,W;W,F,F,F,F,F,F,F,F,F,F,F,F,F,F,F,F,F,dbok,F,F,W;W,F,F,F,F,F,F,F,F,F,F,F,F,F,F,F,F,F,F,F,F,W;W,F,F,F,F,F,F,F,F,F,CV,F,F,F,F,F,F,F,F,F,F,W;W,F,F,F,F,F,F,F,F,F,F,F,F,F,F,F,F,F,F,F,F,W;W,F,F,F,F,F,F,F,F,F,F,F,F,F,F,F,F,F,F,F,F,W;W,F,F,F,F,F,F,F,F,F,F,F,F,F,F,F,F,F,F,F,F,W;W,F,F,F,F,F,F,F,F,F,F,F,F,F,F,F,F,F,F,F,F,W;W,F,dbok,F,F,F,F,F,F,F,F,F,F,F,F,F,F,F,F,F,F,W;W,F,dbok,dalt,damb,F,F,F,F,F,F,F,F,F,F,F,F,F,F,F,F,W;W,F,F,damb,F,F,F,F,F,F,F,F,F,F,F,F,F,F,F,F,F,W;W,F,dbok,F,F,F,F,F,F,F,P,F,F,F,F,F,F,F,F,F,dwin,W;W,dwcan,F,F,F,F,F,F,F,F,F,F,F,F,F,F,F,F,F,F,F,W;W,F,F,F,F,F,F,F,F,F,F,F,F,F,F,F,F,F,F,F,F,W;W,F,F,F,F,F,F,F,F,F,F,F,F,F,F,F,F,F,F,F,F,W;W,F,F,dwin,F,F,F,F,F,F,F,F,F,F,F,dros,F,F,F,F,F,W;W,W,W,W,W,W,W,W,W,W,DR5,W,W,W,W,W,W,W,W,W,W,W",0,0,Sacred,,0.0,0,1,
ch3_refinery_01,Refinery,30,37,"W,W,W,W,W,W,W,W,W,W,W,W,W,W,W,DR5,W,W,W,W,W,W,W,W,W,W,W,W,W,W;W,dwcan,F,F,F,F,F,F,F,F,F,F,F,F,F,F,F,F,F,F,F,F,F,F,F,F,F,F,F,W;W,F,F,F,F,F,F,F,F,F,F,F,F,F,F,F,F,F,F,F,F,F,F,F,F,F,F,F,F,W;W,F,F,F,F,F,F,F,F,F,F,F,F,F,F,F,F,F,F,F,F,F,F,F,F,F,F,F,F,W;W,dwin,damb,F,F,W,F,F,F,F,W,F,F,F,F,F,F,F,F,F,W,F,F,F,F,W,F,F,F,W;W,F,daltb,damb,F,F,F,F,F,F,F,F,F,F,F,F,F,dped,damb,F,F,F,F,F,F,F,F,F,F,W;W,F,dcan,dcan2,W,W,W,F,F,W,W,W,F,F,F,F,W,W,W,F,F,W,W,W,F,dsta,dcan,dbok,dsta,W;W,F,F,F,dped,W,dbok,F,F,F,W,F,F,F,F,F,F,F,F,dwcan,W,F,F,F,F,W,F,F,F,W;W,F,F,F,dcan,dbok,F,F,F,dbok,damb,damb,F,F,F,F,F,F,F,F,F,F,F,F,F,F,F,F,F,W;W,F,F,F,dbok,F,F,F,F,F,dsta,F,F,F,F,F,F,F,F,F,F,F,F,F,F,F,F,F,F,W;W,F,F,F,F,W,F,F,F,F,W,F,F,F,F,P,F,F,F,F,W,F,F,F,F,W,F,F,F,W;W,F,F,F,F,F,F,F,F,F,F,F,F,F,F,F,F,F,F,F,F,F,F,F,F,F,F,F,F,W;W,F,F,F,F,F,F,F,F,F,F,F,F,F,F,F,F,F,F,F,F,F,F,F,F,F,F,F,F,W;W,F,F,F,F,W,F,F,F,F,W,F,F,F,F,F,F,F,F,F,W,F,F,F,F,W,F,F,F,W;W,F,F,F,F,F,F,F,F,F,F,F,F,F,F,F,F,F,F,F,F,F,F,F,F,F,F,F,F,W;W,daltb,F,F,F,F,F,dbok,F,F,F,F,F,F,F,F,F,F,F,F,F,F,F,F,F,F,F,F,F,W;W,F,F,dbok,F,W,dbok,F,F,F,F,F,F,F,F,F,F,F,F,F,W,F,F,F,F,W,F,F,F,W;W,F,F,daltb,F,dbok,F,F,F,F,F,F,F,F,F,F,F,F,F,F,F,F,F,F,F,F,F,F,F,W;W,F,F,F,F,F,F,F,F,F,F,F,F,F,F,F,F,F,F,F,F,F,F,F,F,F,F,F,F,W;W,F,F,F,F,W,F,F,F,F,F,F,F,F,F,F,F,F,F,F,W,F,F,F,F,W,F,F,F,W;W,F,F,F,F,F,F,F,F,F,F,F,F,F,F,F,F,F,F,F,F,F,F,F,F,F,F,F,F,W;W,dwcan,F,F,F,F,F,F,F,F,F,F,F,F,F,F,F,F,F,F,F,F,F,F,F,F,F,F,F,W;W,F,F,F,F,W,F,F,F,F,W,F,F,F,F,F,F,F,F,F,W,F,F,F,F,W,F,F,F,W;W,dwcan,F,F,F,F,F,F,F,F,F,F,F,F,F,F,F,F,F,F,F,F,F,F,F,F,F,F,F,W;W,F,F,F,F,F,F,F,F,F,F,F,F,F,F,F,F,F,F,dbok,dbok,F,F,F,F,F,F,F,F,W;W,F,F,F,F,W,F,F,F,F,W,F,F,F,F,F,F,F,dbok,dsta2,W,F,F,F,F,W,F,F,F,W;W,F,F,F,F,F,F,F,F,F,F,F,F,F,F,F,F,F,F,F,F,F,F,F,F,F,F,F,F,W;W,F,F,F,F,F,F,F,F,F,F,F,F,F,F,F,F,F,F,F,F,F,F,F,F,F,dcan,F,F,W;W,F,F,F,F,W,F,F,F,F,W,F,F,F,F,F,F,F,F,F,W,F,F,F,F,W,dbok,dbok,F,W;W,F,F,F,F,F,F,F,F,F,dwcan,F,F,F,F,F,F,F,F,F,F,F,F,F,F,F,F,F,F,W;W,F,F,F,F,F,F,F,F,F,F,F,F,F,F,F,F,F,F,F,F,F,F,F,F,F,F,F,F,W;W,F,F,F,F,W,F,F,F,F,W,F,F,F,F,F,F,F,F,F,W,F,F,F,F,W,F,F,F,W;W,F,F,F,F,F,F,F,F,F,F,F,F,F,F,F,F,F,F,F,F,F,F,F,F,dbok,F,F,F,W;W,F,F,F,F,F,F,F,F,F,F,F,F,F,F,F,F,F,F,F,F,F,F,F,F,damb,dsta2,dcan,F,W;W,F,F,F,F,F,F,F,F,F,F,F,F,F,F,F,F,F,F,F,F,F,F,F,F,F,dcan,F,F,W;W,F,F,F,F,F,F,F,F,F,F,F,F,F,F,F,F,F,F,F,F,F,F,F,F,F,F,F,F,W;W,W,W,W,W,W,W,W,W,W,W,W,W,W,W,DR5,W,W,W,W,W,W,W,W,W,W,W,W,W,W",0,0,Sacred,,0,0,1,
