zone_index,layer_index,category,label,world_center_x,world_center_y,world_center_z,grid_width,grid_height,next_zone_indices,sink_depth,platform_prefab_key,spawn_local_x,spawn_local_z,difficulty_scale,has_hidden_reward,hidden_reward_local_x,hidden_reward_local_y,hidden_reward_local_z,hidden_reward_prefab_key,arena_template_key,theme,palette,grid_csv,layout_rule,transition_type,scatter_range,clear_overlay_delay,max_active_spawners,stat_version,corridor_style
0,0,Start,황혼의 입구,0,0,0,30,30,2,0,,0,0,0,false,0,0,0,,,Forest,,"W,W,W,W,W,W,W,W,W,W,W,W,W,F,F,F,F,F,W,W,W,W,W,W,W,W,W,W,W,W;W,F,F,F,F,F,F,F,F,F,F,F,F,F,F,F,F,F,F,F,F,F,F,F,F,F,F,F,F,W;W,F,W,W,F,F,F,F,F,F,F,F,F,F,F,F,F,F,F,F,F,F,F,F,F,W,W,F,F,W;W,F,W,W,F,F,F,F,F,F,F,F,F,F,F,F,F,F,F,F,F,F,F,F,F,W,W,F,F,W;W,F,F,F,F,F,F,F,F,F,F,F,F,F,F,F,F,F,F,F,F,F,F,F,F,F,F,F,F,W;W,F,F,F,F,F,F,F,F,F,F,F,F,F,F,F,F,F,F,F,F,F,F,F,F,F,F,F,F,W;W,F,F,F,F,F,F,F,F,F,F,F,F,F,F,F,F,F,F,F,F,F,F,F,F,F,F,F,F,W;W,F,F,F,F,F,F,F,F,F,F,F,F,F,F,F,F,F,F,F,F,F,F,F,F,F,F,F,F,W;W,F,F,F,WP,F,F,F,F,F,F,WP,F,F,F,F,F,F,WP,F,F,F,F,F,F,WP,F,F,F,W;W,F,F,F,F,F,F,F,F,F,F,F,F,F,F,F,F,F,F,F,F,F,F,F,F,F,F,F,F,W;W,F,F,F,F,F,F,F,F,F,F,F,F,F,F,F,F,F,F,F,F,F,F,F,F,F,F,F,F,W;W,F,F,F,F,F,F,F,F,F,F,F,F,F,F,F,F,F,F,F,F,F,F,F,F,F,F,F,F,W;W,F,F,F,F,F,F,F,F,F,F,F,F,F,F,F,F,F,F,F,F,F,F,F,F,F,F,F,F,W;W,F,F,F,F,F,F,F,F,F,F,F,F,F,F,F,F,F,F,F,F,F,F,F,F,F,F,F,F,W;W,F,F,F,F,F,F,F,F,F,F,F,F,F,F,F,F,F,F,F,F,F,F,F,F,F,F,F,F,W;W,F,F,F,CP,F,F,F,F,F,F,CP,F,F,F,F,F,F,CP,F,F,F,F,F,F,CP,F,F,F,W;W,F,F,F,F,F,F,F,F,F,F,F,F,F,F,F,F,F,F,F,F,F,F,F,F,F,F,F,F,W;W,F,F,F,F,F,F,F,F,F,F,F,F,F,F,F,F,F,F,F,F,F,F,F,F,F,F,F,F,W;W,F,F,F,F,F,F,F,F,F,F,F,F,F,F,F,F,F,F,F,F,F,F,F,F,F,F,F,F,W;W,F,F,F,F,F,F,F,F,F,F,F,F,F,F,F,F,F,F,F,F,F,F,F,F,F,F,F,F,W;W,F,F,F,F,F,F,F,F,F,F,F,F,F,F,F,F,F,F,F,F,F,F,F,F,F,F,F,F,W;W,F,F,F,F,F,F,F,F,F,F,F,F,F,F,F,F,F,F,F,F,F,F,F,F,F,F,F,F,W;W,F,F,F,F,F,F,F,F,F,F,F,F,F,F,F,F,F,F,F,F,F,F,F,F,F,F,F,F,W;W,F,F,F,F,F,F,F,F,F,F,F,F,F,P,F,F,F,F,F,F,F,F,F,F,F,F,F,F,W;W,F,F,F,F,F,F,F,F,F,F,F,F,F,F,F,F,F,F,F,F,F,F,F,F,F,F,F,F,W;W,F,W,W,F,F,F,F,F,F,F,F,F,F,F,F,F,F,F,F,F,F,F,F,F,W,W,F,F,W;W,F,W,W,F,F,F,F,F,F,F,F,F,F,F,F,F,F,F,F,F,F,F,F,F,W,W,F,F,W;W,F,F,F,F,F,F,F,F,F,F,F,F,F,F,F,F,F,F,F,F,F,F,F,F,F,F,F,F,W;W,F,F,F,F,F,F,F,F,F,F,F,F,F,F,F,F,F,F,F,F,F,F,F,F,F,F,F,F,W;W,W,W,W,W,W,W,W,W,W,W,W,W,W,W,W,W,W,W,W,W,W,W,W,W,W,W,W,W,W",Standard,Fade,0,1.5,0,1,Abyss
1,1,Normal,안개 늪지,-34,0,33,32,32,2|5,0,,0,0,0.5,false,0,0,0,,,Forest,,"W,W,W,W,W,W,W,W,W,W,W,W,W,W,F,F,F,F,F,W,W,W,W,W,W,W,W,W,W,W,W,W;W,F,F,F,F,F,F,F,F,F,F,F,F,F,F,F,F,F,F,F,F,F,F,F,F,F,F,F,F,F,F,W;W,F,W,W,F,F,F,F,F,F,F,F,F,F,F,F,F,F,F,F,F,F,F,F,F,F,F,W,W,F,F,W;W,F,W,W,F,F,F,F,F,F,F,F,F,F,F,F,F,F,F,F,F,F,F,F,F,F,F,W,W,F,F,W;W,F,F,F,F,F,F,F,F,F,F,F,F,F,F,F,F,F,F,F,F,F,F,F,F,F,F,F,F,F,F,W;W,F,F,F,F,F,F,F,F,F,F,F,F,F,F,F,F,F,F,F,F,F,F,F,F,F,F,F,F,F,F,W;W,F,F,F,F,F,F,F,F,F,F,F,F,F,F,F,F,F,F,F,F,F,F,F,F,F,F,F,F,F,F,W;W,F,F,F,F,F,F,F,F,F,F,F,F,F,F,F,F,F,F,F,F,F,F,F,F,F,F,F,F,F,F,W;W,F,F,F,F,F,F,F,F,F,F,F,F,F,F,F,mc3r2,F,F,F,F,F,F,F,F,F,F,F,F,F,F,W;W,F,F,F,F,F,F,F,F,F,F,F,F,F,F,F,F,F,F,F,F,F,F,F,F,F,F,F,F,F,F,W;W,F,F,F,F,F,F,F,F,F,F,F,F,F,F,F,F,F,F,F,F,F,F,F,F,F,F,F,F,F,F,W;W,F,F,F,F,F,F,F,F,F,F,F,F,F,F,F,F,F,F,F,F,F,F,F,F,F,F,F,F,F,F,W;W,F,F,F,F,F,F,F,F,F,F,F,F,F,F,F,F,F,F,F,F,F,F,F,F,F,F,F,F,F,F,W;W,F,F,F,F,F,F,F,F,F,F,F,F,F,F,F,F,F,F,F,F,F,F,F,F,F,F,F,F,F,F,W;W,F,F,F,F,F,F,F,F,F,F,F,F,F,F,F,F,F,F,F,F,F,F,F,F,F,F,F,F,F,F,W;W,F,F,F,F,F,F,F,F,F,F,F,F,F,F,F,F,F,F,F,F,F,F,F,F,F,F,F,F,F,F,W;W,F,F,F,F,F,F,F,mc3r2,F,F,F,F,F,F,F,P,F,F,F,F,F,mc3r2,F,F,F,F,F,F,F,F,W;W,F,F,F,F,F,F,F,F,F,F,F,F,F,F,F,F,F,F,F,F,F,F,F,F,F,F,F,F,F,F,W;W,F,F,F,F,F,F,F,F,F,F,F,F,F,F,F,F,F,F,F,F,F,F,F,F,F,F,F,F,F,F,W;W,F,F,F,F,F,F,F,F,F,F,F,F,F,F,F,F,F,F,F,F,F,F,F,F,F,F,F,F,F,F,W;W,F,F,F,F,F,F,F,F,F,F,F,F,F,F,F,F,F,F,F,F,F,F,F,F,F,F,F,F,F,F,W;W,F,F,F,F,F,F,F,F,F,F,F,F,F,F,F,F,F,F,F,F,F,F,F,F,F,F,F,F,F,F,W;W,F,F,F,F,F,F,F,F,F,F,F,F,F,F,F,mc3r2,F,F,F,F,F,F,F,F,F,F,F,F,F,F,W;W,F,F,F,F,F,F,F,F,F,F,F,F,F,F,F,F,F,F,F,F,F,F,F,F,F,F,F,F,F,F,W;W,F,F,F,F,F,F,F,F,F,F,F,F,F,F,F,F,F,F,F,F,F,F,F,F,F,F,F,F,F,F,W;W,F,F,F,F,F,F,F,F,F,F,F,F,F,F,F,F,F,F,F,F,F,F,F,F,F,F,F,F,F,F,W;W,F,F,F,F,F,F,F,F,F,F,F,F,F,F,F,F,F,F,F,F,F,F,F,F,F,F,F,F,F,F,W;W,F,W,W,F,F,F,F,F,F,F,F,F,F,F,F,F,F,F,F,F,F,F,F,F,F,F,W,W,F,F,W;W,F,W,W,F,F,F,F,F,F,F,F,F,F,F,F,F,F,F,F,F,F,F,F,F,F,F,W,W,F,F,W;W,F,F,F,F,F,F,F,F,F,F,F,F,F,F,F,F,F,F,F,F,F,F,F,F,F,F,F,F,F,F,W;W,F,F,F,F,F,F,F,F,F,F,F,F,F,F,F,F,F,F,F,F,F,F,F,F,F,F,F,F,F,F,W;W,W,W,W,W,W,W,W,W,W,W,W,W,W,F,F,F,F,F,W,W,W,W,W,W,W,W,W,W,W,W,W",Standard,Fade,0,1.5,3,1,Forest
2,1,Normal,강변 초입,0,0,33,32,32,1|3|6,0,,0,0,0.5,false,0,0,0,,,Forest,,"W,W,W,W,W,W,W,W,W,W,W,W,W,W,F,F,F,F,F,W,W,W,W,W,W,W,W,W,W,W,W,W;W,F,F,F,F,F,F,F,F,F,F,F,F,F,F,F,F,F,F,F,F,F,F,F,F,F,F,F,F,F,F,W;W,F,F,F,F,F,F,F,F,F,F,F,F,F,F,F,F,F,F,F,F,F,F,F,F,F,F,F,F,F,F,W;W,F,F,F,F,F,F,F,F,F,F,F,F,F,F,F,F,F,F,F,F,F,F,F,F,F,F,F,F,F,F,W;W,F,F,F,F,F,F,F,F,F,F,F,F,F,F,F,F,F,F,F,F,F,F,F,F,F,F,F,F,F,F,W;W,F,F,F,F,F,F,F,F,F,F,F,F,F,F,F,F,F,F,F,F,F,F,F,F,F,F,F,F,F,F,W;W,F,F,F,F,F,F,F,F,F,F,F,F,F,F,F,F,F,F,F,F,F,F,F,F,F,F,F,F,F,F,W;W,F,F,F,F,F,F,F,F,F,F,F,F,F,F,F,F,F,F,F,F,F,F,F,F,F,F,F,F,F,F,W;W,F,F,F,F,F,F,F,mc3r2,F,F,F,F,F,F,F,F,F,F,F,F,F,mc3r2,F,F,F,F,F,F,F,F,W;W,F,F,F,F,F,F,F,F,F,F,F,F,F,F,F,F,F,F,F,F,F,F,F,F,F,F,F,F,F,F,W;W,F,F,F,F,F,F,F,F,F,F,F,F,F,F,F,F,F,F,F,F,F,F,F,F,F,F,F,F,F,F,W;W,F,F,F,F,F,F,F,F,F,F,F,F,F,F,F,F,F,F,F,F,F,F,F,F,F,F,F,F,F,F,W;W,F,F,F,F,F,F,F,F,F,F,F,F,F,F,F,F,F,F,F,F,F,F,F,F,F,F,F,F,F,F,W;W,F,F,F,F,F,F,F,F,F,F,F,F,F,F,F,F,F,F,F,F,F,F,F,F,F,F,F,F,F,F,W;W,F,F,F,F,F,F,F,F,F,F,F,F,F,W,W,W,F,F,F,F,F,F,F,F,F,F,F,F,F,F,W;W,F,F,F,F,F,F,F,F,F,F,F,F,F,W,W,W,F,F,F,F,F,F,F,F,F,F,F,F,F,F,W;W,F,F,F,F,F,F,F,F,F,F,F,F,F,W,W,P,F,F,F,F,F,F,F,F,F,F,F,F,F,F,W;W,F,F,F,F,F,F,F,F,F,F,F,F,F,F,F,F,F,F,F,F,F,F,F,F,F,F,F,F,F,F,W;W,F,F,F,F,F,F,F,F,F,F,F,F,F,F,F,F,F,F,F,F,F,F,F,F,F,F,F,F,F,F,W;W,F,F,F,F,F,F,F,F,F,F,F,F,F,F,F,F,F,F,F,F,F,F,F,F,F,F,F,F,F,F,W;W,F,F,F,F,F,F,F,F,F,F,F,F,F,F,F,F,F,F,F,F,F,F,F,F,F,F,F,F,F,F,W;W,F,F,F,F,F,F,F,F,F,F,F,F,F,F,F,F,F,F,F,F,F,F,F,F,F,F,F,F,F,F,W;W,F,F,F,F,F,F,F,mc3r2,F,F,F,F,F,F,F,F,F,F,F,F,F,mc3r2,F,F,F,F,F,F,F,F,W;W,F,F,F,F,F,F,F,F,F,F,F,F,F,F,F,F,F,F,F,F,F,F,F,F,F,F,F,F,F,F,W;W,F,F,F,F,F,F,F,F,F,F,F,F,F,F,F,F,F,F,F,F,F,F,F,F,F,F,F,F,F,F,W;W,F,F,F,F,F,F,F,F,F,F,F,F,F,F,F,F,F,F,F,F,F,F,F,F,F,F,F,F,F,F,W;W,F,F,F,F,F,F,F,F,F,F,F,F,F,F,F,F,F,F,F,F,F,F,F,F,F,F,F,F,F,F,W;W,F,F,F,F,F,F,F,F,F,F,F,F,F,F,F,F,F,F,F,F,F,F,F,F,F,F,F,F,F,F,W;W,F,F,F,F,F,F,F,F,F,F,F,F,F,F,F,F,F,F,F,F,F,F,F,F,F,F,F,F,F,F,W;W,F,F,F,F,F,F,F,F,F,F,F,F,F,F,F,F,F,F,F,F,F,F,F,F,F,F,F,F,F,F,W;W,F,F,F,F,F,F,F,F,F,F,F,F,F,F,F,F,F,F,F,F,F,F,F,F,F,F,F,F,F,F,W;W,W,W,W,W,W,W,W,W,W,W,W,W,W,F,F,F,F,F,W,W,W,W,W,W,W,W,W,W,W,W,W",Standard,Fade,0,1.5,3,1,Forest
3,1,Normal,비틀린 덤불,34,0,33,32,32,2|7,0,,0,0,0.5,false,0,0,0,,,Forest,,"W,W,W,W,W,W,W,W,W,W,W,W,W,W,F,F,F,F,F,W,W,W,W,W,W,W,W,W,W,W,W,W;W,F,F,F,F,F,F,F,F,F,F,F,F,F,F,F,F,F,F,F,F,F,F,F,F,F,F,F,F,F,F,W;W,F,F,F,F,F,F,F,F,F,F,F,F,F,F,F,F,F,F,F,F,F,F,F,F,F,F,F,F,F,F,W;W,F,F,F,F,F,F,F,F,F,F,F,F,F,F,F,F,F,F,F,F,F,F,F,F,F,F,F,F,F,F,W;W,F,F,F,W,W,F,F,F,F,F,F,F,F,F,F,F,F,F,F,F,F,F,F,F,F,F,F,F,F,F,W;W,F,F,F,W,W,F,F,F,F,F,F,F,F,F,F,F,F,F,F,F,F,F,F,F,F,F,F,F,F,F,W;W,F,F,F,F,F,F,W,W,F,F,F,F,F,F,F,F,F,F,F,F,F,F,F,F,F,F,F,F,F,F,W;W,F,F,F,F,F,F,W,W,F,F,F,F,F,F,F,F,F,F,F,F,F,F,F,F,F,F,F,F,F,F,W;W,F,F,F,F,F,F,F,F,F,F,F,F,F,F,F,F,F,F,F,F,F,mc3r2,F,F,F,F,F,F,F,F,W;W,F,F,F,F,F,F,F,F,F,F,F,F,F,F,F,F,F,F,F,F,F,F,F,F,F,F,F,F,F,F,W;W,F,F,F,F,F,F,F,F,F,mc3r2,F,F,F,F,F,F,F,F,F,F,F,F,F,F,F,F,F,F,F,F,W;W,F,F,F,F,F,F,F,F,F,F,F,F,F,F,F,F,F,F,F,F,F,F,F,F,F,F,F,F,F,F,W;W,F,F,F,F,F,F,F,F,F,F,F,F,F,F,F,F,F,F,F,F,F,F,F,F,F,F,F,F,F,F,W;W,F,F,F,F,F,F,F,F,F,F,F,F,F,F,F,F,F,F,F,F,F,F,F,F,F,F,F,F,F,F,W;W,F,F,F,F,F,F,F,F,F,F,F,F,F,F,F,F,F,F,F,F,F,F,F,F,F,F,F,F,F,F,W;W,F,F,F,F,F,F,F,F,F,F,F,F,F,F,F,F,F,F,F,F,F,F,F,F,F,F,F,F,F,F,W;W,F,F,F,F,F,F,F,F,F,F,F,F,F,F,F,P,F,F,F,F,F,F,F,F,F,F,F,F,F,F,W;W,F,F,F,F,F,F,F,F,F,F,F,F,F,F,F,F,F,F,F,F,F,F,F,F,F,F,F,F,F,F,W;W,F,F,F,F,F,F,F,F,F,F,F,F,F,F,F,F,F,F,F,F,F,F,F,F,F,F,F,F,F,F,W;W,F,F,F,F,F,F,F,F,F,F,F,F,F,F,F,F,F,F,F,F,F,F,F,F,F,F,F,F,F,F,W;W,F,F,F,F,F,F,F,F,F,F,F,F,F,F,F,F,F,F,F,mc3r2,F,F,F,F,F,F,F,F,F,F,W;W,F,F,F,F,F,F,F,F,F,F,F,F,F,F,F,F,F,F,F,F,F,F,F,F,F,F,F,F,F,F,W;W,F,F,F,F,F,F,F,mc3r2,F,F,F,F,F,F,F,F,F,F,F,F,F,F,F,F,W,W,F,F,F,F,W;W,F,F,F,F,F,F,F,F,F,F,F,F,F,F,F,F,F,F,F,F,F,F,F,F,W,W,F,F,F,F,W;W,F,F,F,F,F,F,F,F,F,F,F,F,F,F,F,F,F,F,F,F,F,W,W,F,F,F,F,F,F,F,W;W,F,F,F,F,F,F,F,F,F,F,F,F,F,F,F,F,F,F,F,F,F,W,W,F,F,F,F,F,F,F,W;W,F,F,F,F,F,F,F,F,F,F,F,F,F,F,F,F,F,F,F,F,F,F,F,F,F,F,F,F,F,F,W;W,F,F,F,F,F,F,F,F,F,F,F,F,F,F,F,F,F,F,F,F,F,F,F,F,F,F,F,F,F,F,W;W,F,F,F,F,F,F,F,F,F,F,F,F,F,F,F,F,F,F,F,F,F,F,F,F,F,F,F,F,F,F,W;W,F,F,F,F,F,F,F,F,F,F,F,F,F,F,F,F,F,F,F,F,F,F,F,F,F,F,F,F,F,F,W;W,F,F,F,F,F,F,F,F,F,F,F,F,F,F,F,F,F,F,F,F,F,F,F,F,F,F,F,F,F,F,W;W,W,W,W,W,W,W,W,W,W,W,W,W,W,F,F,F,F,F,W,W,W,W,W,W,W,W,W,W,W,W,W",Standard,Fade,0,1.5,3,1,Forest
4,2,Normal,늪지 외곽,-36,0,70,32,32,5|9,0,,0,0,0.7,false,0,0,0,,,Forest,,"W,W,W,W,W,W,W,W,W,W,W,W,W,W,F,F,F,F,F,W,W,W,W,W,W,W,W,W,W,W,W,W;W,F,F,F,F,F,F,F,F,F,F,F,F,F,F,F,F,F,F,F,F,F,F,F,F,F,F,F,F,F,F,W;W,F,F,F,F,F,F,F,F,F,F,F,F,F,F,F,F,F,F,F,F,F,F,F,F,F,F,F,F,F,F,W;W,F,F,F,F,F,F,F,F,F,F,F,F,F,F,F,F,F,F,F,F,F,F,F,F,F,F,F,F,F,F,W;W,F,F,F,F,F,F,F,F,F,F,F,F,F,F,F,F,F,F,F,F,F,F,F,F,F,F,F,F,F,F,W;W,F,F,F,F,F,F,F,F,F,F,F,F,F,F,F,F,F,F,F,F,F,F,F,F,F,F,F,F,F,F,W;W,F,F,F,F,F,F,F,F,F,F,F,F,F,F,F,F,F,F,F,F,F,F,F,F,F,F,F,F,F,F,W;W,F,F,F,F,F,F,F,F,F,F,F,F,F,F,F,F,F,F,F,F,F,F,F,F,F,F,F,F,F,F,W;W,F,F,F,F,F,mc3r2,F,F,F,F,F,F,F,F,F,F,F,F,F,F,F,F,F,mc3r2,F,F,F,F,F,F,W;W,F,F,F,F,F,F,F,F,F,F,F,F,F,F,F,F,F,F,F,F,F,F,F,F,F,F,F,F,F,F,W;W,F,F,F,F,F,F,F,F,F,F,F,F,F,F,F,F,F,F,F,F,F,F,F,F,F,F,F,F,F,F,W;W,F,F,F,F,F,F,F,F,F,F,F,F,F,F,F,F,F,F,F,F,F,F,F,F,F,F,F,F,F,F,W;W,F,F,F,F,F,F,F,F,F,F,F,F,F,F,F,F,F,F,F,F,F,F,F,F,F,F,F,F,F,F,W;W,F,F,F,F,F,F,F,W,W,F,F,F,F,F,F,F,F,F,F,F,W,W,F,F,F,F,F,F,F,F,W;W,F,F,F,F,F,F,F,W,W,F,F,F,F,F,F,F,F,F,F,F,W,W,F,F,F,F,F,F,F,F,W;W,F,F,F,F,F,F,F,W,W,F,F,F,F,F,F,F,F,F,F,F,W,W,F,F,F,F,F,F,F,F,W;W,F,F,F,F,F,F,F,W,W,F,F,F,F,F,F,P,F,F,F,F,W,W,F,F,F,F,F,F,F,F,W;W,F,F,F,F,F,F,F,F,F,F,F,F,F,F,F,F,F,F,F,F,F,F,F,F,F,F,F,F,F,F,W;W,F,F,F,F,F,F,F,F,F,F,F,F,F,F,F,F,F,F,F,F,F,F,F,F,F,F,F,F,F,F,W;W,F,F,F,F,F,F,F,F,F,F,F,F,F,F,F,F,F,F,F,F,F,F,F,F,F,F,F,F,F,F,W;W,F,F,F,F,F,F,F,F,F,F,F,F,F,F,F,F,F,F,F,F,F,F,F,F,F,F,F,F,F,F,W;W,F,F,F,F,F,F,F,F,F,F,F,F,F,F,F,F,F,F,F,F,F,F,F,F,F,F,F,F,F,F,W;W,F,F,F,F,F,mc3r2,F,F,F,F,F,F,F,F,F,F,F,F,F,F,F,F,F,mc3r2,F,F,F,F,F,F,W;W,F,F,F,F,F,F,F,F,F,F,F,F,F,F,F,F,F,F,F,F,F,F,F,F,F,F,F,F,F,F,W;W,F,F,F,F,F,F,F,F,F,F,F,F,F,F,F,F,F,F,F,F,F,F,F,F,F,F,F,F,F,F,W;W,F,F,F,F,F,F,F,F,F,F,F,F,F,F,F,F,F,F,F,F,F,F,F,F,F,F,F,F,F,F,W;W,F,F,F,F,F,F,F,F,F,F,F,F,F,F,F,F,F,F,F,F,F,F,F,F,F,F,F,F,F,F,W;W,F,F,F,F,F,F,F,F,F,F,F,F,F,F,F,F,F,F,F,F,F,F,F,F,F,F,F,F,F,F,W;W,F,F,F,F,F,F,F,F,F,F,F,F,F,F,F,F,F,F,F,F,F,F,F,F,F,F,F,F,F,F,W;W,F,F,F,F,F,F,F,F,F,F,F,F,F,F,F,F,F,F,F,F,F,F,F,F,F,F,F,F,F,F,W;W,F,F,F,F,F,F,F,F,F,F,F,F,F,F,F,F,F,F,F,F,F,F,F,F,F,F,F,F,F,F,W;W,W,W,W,W,W,W,W,W,W,W,W,W,W,F,F,F,F,F,W,W,W,W,W,W,W,W,W,W,W,W,W",Standard,Fade,0,1.5,3,1,Forest
5,2,Shop,상인의 쉼터,-36,0,70,30,38,4|6|10,0,,0,0,0,false,0,0,0,,,Forest,,"W,W,W,W,W,W,W,W,W,W,W,W,W,F,F,F,F,F,W,W,W,W,W,W,W,W,W,W,W,W;W,F,F,F,F,F,F,F,F,F,F,F,F,F,F,F,F,F,F,F,F,F,F,F,F,F,F,F,F,W;W,F,F,F,F,F,F,F,F,F,F,F,F,F,F,F,F,F,F,F,F,F,F,F,F,F,F,F,F,W;W,F,F,F,F,F,F,F,F,F,F,F,F,F,F,F,F,F,F,F,F,F,F,F,F,F,F,F,F,W;W,F,F,F,F,F,F,F,F,F,F,F,F,F,F,F,F,F,F,F,F,F,F,F,F,F,F,F,F,W;W,F,F,F,F,F,F,F,F,F,F,F,F,F,F,F,F,F,F,F,F,F,F,F,F,F,F,F,F,W;W,F,F,F,W,W,W,F,F,W,W,W,F,F,F,F,W,W,W,F,F,W,W,W,F,F,F,F,F,W;W,F,F,F,F,F,F,F,F,F,F,F,F,F,F,F,F,F,F,F,F,F,F,F,F,F,F,F,F,W;W,F,F,F,F,F,F,F,F,F,F,F,F,F,F,F,F,F,F,F,F,F,F,F,F,F,F,F,F,W;W,F,F,F,F,F,F,F,F,F,F,F,F,F,F,F,F,F,F,F,F,F,F,F,F,F,F,F,F,W;W,F,F,F,F,F,F,F,F,F,F,F,F,F,F,F,F,F,F,F,F,F,F,F,F,F,F,F,F,W;W,F,F,F,F,F,F,F,F,F,F,F,F,F,F,F,F,F,F,F,F,F,F,F,F,F,F,F,F,W;W,F,F,F,F,F,F,F,F,F,F,F,F,F,F,F,F,F,F,F,F,F,F,F,F,F,F,F,F,W;W,F,F,F,F,F,F,F,F,F,F,F,F,F,F,F,F,F,F,F,F,F,F,F,F,F,F,F,F,W;W,F,F,F,F,F,F,F,F,F,F,F,F,F,F,F,F,F,F,F,F,F,F,F,F,F,F,F,F,W;W,F,F,F,F,F,F,F,F,F,F,F,F,F,F,F,F,F,F,F,F,F,F,F,F,F,F,F,F,W;W,F,F,F,F,F,F,F,F,F,F,F,F,F,F,F,F,F,F,F,F,F,F,F,F,F,F,F,F,W;W,F,F,F,F,F,F,F,F,F,F,F,F,F,F,F,F,F,F,F,F,F,F,F,F,F,F,F,F,W;W,F,F,F,F,F,F,F,F,F,F,F,F,F,F,F,F,F,F,F,F,F,F,F,F,F,F,F,F,W;W,F,F,F,F,F,F,F,F,F,F,F,F,F,F,F,F,F,F,F,F,F,F,F,F,F,F,F,F,W;W,F,F,F,F,F,F,F,F,F,F,F,F,F,F,F,F,F,F,F,F,F,F,F,F,F,F,F,F,W;W,F,F,F,F,F,F,F,F,F,F,F,F,F,F,F,F,F,F,F,F,F,F,F,F,F,F,F,F,W;W,F,F,F,F,F,F,F,F,F,F,F,F,F,F,F,F,F,F,F,F,F,F,F,F,F,F,F,F,W;W,F,F,F,F,F,F,F,F,F,F,F,F,F,F,F,F,F,F,F,F,F,F,F,F,F,F,F,F,W;W,F,F,F,F,F,F,F,F,F,F,F,F,F,F,F,F,F,F,F,F,F,F,F,F,F,F,F,F,W;W,F,F,F,F,F,F,F,F,F,F,F,F,F,F,F,F,F,F,F,F,F,F,F,F,F,F,F,F,W;W,F,F,F,F,F,F,F,F,F,F,F,F,F,F,F,F,F,F,F,F,F,F,F,F,F,F,F,F,W;W,F,F,F,F,F,F,F,F,F,F,F,F,F,F,F,F,F,F,F,F,F,F,F,F,F,F,F,F,W;W,F,F,F,F,F,F,F,F,F,F,F,F,F,F,F,F,F,F,F,F,F,F,F,F,F,F,F,F,W;W,F,F,F,F,F,F,F,F,F,F,F,F,F,F,F,F,F,F,F,F,F,F,F,F,F,F,F,F,W;W,F,F,F,F,F,F,F,F,F,F,F,F,F,F,F,F,F,F,F,F,F,F,F,F,F,F,F,F,W;W,F,F,F,F,F,F,F,F,F,F,F,F,F,F,F,F,F,F,F,F,F,F,F,F,F,F,F,F,W;W,F,F,F,F,F,F,F,F,F,F,F,F,F,F,F,F,F,F,F,F,F,F,F,F,F,F,F,F,W;W,F,F,F,F,F,F,F,F,F,F,F,F,F,F,P,F,F,F,F,F,F,F,F,F,F,F,F,F,W;W,F,F,F,F,F,F,F,F,F,F,F,F,F,F,F,F,F,F,F,F,F,F,F,F,F,F,F,F,W;W,F,F,F,F,F,F,F,F,F,F,F,F,F,F,F,F,F,F,F,F,F,F,F,F,F,F,F,F,W;W,F,F,F,F,F,F,F,F,F,F,F,F,F,F,F,F,F,F,F,F,F,F,F,F,F,F,F,F,W;W,W,W,W,W,W,W,W,W,W,W,W,W,F,F,F,F,F,W,W,W,W,W,W,W,W,W,W,W,W",Standard,Fade,0,1.5,0,1,Forest
6,2,Event,고대의 제단,0,0,70,34,36,5|7|11,0,,0,0,0,false,0,0,0,,,Forest,,"W,W,W,W,W,W,W,W,W,W,W,W,W,W,W,F,F,F,F,F,W,W,W,W,W,W,W,W,W,W,W,W,W,W;W,F,F,F,F,F,F,F,F,F,F,F,F,F,F,F,F,F,F,F,F,F,F,F,F,F,F,F,F,F,F,F,F,W;W,F,F,F,F,F,F,F,F,F,F,F,F,F,F,F,F,F,F,F,F,F,F,F,F,F,F,F,F,F,F,F,F,W;W,F,F,F,F,F,F,F,F,F,F,F,F,F,F,W,W,F,F,F,F,F,F,F,F,F,F,F,F,F,F,F,F,W;W,F,F,F,F,F,F,F,F,F,F,F,F,F,F,W,W,F,F,F,F,F,F,F,F,F,F,F,F,F,F,F,F,W;W,F,F,F,F,F,F,F,F,F,F,F,F,F,F,F,F,F,F,F,F,F,F,F,F,F,F,F,F,F,F,F,F,W;W,F,F,F,F,F,F,F,F,F,F,F,F,F,F,F,F,F,F,F,F,F,F,F,F,F,F,F,F,F,F,F,F,W;W,F,F,F,F,F,F,F,F,F,F,F,F,F,F,F,F,F,F,F,F,F,F,F,F,F,F,F,F,F,F,F,F,W;W,F,F,F,F,F,F,F,F,F,F,F,F,F,F,F,F,F,F,F,F,F,F,F,F,F,F,F,F,F,F,F,F,W;W,F,F,F,F,F,F,F,F,F,F,F,F,F,F,F,F,F,F,F,F,F,F,F,F,F,F,F,F,F,F,F,F,W;W,F,F,F,F,F,F,F,F,F,F,F,F,F,F,F,F,F,F,F,F,F,F,F,F,F,F,F,F,F,F,F,F,W;W,F,F,F,F,F,F,F,F,F,F,F,F,F,F,F,F,F,F,F,F,F,F,F,F,F,F,F,F,F,F,F,F,W;W,F,F,F,F,F,F,F,F,F,F,F,F,F,F,F,F,F,F,F,F,F,F,F,F,F,F,F,F,F,F,F,F,W;W,F,F,F,F,F,F,F,F,F,F,F,F,F,F,F,F,F,F,F,F,F,F,F,F,F,F,F,F,F,F,F,F,W;W,F,F,F,F,F,F,F,F,F,F,F,F,F,F,F,F,F,F,F,F,F,F,F,F,F,F,F,F,F,F,F,F,W;W,F,F,W,W,F,F,F,F,F,F,F,F,F,F,F,F,F,F,F,F,F,F,F,F,F,F,F,F,W,W,F,F,W;W,F,F,W,W,F,F,F,F,F,F,F,F,F,F,W,W,W,F,F,F,F,F,F,F,F,F,F,F,W,W,F,F,W;W,F,F,F,F,F,F,F,F,F,F,F,F,F,F,W,W,W,F,F,F,F,F,F,F,F,F,F,F,F,F,F,F,W;W,F,F,F,F,F,F,F,F,F,F,F,F,F,F,W,W,W,F,F,F,F,F,F,F,F,F,F,F,F,F,F,F,W;W,F,F,F,F,F,F,F,F,F,F,F,F,F,F,F,F,F,F,F,F,F,F,F,F,F,F,F,F,F,F,F,F,W;W,F,F,F,F,F,F,F,F,F,F,F,F,F,F,F,F,F,F,F,F,F,F,F,F,F,F,F,F,F,F,F,F,W;W,F,F,F,F,F,F,F,F,F,F,F,F,F,F,F,F,F,F,F,F,F,F,F,F,F,F,F,F,F,F,F,F,W;W,F,F,F,F,F,F,F,F,F,F,F,F,F,F,F,F,F,F,F,F,F,F,F,F,F,F,F,F,F,F,F,F,W;W,F,F,F,F,F,F,F,F,F,F,F,F,F,F,F,F,F,F,F,F,F,F,F,F,F,F,F,F,F,F,F,F,W;W,F,F,F,F,F,F,F,F,F,F,F,F,F,F,F,F,F,F,F,F,F,F,F,F,F,F,F,F,F,F,F,F,W;W,F,F,F,F,F,F,F,F,F,F,F,F,F,F,F,F,F,F,F,F,F,F,F,F,F,F,F,F,F,F,F,F,W;W,F,F,F,F,F,F,F,F,F,F,F,F,F,F,F,F,F,F,F,F,F,F,F,F,F,F,F,F,F,F,F,F,W;W,F,F,F,F,F,F,F,F,F,F,F,F,F,F,F,F,F,F,F,F,F,F,F,F,F,F,F,F,F,F,F,F,W;W,F,F,F,F,F,F,F,F,F,F,F,F,F,F,F,F,F,F,F,F,F,F,F,F,F,F,F,F,F,F,F,F,W;W,F,F,F,F,F,F,F,F,F,F,F,F,F,F,W,W,F,F,F,F,F,F,F,F,F,F,F,F,F,F,F,F,W;W,F,F,F,F,F,F,F,F,F,F,F,F,F,F,W,W,F,F,F,F,F,F,F,F,F,F,F,F,F,F,F,F,W;W,F,F,F,F,F,F,F,F,F,F,F,F,F,F,F,F,F,F,F,F,F,F,F,F,F,F,F,F,F,F,F,F,W;W,F,F,F,F,F,F,F,F,F,F,F,F,F,F,F,F,P,F,F,F,F,F,F,F,F,F,F,F,F,F,F,F,W;W,F,F,F,F,F,F,F,F,F,F,F,F,F,F,F,F,F,F,F,F,F,F,F,F,F,F,F,F,F,F,F,F,W;W,F,F,F,F,F,F,F,F,F,F,F,F,F,F,F,F,F,F,F,F,F,F,F,F,F,F,F,F,F,F,F,F,W;W,W,W,W,W,W,W,W,W,W,W,W,W,W,W,F,F,F,F,F,W,W,W,W,W,W,W,W,W,W,W,W,W,W",Standard,Fade,0,1.5,0,1,Forest
7,2,Shop,방랑 상인,36,0,70,30,38,6|8|12,0,,0,0,0,false,0,0,0,,,Forest,,"W,W,W,W,W,W,W,W,W,W,W,W,W,F,F,F,F,F,W,W,W,W,W,W,W,W,W,W,W,W;W,F,F,F,F,F,F,F,F,F,F,F,F,F,F,F,F,F,F,F,F,F,F,F,F,F,F,F,F,W;W,F,F,F,F,F,F,F,F,F,F,F,F,F,F,F,F,F,F,F,F,F,F,F,F,F,F,F,F,W;W,F,F,F,F,F,F,F,F,F,F,F,F,F,F,F,F,F,F,F,F,F,F,F,F,F,F,F,F,W;W,F,F,F,F,F,F,F,F,F,F,F,F,F,F,F,F,F,F,F,F,F,F,F,F,F,F,F,F,W;W,F,F,F,F,F,F,F,F,F,F,F,F,F,F,F,F,F,W,W,W,W,W,W,W,W,F,F,F,W;W,F,F,F,F,F,F,F,F,F,F,F,F,F,F,F,F,F,W,F,F,F,F,F,F,F,F,F,F,W;W,F,F,F,F,F,F,F,F,F,F,F,F,F,F,F,F,F,W,F,F,F,F,F,F,F,F,F,F,W;W,F,F,F,F,F,F,F,F,F,F,F,F,F,F,F,F,F,W,F,F,F,F,F,F,F,F,F,F,W;W,F,F,F,F,F,F,F,F,F,F,F,F,F,F,F,F,F,W,F,F,F,F,F,F,F,F,F,F,W;W,F,F,F,F,F,F,F,F,F,F,F,F,F,F,F,F,F,F,F,F,F,F,F,F,F,F,F,F,W;W,F,F,F,F,F,F,F,F,F,F,F,F,F,F,F,F,F,F,F,F,F,F,F,F,F,F,F,F,W;W,F,F,F,F,F,F,F,F,F,F,F,F,F,F,F,F,F,F,F,F,F,F,F,F,F,F,F,F,W;W,F,F,F,F,F,F,F,F,F,F,F,F,F,F,F,F,F,F,F,F,F,F,F,F,F,F,F,F,W;W,F,F,F,F,F,F,F,F,F,F,F,F,F,F,F,F,F,F,F,F,F,F,F,F,F,F,F,F,W;W,F,F,F,F,F,F,F,F,F,F,F,F,F,F,F,F,F,F,F,F,F,F,F,F,F,F,F,F,W;W,F,F,F,F,F,F,F,F,F,F,F,F,F,F,F,F,F,F,F,F,F,F,F,F,F,F,F,F,W;W,F,F,F,F,F,F,F,F,F,F,F,F,F,F,F,F,F,F,F,F,F,F,F,F,F,F,F,F,W;W,F,F,F,F,F,F,F,F,F,F,F,F,F,F,F,F,F,F,F,F,F,F,F,F,F,F,F,F,W;W,F,F,F,F,F,F,F,F,F,F,F,F,F,F,F,F,F,F,F,F,F,F,F,F,F,F,F,F,W;W,F,F,F,F,F,F,F,F,F,F,F,F,F,F,F,F,F,F,F,F,F,F,F,F,F,F,F,F,W;W,F,F,F,F,F,F,F,F,F,F,F,F,F,F,F,F,F,F,F,F,F,F,F,F,F,F,F,F,W;W,F,F,F,F,F,F,F,F,F,F,F,F,F,F,F,F,F,F,F,F,F,F,F,F,F,F,F,F,W;W,F,F,F,F,F,F,F,F,F,F,F,F,F,F,F,F,F,F,F,F,F,F,F,F,F,F,F,F,W;W,F,F,F,F,F,F,F,F,F,F,F,F,F,F,F,F,F,F,F,F,F,F,F,F,F,F,F,F,W;W,F,F,F,F,F,F,F,F,F,F,F,F,F,F,F,F,F,F,F,F,F,F,F,F,F,F,F,F,W;W,F,F,F,F,F,F,F,F,F,F,F,F,F,F,F,F,F,F,F,F,F,F,F,F,F,F,F,F,W;W,F,F,F,F,F,F,F,F,F,F,F,F,F,F,F,F,F,F,F,F,F,F,F,F,F,F,F,F,W;W,F,F,F,F,F,F,F,F,F,F,F,F,F,F,F,F,F,F,F,F,F,F,F,F,F,F,F,F,W;W,F,F,F,F,F,F,F,F,F,F,F,F,F,F,F,F,F,F,F,F,F,F,F,F,F,F,F,F,W;W,F,F,F,F,F,F,F,F,F,F,F,F,F,F,F,F,F,F,F,F,F,F,F,F,F,F,F,F,W;W,F,F,F,F,F,F,F,F,F,F,F,F,F,F,F,F,F,F,F,F,F,F,F,F,F,F,F,F,W;W,F,F,F,F,F,F,F,F,F,F,F,F,F,F,F,F,F,F,F,F,F,F,F,F,F,F,F,F,W;W,F,F,F,F,F,F,F,F,F,F,F,F,F,F,P,F,F,F,F,F,F,F,F,F,F,F,F,F,W;W,F,F,F,F,F,F,F,F,F,F,F,F,F,F,F,F,F,F,F,F,F,F,F,F,F,F,F,F,W;W,F,F,F,F,F,F,F,F,F,F,F,F,F,F,F,F,F,F,F,F,F,F,F,F,F,F,F,F,W;W,F,F,F,F,F,F,F,F,F,F,F,F,F,F,F,F,F,F,F,F,F,F,F,F,F,F,F,F,W;W,W,W,W,W,W,W,W,W,W,W,W,W,F,F,F,F,F,W,W,W,W,W,W,W,W,W,W,W,W",Standard,Fade,0,1.5,0,1,Forest
8,2,Normal,가시덤불 끝,36,0,70,32,32,7|13,0,,0,0,0.7,false,0,0,0,,,Forest,,"W,W,W,W,W,W,W,W,W,W,W,W,W,W,F,F,F,F,F,W,W,W,W,W,W,W,W,W,W,W,W,W;W,F,F,F,F,F,F,F,F,F,F,F,F,F,F,F,F,F,F,F,F,F,F,F,F,F,F,F,F,F,F,W;W,F,F,F,F,F,F,F,F,F,F,F,F,F,F,F,F,F,F,F,F,F,F,F,F,F,F,F,F,F,F,W;W,F,F,F,F,F,F,F,F,F,F,F,F,F,F,F,F,F,F,F,F,F,F,F,F,F,F,F,F,F,F,W;W,F,F,F,F,F,F,F,F,F,F,F,F,F,F,F,F,F,F,F,F,F,F,F,F,F,F,F,F,F,F,W;W,F,F,F,F,F,F,F,F,F,F,F,F,F,F,F,F,F,F,F,F,F,F,F,F,F,F,F,F,F,F,W;W,F,F,F,F,F,F,F,F,F,F,F,F,F,F,F,F,F,F,F,F,F,F,F,F,F,F,F,F,F,F,W;W,F,F,F,F,F,F,mc3r2,F,F,F,F,F,F,F,F,F,F,F,F,F,F,F,mc3r2,F,F,F,F,F,F,F,W;W,F,F,F,F,F,F,F,F,F,F,F,F,F,F,F,F,F,F,F,F,F,F,F,F,F,F,F,F,F,F,W;W,F,F,F,F,F,F,F,F,F,F,F,F,F,F,F,F,F,F,F,F,F,F,F,F,F,F,F,F,F,F,W;W,F,F,F,F,F,F,F,F,F,F,F,F,F,F,F,F,F,F,F,F,F,F,F,F,F,F,F,F,F,F,W;W,F,F,F,F,F,F,F,F,F,F,F,F,F,F,F,F,F,F,F,F,F,F,F,F,F,F,F,F,F,F,W;W,F,F,F,F,F,F,F,F,F,F,F,F,F,F,F,F,F,F,F,F,F,F,F,F,F,F,F,F,F,F,W;W,F,F,F,F,F,F,F,F,F,F,F,F,F,F,F,F,F,F,F,F,F,F,F,F,F,F,F,F,F,F,W;W,F,F,F,F,W,W,F,F,F,F,F,F,F,W,W,F,F,F,F,F,F,F,W,W,F,F,F,F,F,F,W;W,F,F,F,F,W,W,F,F,F,F,F,F,F,W,W,F,F,F,F,F,F,F,W,W,F,F,F,F,F,F,W;W,F,F,F,F,W,W,F,F,F,F,F,F,F,W,W,P,F,F,F,F,F,F,W,W,F,F,F,F,F,F,W;W,F,F,F,F,F,F,F,F,F,F,F,F,F,F,F,F,F,F,F,F,F,F,F,F,F,F,F,F,F,F,W;W,F,F,F,F,F,F,F,F,F,F,F,F,F,F,F,F,F,F,F,F,F,F,F,F,F,F,F,F,F,F,W;W,F,F,F,F,F,F,F,F,F,F,F,F,F,F,F,F,F,F,F,F,F,F,F,F,F,F,F,F,F,F,W;W,F,F,F,F,F,F,F,F,F,F,F,F,F,F,F,F,F,F,F,F,F,F,F,F,F,F,F,F,F,F,W;W,F,F,F,F,F,F,F,F,F,F,F,F,F,F,F,F,F,F,F,F,F,F,F,F,F,F,F,F,F,F,W;W,F,F,F,F,F,F,mc3r2,F,F,F,F,F,F,F,F,F,F,F,F,F,F,F,mc3r2,F,F,F,F,F,F,F,W;W,F,F,F,F,F,F,F,F,F,F,F,F,F,F,F,F,F,F,F,F,F,F,F,F,F,F,F,F,F,F,W;W,F,F,F,F,F,F,F,F,F,F,F,F,F,F,F,F,F,F,F,F,F,F,F,F,F,F,F,F,F,F,W;W,F,F,F,F,F,F,F,F,F,F,F,F,F,F,F,F,F,F,F,F,F,F,F,F,F,F,F,F,F,F,W;W,F,F,F,F,F,F,F,F,F,F,F,F,F,F,F,F,F,F,F,F,F,F,F,F,F,F,F,F,F,F,W;W,F,F,F,F,F,F,F,F,F,F,F,F,F,F,F,F,F,F,F,F,F,F,F,F,F,F,F,F,F,F,W;W,F,F,F,F,F,F,F,F,F,F,F,F,F,F,F,F,F,F,F,F,F,F,F,F,F,F,F,F,F,F,W;W,F,F,F,F,F,F,F,F,F,F,F,F,F,F,F,F,F,F,F,F,F,F,F,F,F,F,F,F,F,F,W;W,F,F,F,F,F,F,F,F,F,F,F,F,F,F,F,F,F,F,F,F,F,F,F,F,F,F,F,F,F,F,W;W,W,W,W,W,W,W,W,W,W,W,W,W,W,F,F,F,F,F,W,W,W,W,W,W,W,W,W,W,W,W,W",Standard,Fade,0,1.5,3,1,Forest
9,3,Normal,돌의 균열,-38,0,109,36,36,10|14,0,,0,0,0.8,false,0,0,0,,,Forest,,"W,W,W,W,W,W,W,W,W,W,W,W,W,W,W,W,F,F,F,F,F,W,W,W,W,W,W,W,W,W,W,W,W,W,W,W;W,F,F,F,F,F,F,F,F,F,F,F,F,F,F,F,F,F,F,F,F,F,F,F,F,F,F,F,F,F,F,F,F,F,F,W;W,F,F,F,F,F,F,F,F,F,F,F,F,F,F,F,F,F,F,F,F,F,F,F,F,F,F,F,F,F,F,F,F,F,F,W;W,F,F,F,F,F,F,F,F,F,F,F,F,F,F,F,F,F,F,F,F,F,F,F,F,F,F,F,F,F,F,F,F,F,F,W;W,F,F,F,F,F,W,F,F,F,F,F,F,F,F,F,F,F,F,F,F,F,F,F,F,F,F,F,F,F,F,F,F,F,F,W;W,F,F,F,F,F,W,F,F,F,F,F,F,F,F,F,F,F,F,F,F,F,F,F,F,F,F,F,F,F,F,F,F,F,F,W;W,F,F,F,F,F,F,F,F,F,F,F,F,F,F,F,F,F,F,F,F,F,F,F,F,F,F,F,F,F,F,F,F,F,F,W;W,F,F,F,F,F,F,F,F,F,F,F,F,F,F,F,F,F,F,F,F,F,F,F,F,F,F,F,F,F,F,F,F,F,F,W;W,F,F,F,F,F,F,F,mc4r3,F,F,F,F,F,F,F,F,F,F,F,F,F,F,F,F,F,mc4r3,F,F,F,F,F,F,F,F,W;W,F,F,F,F,F,F,F,F,F,F,F,F,F,F,F,F,F,F,F,W,W,F,F,F,F,F,F,F,F,F,F,F,F,F,W;W,F,F,F,F,F,F,F,F,F,F,F,F,F,F,F,F,F,F,F,F,F,F,F,F,F,F,F,F,F,F,F,F,F,F,W;W,F,F,F,F,F,F,F,F,F,F,F,F,F,F,F,F,F,F,F,F,F,F,F,F,F,F,F,F,F,F,F,F,F,F,W;W,F,F,F,F,F,F,F,F,F,F,F,F,F,F,F,F,F,F,F,F,F,F,F,F,F,F,F,F,F,F,F,F,F,F,W;W,F,F,F,F,F,F,F,F,F,F,F,F,F,F,F,F,F,F,F,F,F,F,F,F,F,F,F,F,F,F,F,F,F,F,W;W,F,F,F,F,F,F,F,F,F,F,F,F,F,F,F,F,F,F,F,F,F,F,F,F,F,F,F,F,F,F,F,F,F,F,W;W,F,F,F,F,F,F,F,F,F,F,F,F,F,F,F,F,F,F,F,F,F,F,F,F,F,F,F,F,F,F,F,F,F,F,W;W,F,F,F,F,F,F,F,F,F,F,F,F,F,F,F,F,F,F,F,F,F,F,F,F,F,F,F,F,F,F,F,F,F,F,W;W,F,F,F,mc4r3,F,F,F,F,W,F,F,F,F,F,F,F,F,F,F,F,F,F,F,F,F,F,F,F,F,mc4r3,F,F,F,F,W;W,F,F,F,F,F,F,F,F,W,F,F,F,F,F,F,F,F,P,F,F,F,F,F,F,F,F,F,F,F,F,F,F,F,F,W;W,F,F,F,F,F,F,F,F,F,F,F,F,F,F,F,F,F,F,F,F,F,F,F,F,F,F,F,F,F,F,F,F,F,F,W;W,F,F,F,F,F,F,F,F,F,F,F,F,F,F,F,F,F,F,F,F,F,F,F,F,F,F,F,F,F,F,F,F,F,F,W;W,F,F,F,F,F,F,F,F,F,F,F,F,F,F,F,F,F,F,F,F,F,F,F,F,F,F,F,F,F,F,F,F,F,F,W;W,F,F,F,F,F,F,F,F,F,F,F,F,F,F,F,F,F,F,F,F,F,F,F,F,F,F,F,F,F,F,F,F,F,F,W;W,F,F,F,F,F,F,F,F,F,F,F,F,F,F,F,F,F,F,F,F,F,F,F,F,F,F,W,W,F,F,F,F,F,F,W;W,F,F,F,F,F,F,F,F,F,F,F,F,F,F,F,F,F,F,F,F,F,F,F,F,F,F,F,F,F,F,F,F,F,F,W;W,F,F,F,F,F,F,F,F,F,F,F,F,F,F,F,F,F,F,F,F,F,F,F,F,F,F,F,F,F,F,F,F,F,F,W;W,F,F,F,F,F,F,F,mc4r3,F,F,F,F,F,F,F,F,F,F,F,F,F,F,F,F,F,mc4r3,F,F,F,F,F,F,F,F,W;W,F,F,F,F,F,F,F,F,F,F,F,F,F,F,F,F,F,F,F,F,F,F,F,F,F,F,F,F,F,F,F,F,F,F,W;W,F,F,F,F,F,F,F,F,F,F,F,F,F,F,F,F,F,F,F,F,F,F,F,F,F,F,F,F,F,F,F,F,F,F,W;W,F,F,F,F,F,F,F,F,F,F,F,F,F,W,W,F,F,F,F,F,F,F,F,F,F,F,F,F,F,F,F,F,F,F,W;W,F,F,F,F,F,F,F,F,F,F,F,F,F,W,W,F,F,F,F,F,F,F,F,F,F,F,F,F,F,F,F,F,F,F,W;W,F,F,F,F,F,F,F,F,F,F,F,F,F,F,F,F,F,F,F,F,F,F,F,F,F,F,F,F,F,F,F,F,F,F,W;W,F,F,F,F,F,F,F,F,F,F,F,F,F,F,F,F,F,F,F,F,F,F,F,F,F,F,F,F,F,F,F,F,F,F,W;W,F,F,F,F,F,F,F,F,F,F,F,F,F,F,F,F,F,F,F,F,F,F,F,F,F,F,F,F,F,F,F,F,F,F,W;W,F,F,F,F,F,F,F,F,F,F,F,F,F,F,F,F,F,F,F,F,F,F,F,F,F,F,F,F,F,F,F,F,F,F,W;W,W,W,W,W,W,W,W,W,W,W,W,W,W,W,W,F,F,F,F,F,W,W,W,W,W,W,W,W,W,W,W,W,W,W,W",Standard,Fade,0,1.5,4,1,Forest
10,3,Normal,잠긴 섬,-38,0,109,36,36,9|11|15,0,,0,0,0.8,false,0,0,0,,,Forest,,"W,W,W,W,W,W,W,W,W,W,W,W,W,W,W,W,F,F,F,F,F,W,W,W,W,W,W,W,W,W,W,W,W,W,W,W;W,F,F,F,F,F,F,F,F,F,F,F,F,F,F,F,F,F,F,F,F,F,F,F,F,F,F,F,F,F,F,F,F,F,F,W;W,F,F,F,F,F,F,F,F,F,F,F,F,F,F,F,F,F,F,F,F,F,F,F,F,F,F,F,F,F,F,F,F,F,F,W;W,F,F,F,F,F,F,F,F,F,F,F,F,F,F,F,F,F,F,F,F,F,F,F,F,F,F,F,F,F,F,F,F,F,F,W;W,F,F,F,F,F,F,F,F,F,F,F,F,F,F,F,F,F,F,F,F,F,F,F,F,F,F,F,F,F,F,F,F,F,F,W;W,F,F,F,F,F,F,F,F,F,F,F,F,F,F,F,F,F,F,F,F,F,F,F,F,F,F,F,F,F,F,F,F,F,F,W;W,F,F,F,F,F,F,F,F,F,F,F,F,F,F,F,F,F,F,F,F,F,F,F,F,F,F,F,F,F,F,F,F,F,F,W;W,F,F,F,F,F,F,F,F,F,F,F,F,F,F,F,F,F,F,F,F,F,F,F,F,F,F,F,F,F,F,F,F,F,F,W;W,F,F,F,F,F,F,F,mc4r3,F,F,F,F,F,F,F,F,F,F,F,F,F,F,F,F,F,mc4r3,F,F,F,F,F,F,F,F,W;W,F,F,F,F,F,F,F,F,F,F,F,F,F,F,F,F,F,mc4r3,F,F,F,F,F,F,F,F,F,F,F,F,F,F,F,F,W;W,F,F,F,F,F,F,F,F,F,F,F,F,F,F,F,F,F,F,F,F,F,F,F,F,F,F,F,F,F,F,F,F,F,F,W;W,F,F,F,F,F,F,F,F,F,F,F,F,F,F,F,F,F,F,F,F,F,F,F,F,F,F,F,F,F,F,F,F,F,F,W;W,F,F,F,F,F,F,F,F,F,F,F,F,F,F,F,F,F,F,F,F,F,F,F,F,F,F,F,F,F,F,F,F,F,F,W;W,F,F,F,F,F,F,F,F,F,F,F,F,F,F,F,F,F,F,F,F,F,F,F,F,F,F,F,F,F,F,F,F,F,F,W;W,F,F,F,F,F,F,F,F,F,F,F,F,F,F,F,F,F,F,F,F,F,F,F,F,F,F,F,F,F,F,F,F,F,F,W;W,F,F,F,F,F,F,F,F,F,F,F,F,F,F,W,W,W,W,W,F,F,F,F,F,F,F,F,F,F,F,F,F,F,F,W;W,F,F,F,F,F,F,F,F,F,F,F,F,F,F,W,W,W,W,W,F,F,F,F,F,F,F,F,F,F,F,F,F,F,F,W;W,F,F,F,F,F,F,F,F,F,F,F,F,F,F,W,W,W,W,W,F,F,F,F,F,F,F,F,F,F,F,F,F,F,F,W;W,F,F,F,F,F,F,F,F,F,F,F,F,F,F,W,W,W,P,W,F,F,F,F,F,F,F,F,F,F,F,F,F,F,F,W;W,F,F,F,F,F,F,F,F,F,F,F,F,F,F,W,W,W,W,W,F,F,F,F,F,F,F,F,F,F,F,F,F,F,F,W;W,F,F,F,F,F,F,F,F,F,F,F,F,F,F,F,F,F,F,F,F,F,F,F,F,F,F,F,F,F,F,F,F,F,F,W;W,F,F,F,F,F,F,F,F,F,F,F,F,F,F,F,F,F,F,F,F,F,F,F,F,F,F,F,F,F,F,F,F,F,F,W;W,F,F,F,F,F,F,F,F,F,F,F,F,F,F,F,F,F,F,F,F,F,F,F,F,F,F,F,F,F,F,F,F,F,F,W;W,F,F,F,F,F,F,F,F,F,F,F,F,F,F,F,F,F,F,F,F,F,F,F,F,F,F,F,F,F,F,F,F,F,F,W;W,F,F,F,F,F,F,F,F,F,F,F,F,F,F,F,F,F,F,F,F,F,F,F,F,F,F,F,F,F,F,F,F,F,F,W;W,F,F,F,F,F,F,F,F,F,F,F,F,F,F,F,F,F,mc4r3,F,F,F,F,F,F,F,F,F,F,F,F,F,F,F,F,W;W,F,F,F,F,F,F,F,mc4r3,F,F,F,F,F,F,F,F,F,F,F,F,F,F,F,F,F,mc4r3,F,F,F,F,F,F,F,F,W;W,F,F,F,F,F,F,F,F,F,F,F,F,F,F,F,F,F,F,F,F,F,F,F,F,F,F,F,F,F,F,F,F,F,F,W;W,F,F,F,F,F,F,F,F,F,F,F,F,F,F,F,F,F,F,F,F,F,F,F,F,F,F,F,F,F,F,F,F,F,F,W;W,F,F,F,F,F,F,F,F,F,F,F,F,F,F,F,F,F,F,F,F,F,F,F,F,F,F,F,F,F,F,F,F,F,F,W;W,F,F,F,F,F,F,F,F,F,F,F,F,F,F,F,F,F,F,F,F,F,F,F,F,F,F,F,F,F,F,F,F,F,F,W;W,F,F,F,F,F,F,F,F,F,F,F,F,F,F,F,F,F,F,F,F,F,F,F,F,F,F,F,F,F,F,F,F,F,F,W;W,F,F,F,F,F,F,F,F,F,F,F,F,F,F,F,F,F,F,F,F,F,F,F,F,F,F,F,F,F,F,F,F,F,F,W;W,F,F,F,F,F,F,F,F,F,F,F,F,F,F,F,F,F,F,F,F,F,F,F,F,F,F,F,F,F,F,F,F,F,F,W;W,F,F,F,F,F,F,F,F,F,F,F,F,F,F,F,F,F,F,F,F,F,F,F,F,F,F,F,F,F,F,F,F,F,F,W;W,W,W,W,W,W,W,W,W,W,W,W,W,W,W,W,F,F,F,F,F,W,W,W,W,W,W,W,W,W,W,W,W,W,W,W",Standard,Fade,0,1.5,4,1,Forest
11,3,Normal,고리 기둥,0,0,109,36,36,10|12|16,0,,0,0,0.8,false,0,0,0,,,Forest,,"W,W,W,W,W,W,W,W,W,W,W,W,W,W,W,W,F,F,F,F,F,W,W,W,W,W,W,W,W,W,W,W,W,W,W,W;W,F,F,F,F,F,F,F,F,F,F,F,F,F,F,F,F,F,F,F,F,F,F,F,F,F,F,F,F,F,F,F,F,F,F,W;W,F,F,F,F,F,F,F,F,F,F,F,F,F,F,F,F,F,F,F,F,F,F,F,F,F,F,F,F,F,F,F,F,F,F,W;W,F,F,F,F,F,F,F,F,F,F,F,F,F,F,F,F,F,F,F,F,F,F,F,F,F,F,F,F,F,F,F,F,F,F,W;W,F,F,F,F,F,F,F,F,F,F,F,F,F,F,F,F,F,F,F,F,F,F,F,F,F,F,F,F,F,F,F,F,F,F,W;W,F,F,F,F,F,F,F,F,F,F,F,F,F,F,F,F,F,F,F,F,F,F,F,F,F,F,F,F,F,F,F,F,F,F,W;W,F,F,F,F,F,F,F,F,F,F,F,F,F,F,F,F,W,W,F,F,F,F,F,F,F,F,F,F,F,F,F,F,F,F,W;W,F,F,F,F,F,F,F,F,F,F,F,F,F,F,F,F,W,W,F,F,F,F,F,F,F,F,F,F,F,F,F,F,F,F,W;W,F,F,F,F,F,F,F,F,F,F,F,F,F,F,F,F,mc4r3,F,F,F,F,F,F,F,F,F,F,F,F,F,F,F,F,F,W;W,F,F,F,F,F,F,F,F,F,F,F,F,F,F,F,F,F,F,F,F,F,F,F,F,F,F,F,F,F,F,F,F,F,F,W;W,F,F,F,F,F,F,F,F,F,F,F,F,F,F,F,F,F,F,F,F,F,F,F,F,F,F,F,F,F,F,F,F,F,F,W;W,F,F,F,F,F,F,F,W,W,F,F,mc4r3,F,F,F,F,F,F,F,F,mc4r3,F,F,W,W,F,F,F,F,F,F,F,F,F,W;W,F,F,F,F,F,F,F,W,W,F,F,F,F,F,F,F,F,F,F,F,F,F,F,W,W,F,F,F,F,F,F,F,F,F,W;W,F,F,F,F,F,F,F,F,F,F,F,F,F,F,F,F,F,F,F,F,F,F,F,F,F,F,F,F,F,F,F,F,F,F,W;W,F,F,F,F,F,F,F,F,F,F,F,F,F,F,F,F,F,F,F,F,F,F,F,F,F,F,F,F,F,F,F,F,F,F,W;W,F,F,F,F,F,F,F,F,F,F,F,F,F,F,F,F,F,F,F,F,F,F,F,F,F,F,F,F,F,F,F,F,F,F,W;W,F,F,F,F,F,F,F,F,F,F,F,F,F,F,F,F,F,F,F,F,F,F,F,F,F,F,F,F,F,F,F,F,F,F,W;W,F,F,F,F,W,W,F,mc4r3,F,F,F,F,F,F,F,F,F,F,F,F,F,F,F,F,F,mc4r3,W,W,F,F,F,F,F,F,W;W,F,F,F,F,W,W,F,F,F,F,F,F,F,F,F,F,F,P,F,F,F,F,F,F,F,F,W,W,F,F,F,F,F,F,W;W,F,F,F,F,F,F,F,F,F,F,F,F,F,F,F,F,F,F,F,F,F,F,F,F,F,F,F,F,F,F,F,F,F,F,W;W,F,F,F,F,F,F,F,F,F,F,F,F,F,F,F,F,F,F,F,F,F,F,F,F,F,F,F,F,F,F,F,F,F,F,W;W,F,F,F,F,F,F,F,F,F,F,F,F,F,F,F,F,F,F,F,F,F,F,F,F,F,F,F,F,F,F,F,F,F,F,W;W,F,F,F,F,F,F,F,F,F,F,F,F,F,F,F,F,F,F,F,F,F,F,F,F,F,F,F,F,F,F,F,F,F,F,W;W,F,F,F,F,F,F,F,W,W,F,F,mc4r3,F,F,F,F,F,F,F,F,mc4r3,F,F,W,W,F,F,F,F,F,F,F,F,F,W;W,F,F,F,F,F,F,F,W,W,F,F,F,F,F,F,F,F,F,F,F,F,F,F,W,W,F,F,F,F,F,F,F,F,F,W;W,F,F,F,F,F,F,F,F,F,F,F,F,F,F,F,F,F,F,F,F,F,F,F,F,F,F,F,F,F,F,F,F,F,F,W;W,F,F,F,F,F,F,F,F,F,F,F,F,F,F,F,F,mc4r3,F,F,F,F,F,F,F,F,F,F,F,F,F,F,F,F,F,W;W,F,F,F,F,F,F,F,F,F,F,F,F,F,F,F,F,F,F,F,F,F,F,F,F,F,F,F,F,F,F,F,F,F,F,W;W,F,F,F,F,F,F,F,F,F,F,F,F,F,F,F,F,W,W,F,F,F,F,F,F,F,F,F,F,F,F,F,F,F,F,W;W,F,F,F,F,F,F,F,F,F,F,F,F,F,F,F,F,W,W,F,F,F,F,F,F,F,F,F,F,F,F,F,F,F,F,W;W,F,F,F,F,F,F,F,F,F,F,F,F,F,F,F,F,F,F,F,F,F,F,F,F,F,F,F,F,F,F,F,F,F,F,W;W,F,F,F,F,F,F,F,F,F,F,F,F,F,F,F,F,F,F,F,F,F,F,F,F,F,F,F,F,F,F,F,F,F,F,W;W,F,F,F,F,F,F,F,F,F,F,F,F,F,F,F,F,F,F,F,F,F,F,F,F,F,F,F,F,F,F,F,F,F,F,W;W,F,F,F,F,F,F,F,F,F,F,F,F,F,F,F,F,F,F,F,F,F,F,F,F,F,F,F,F,F,F,F,F,F,F,W;W,F,F,F,F,F,F,F,F,F,F,F,F,F,F,F,F,F,F,F,F,F,F,F,F,F,F,F,F,F,F,F,F,F,F,W;W,W,W,W,W,W,W,W,W,W,W,W,W,W,W,W,F,F,F,F,F,W,W,W,W,W,W,W,W,W,W,W,W,W,W,W",Standard,Fade,0,1.5,4,1,Forest
12,3,Normal,층계 언덕,38,0,109,36,36,11|13|17,0,,0,0,0.8,false,0,0,0,,,Forest,,"W,W,W,W,W,W,W,W,W,W,W,W,W,W,W,W,F,F,F,F,F,W,W,W,W,W,W,W,W,W,W,W,W,W,W,W;W,F,F,F,F,F,F,F,F,F,F,F,F,F,F,F,F,F,F,F,F,F,F,F,F,F,F,F,F,F,F,F,F,F,F,W;W,F,F,F,F,F,F,F,F,F,F,F,F,F,F,F,F,F,F,F,F,F,F,F,F,F,F,F,F,F,F,F,F,F,F,W;W,F,F,F,F,F,F,F,F,F,F,F,F,F,F,F,F,F,F,F,F,F,F,F,F,F,F,F,F,F,F,F,F,F,F,W;W,F,F,F,F,F,F,F,F,F,F,F,F,F,F,F,F,F,F,F,F,F,F,F,F,F,F,F,F,F,F,F,F,F,F,W;W,F,F,F,F,W,W,W,W,F,F,F,F,F,F,F,F,F,F,F,F,F,F,F,F,F,F,F,F,F,F,F,F,F,F,W;W,F,F,F,F,W,W,W,W,F,F,F,F,F,F,F,F,F,F,F,F,F,F,F,F,F,F,F,F,F,F,F,F,F,F,W;W,F,F,F,F,F,F,F,F,F,F,F,F,F,F,F,F,F,F,F,F,F,F,F,F,F,F,F,F,F,F,F,F,F,F,W;W,F,F,F,F,F,F,F,F,F,F,F,F,F,F,F,F,F,F,F,F,F,F,F,F,F,mc4r3,F,F,F,F,F,F,F,F,W;W,F,F,F,F,F,F,F,F,F,F,F,F,F,F,F,F,F,F,F,F,F,F,F,F,F,F,F,F,F,F,F,F,F,F,W;W,F,F,F,F,F,F,F,F,F,F,F,F,F,F,F,F,F,F,F,F,F,F,F,F,F,F,F,F,F,F,F,F,F,F,W;W,F,F,F,F,F,F,F,F,F,F,F,F,F,F,F,F,F,F,F,F,F,F,F,F,F,F,F,F,F,F,F,F,F,F,W;W,F,F,F,F,F,F,F,F,F,F,F,F,F,F,F,F,F,F,F,F,F,F,F,F,F,F,F,F,F,F,F,F,F,F,W;W,F,F,F,F,F,F,F,F,F,F,F,W,W,W,W,F,F,F,F,F,F,F,F,F,F,F,F,F,F,F,F,F,F,F,W;W,F,F,F,F,mc4r3,F,F,F,F,F,F,W,W,W,W,F,F,F,F,F,F,F,F,F,F,F,F,mc4r3,F,F,F,F,F,F,W;W,F,F,F,F,F,F,F,F,F,F,F,F,F,F,F,F,F,F,F,F,F,F,F,F,F,F,F,F,F,F,F,F,F,F,W;W,F,F,F,F,F,F,F,F,F,F,F,F,F,F,F,F,F,F,F,F,F,F,F,F,F,F,F,F,F,F,F,F,F,F,W;W,F,F,F,F,F,F,F,F,F,F,F,F,F,F,F,F,F,F,F,F,F,F,F,F,F,F,F,F,F,F,F,F,F,F,W;W,F,F,F,F,F,F,F,F,F,F,F,F,F,F,F,F,F,P,F,F,F,F,F,F,F,F,F,F,F,F,F,F,F,F,W;W,F,F,F,F,F,F,F,F,F,F,F,F,F,F,F,F,F,F,F,F,F,F,F,F,F,F,F,F,F,F,F,F,F,F,W;W,F,F,F,F,F,F,F,F,F,F,F,F,F,mc4r3,F,F,F,F,F,F,F,F,F,F,F,F,F,F,F,F,F,F,F,F,W;W,F,F,F,F,F,F,F,F,F,F,F,F,F,F,F,F,F,F,W,W,W,W,F,F,F,F,F,F,F,F,F,F,F,F,W;W,F,F,F,F,F,F,F,F,F,F,F,F,F,F,F,F,F,F,W,W,W,W,F,F,F,F,F,F,F,F,F,F,F,F,W;W,F,F,F,F,F,F,F,F,F,F,F,F,F,F,F,F,F,F,F,F,F,F,F,F,F,F,F,F,F,F,F,F,F,F,W;W,F,F,F,F,F,F,F,F,F,F,F,F,F,F,F,F,F,F,F,F,F,F,F,F,F,F,F,F,F,F,F,F,F,F,W;W,F,F,F,F,F,F,F,F,F,F,F,F,F,F,F,F,F,F,F,F,F,F,F,F,F,F,F,F,F,F,F,F,F,F,W;W,F,F,F,F,mc4r3,F,F,F,F,F,F,F,F,F,F,F,F,F,F,F,F,F,F,F,F,F,mc4r3,F,F,F,F,F,F,F,W;W,F,F,F,F,F,F,F,F,F,F,F,F,F,F,F,F,F,F,F,F,F,F,F,F,F,F,F,F,F,F,F,F,F,F,W;W,F,F,F,F,F,F,F,F,F,F,F,F,F,F,F,F,F,F,F,F,F,F,F,F,F,F,F,F,F,F,F,F,F,F,W;W,F,F,F,F,F,F,F,F,F,F,F,F,F,F,F,F,F,F,F,F,F,F,F,F,F,F,F,F,F,F,F,F,F,F,W;W,F,F,F,F,F,F,F,F,F,F,F,F,F,F,F,F,F,F,F,F,F,F,F,F,F,F,F,F,F,F,F,F,F,F,W;W,F,F,F,F,F,F,F,F,F,F,F,F,F,F,F,F,F,F,F,F,F,F,F,F,F,F,F,F,F,F,F,F,F,F,W;W,F,F,F,F,F,F,F,F,F,F,F,F,F,F,F,F,F,F,F,F,F,F,F,F,F,F,F,F,F,F,F,F,F,F,W;W,F,F,F,F,F,F,F,F,F,F,F,F,F,F,F,F,F,F,F,F,F,F,F,F,F,F,F,F,F,F,F,F,F,F,W;W,F,F,F,F,F,F,F,F,F,F,F,F,F,F,F,F,F,F,F,F,F,F,F,F,F,F,F,F,F,F,F,F,F,F,W;W,W,W,W,W,W,W,W,W,W,W,W,W,W,W,W,F,F,F,F,F,W,W,W,W,W,W,W,W,W,W,W,W,W,W,W",Standard,Fade,0,1.5,4,1,Forest
13,3,Normal,안개 협로,38,0,109,36,36,12|18,0,,0,0,0.8,false,0,0,0,,,Forest,,"W,W,W,W,W,W,W,W,W,W,W,W,W,W,W,W,F,F,F,F,F,W,W,W,W,W,W,W,W,W,W,W,W,W,W,W;W,F,F,F,F,F,F,F,F,F,F,F,F,F,F,F,F,F,F,F,F,F,F,F,F,F,F,F,F,F,F,F,F,F,F,W;W,F,F,F,F,F,F,F,F,F,F,F,F,F,F,F,F,F,F,F,F,F,F,F,F,F,F,F,F,F,F,F,F,F,F,W;W,F,F,F,F,F,F,F,F,F,F,F,F,F,F,F,F,F,F,F,F,F,F,F,F,F,F,F,F,F,F,F,F,F,F,W;W,F,F,F,F,F,F,F,F,F,F,F,F,F,F,F,F,F,F,F,F,F,F,F,F,F,F,F,F,F,F,F,F,F,F,W;W,F,F,F,F,F,F,F,F,F,F,F,F,F,F,F,F,F,F,F,F,F,F,F,F,F,F,F,F,F,F,F,F,F,F,W;W,F,F,F,F,F,F,F,mc4r3,F,F,F,F,F,F,F,F,F,F,F,F,F,F,F,F,F,F,F,mc4r3,F,F,F,F,F,F,W;W,F,F,F,F,F,F,F,F,F,F,F,F,F,F,F,F,F,F,F,F,F,F,F,F,F,F,F,F,F,F,F,F,F,F,W;W,F,F,F,F,F,F,F,F,F,F,F,F,F,F,F,F,F,F,F,F,F,F,F,F,F,F,F,F,F,F,F,F,F,F,W;W,F,F,F,F,F,F,F,F,F,F,F,F,F,F,F,F,F,F,F,F,F,F,F,F,F,F,F,F,F,F,F,F,F,F,W;W,F,F,F,F,W,W,W,W,W,W,W,W,W,W,W,W,W,W,W,W,W,W,W,W,W,W,F,F,F,F,F,F,F,F,W;W,F,F,F,F,W,W,W,W,W,W,W,W,W,W,W,W,W,W,W,W,W,W,W,W,W,W,F,F,F,F,F,F,F,F,W;W,F,F,F,F,F,F,F,F,F,F,F,F,F,F,F,F,F,F,F,F,F,F,F,F,F,F,F,F,F,F,F,F,F,F,W;W,F,F,F,F,F,F,F,F,F,F,F,F,F,F,F,F,F,F,F,F,F,F,F,F,F,F,F,F,F,F,F,F,F,F,W;W,F,F,F,F,F,F,F,F,F,F,F,F,F,F,F,F,F,F,F,F,F,F,F,F,F,F,F,F,F,F,F,F,F,F,W;W,F,F,F,F,F,F,F,F,F,F,F,F,F,F,F,F,F,F,F,F,F,F,F,F,F,F,F,F,F,F,F,F,F,F,W;W,F,F,F,F,F,F,F,F,F,F,F,F,F,F,F,F,F,mc4r3,F,F,F,F,F,F,F,F,F,F,F,F,F,F,F,F,W;W,F,F,F,F,F,F,F,F,F,F,F,F,F,F,F,F,F,F,F,F,F,F,F,F,F,F,F,F,F,F,F,F,F,F,W;W,F,F,F,F,F,F,F,F,F,F,F,F,F,F,F,F,F,P,F,F,F,F,F,F,F,F,F,F,F,F,F,F,F,F,W;W,F,F,F,F,F,F,F,F,F,F,F,F,F,F,F,F,F,F,F,F,F,F,F,F,F,F,F,F,F,F,F,F,F,F,W;W,F,F,F,F,F,F,F,F,F,F,F,F,F,F,F,F,F,F,F,F,F,F,F,F,F,F,F,F,F,F,F,F,F,F,W;W,F,F,F,F,F,F,F,F,F,F,F,F,F,F,F,F,F,F,F,F,F,F,F,F,F,F,F,F,F,F,F,F,F,F,W;W,F,F,F,F,F,F,W,W,W,W,W,W,W,W,W,W,W,W,W,W,W,W,W,W,W,W,W,W,F,F,F,F,F,F,W;W,F,F,F,F,F,F,W,W,W,W,W,W,W,W,W,W,W,W,W,W,W,W,W,W,W,W,W,W,F,F,F,F,F,F,W;W,F,F,F,F,F,F,F,F,F,F,F,F,F,F,F,F,F,F,F,F,F,F,F,F,F,F,F,F,F,F,F,F,F,F,W;W,F,F,F,F,F,F,F,F,F,F,F,F,F,F,F,F,F,F,F,F,F,F,F,F,F,F,F,F,F,F,F,F,F,F,W;W,F,F,F,F,F,F,F,F,F,F,F,F,F,F,F,F,F,F,F,F,F,F,F,F,F,F,F,F,F,F,F,F,F,F,W;W,F,F,F,F,F,F,F,F,F,F,F,F,F,F,F,F,F,F,F,F,F,F,F,F,F,F,F,F,F,F,F,F,F,F,W;W,F,F,F,F,F,F,F,mc4r3,F,F,F,F,F,F,F,F,F,F,F,F,F,F,F,F,F,F,F,mc4r3,F,F,F,F,F,F,W;W,F,F,F,F,F,F,F,F,F,F,F,F,F,F,F,F,F,F,F,F,F,F,F,F,F,F,F,F,F,F,F,F,F,F,W;W,F,F,F,F,F,F,F,F,F,F,F,F,F,F,F,F,F,F,F,F,F,F,F,F,F,F,F,F,F,F,F,F,F,F,W;W,F,F,F,F,F,F,F,F,F,F,F,F,F,F,F,F,F,F,F,F,F,F,F,F,F,F,F,F,F,F,F,F,F,F,W;W,F,F,F,F,F,F,F,F,F,F,F,F,F,F,F,F,F,F,F,F,F,F,F,F,F,F,F,F,F,F,F,F,F,F,W;W,F,F,F,F,F,F,F,F,F,F,F,F,F,F,F,F,F,F,F,F,F,F,F,F,F,F,F,F,F,F,F,F,F,F,W;W,F,F,F,F,F,F,F,F,F,F,F,F,F,F,F,F,F,F,F,F,F,F,F,F,F,F,F,F,F,F,F,F,F,F,W;W,W,W,W,W,W,W,W,W,W,W,W,W,W,W,W,F,F,F,F,F,W,W,W,W,W,W,W,W,W,W,W,W,W,W,W",Standard,Fade,0,1.5,4,1,Forest
14,4,Normal,통로의 회랑,-38,0,147,36,36,15|19,0,,0,0,1,false,0,0,0,,,Forest,,"W,W,W,W,W,W,W,W,W,W,W,W,W,W,W,W,F,F,F,F,F,W,W,W,W,W,W,W,W,W,W,W,W,W,W,W;W,F,F,F,F,F,F,F,F,F,F,F,F,F,F,F,F,F,F,F,F,F,F,F,F,F,F,F,F,F,F,F,F,F,F,W;W,F,F,F,F,F,F,F,F,F,F,F,F,F,F,F,F,F,F,F,F,F,F,F,F,F,F,F,F,F,F,F,F,F,F,W;W,F,F,F,F,F,F,F,F,F,F,F,F,F,F,F,F,F,F,F,F,F,F,F,F,F,F,F,F,F,F,F,F,F,F,W;W,F,F,F,F,F,F,F,F,F,F,F,F,F,F,F,F,F,F,F,F,F,F,F,F,F,F,F,F,F,F,F,F,F,F,W;W,F,F,F,F,F,F,F,F,F,F,F,F,F,F,F,F,F,F,F,F,F,F,F,F,F,F,F,F,F,F,F,F,F,F,W;W,F,F,F,F,F,F,F,F,F,F,F,F,F,F,F,F,F,F,F,F,F,F,F,F,F,F,F,F,F,F,F,F,F,F,W;W,F,F,F,F,F,F,F,F,F,F,F,W,W,F,F,F,F,F,F,W,W,F,F,F,F,F,F,F,F,F,F,F,F,F,W;W,F,F,F,F,mc4r3,F,F,F,F,F,F,W,W,F,F,F,F,F,F,W,W,F,F,F,F,F,F,F,mc4r3,F,F,F,F,F,W;W,F,F,F,F,F,F,F,F,F,F,F,F,F,F,F,F,F,F,F,F,F,F,F,F,F,F,F,F,F,F,F,F,F,F,W;W,F,F,F,F,F,F,F,F,F,F,F,F,F,F,F,F,F,F,F,F,F,F,F,F,F,F,F,F,F,F,F,F,F,F,W;W,F,F,F,F,F,F,F,F,F,F,F,F,F,F,F,F,F,F,F,F,F,F,F,F,F,F,F,F,F,F,F,F,F,F,W;W,F,F,F,F,F,F,F,F,F,F,F,F,F,F,F,F,F,F,F,F,F,F,F,F,F,F,F,F,F,F,F,F,F,F,W;W,F,F,F,F,F,F,F,F,F,F,F,F,F,F,F,F,F,F,F,F,F,F,F,F,F,F,F,F,F,F,F,F,F,F,W;W,F,F,F,F,F,F,F,W,W,F,F,F,F,F,F,F,F,F,F,F,F,F,F,W,W,F,F,F,F,F,F,F,F,F,W;W,F,F,F,F,F,F,F,W,W,F,F,F,F,F,F,F,F,F,F,F,F,F,F,W,W,F,F,F,F,F,F,F,F,F,W;W,F,F,F,F,F,F,F,F,F,F,F,F,F,F,F,F,F,F,F,F,F,F,F,F,F,F,F,F,F,F,F,F,F,F,W;W,F,F,F,F,F,F,F,F,F,F,F,F,F,F,F,F,F,F,F,F,F,F,F,F,F,F,F,F,F,F,F,F,F,F,W;W,F,F,F,F,mc4r3,F,F,F,F,F,F,F,F,F,F,F,F,P,F,F,F,F,F,F,F,F,F,F,mc4r3,F,F,F,F,F,W;W,F,F,F,F,F,F,F,F,F,F,F,F,F,F,F,F,F,F,F,F,F,F,F,F,F,F,F,F,F,F,F,F,F,F,W;W,F,F,F,F,F,F,F,F,F,F,F,F,F,F,F,F,F,F,F,F,F,F,F,F,F,F,F,F,F,F,F,F,F,F,W;W,F,F,F,F,F,F,F,F,F,F,F,W,W,F,F,F,F,F,F,W,W,F,F,F,F,F,F,F,F,F,F,F,F,F,W;W,F,F,F,F,F,F,F,F,F,F,F,W,W,F,F,F,F,F,F,W,W,F,F,F,F,F,F,F,F,F,F,F,F,F,W;W,F,F,F,F,F,F,F,F,F,F,F,F,F,F,F,F,F,F,F,F,F,F,F,F,F,F,F,F,F,F,F,F,F,F,W;W,F,F,F,F,F,F,F,F,F,F,F,F,F,F,F,F,F,F,F,F,F,F,F,F,F,F,F,F,F,F,F,F,F,F,W;W,F,F,F,F,F,F,F,F,F,F,F,F,F,F,F,F,F,F,F,F,F,F,F,F,F,F,F,F,F,F,F,F,F,F,W;W,F,F,F,F,F,F,F,F,F,F,F,F,F,F,F,F,F,F,F,F,F,F,F,F,F,F,F,F,F,F,F,F,F,F,W;W,F,F,F,F,F,F,F,F,F,F,F,F,F,F,F,F,F,F,F,F,F,F,F,F,F,F,F,F,F,F,F,F,F,F,W;W,F,F,F,F,mc4r3,F,F,W,W,F,F,F,F,F,F,F,F,F,F,F,F,F,F,W,W,F,F,F,mc4r3,F,F,F,F,F,W;W,F,F,F,F,F,F,F,W,W,F,F,F,F,F,F,F,F,F,F,F,F,F,F,W,W,F,F,F,F,F,F,F,F,F,W;W,F,F,F,F,F,F,F,F,F,F,F,F,F,F,F,F,F,F,F,F,F,F,F,F,F,F,F,F,F,F,F,F,F,F,W;W,F,F,F,F,F,F,F,F,F,F,F,F,F,F,F,F,F,F,F,F,F,F,F,F,F,F,F,F,F,F,F,F,F,F,W;W,F,F,F,F,F,F,F,F,F,F,F,F,F,F,F,F,F,F,F,F,F,F,F,F,F,F,F,F,F,F,F,F,F,F,W;W,F,F,F,F,F,F,F,F,F,F,F,F,F,F,F,F,F,F,F,F,F,F,F,F,F,F,F,F,F,F,F,F,F,F,W;W,F,F,F,F,F,F,F,F,F,F,F,F,F,F,F,F,F,F,F,F,F,F,F,F,F,F,F,F,F,F,F,F,F,F,W;W,W,W,W,W,W,W,W,W,W,W,W,W,W,W,W,F,F,F,F,F,W,W,W,W,W,W,W,W,W,W,W,W,W,W,W",Standard,Fade,0,1.5,4,1,Forest
15,4,Normal,고리의 십자로,-38,0,147,36,36,14|16|20,0,,0,0,1,false,0,0,0,,,Forest,,"W,W,W,W,W,W,W,W,W,W,W,W,W,W,W,W,F,F,F,F,F,W,W,W,W,W,W,W,W,W,W,W,W,W,W,W;W,F,F,F,F,F,F,F,F,F,F,F,F,F,F,F,F,F,F,F,F,F,F,F,F,F,F,F,F,F,F,F,F,F,F,W;W,F,W,W,W,F,F,F,F,F,F,F,F,F,F,F,F,F,F,F,F,F,F,F,F,F,F,F,F,F,W,W,W,F,F,W;W,F,W,W,W,F,F,F,F,F,F,F,F,F,F,F,F,F,F,F,F,F,F,F,F,F,F,F,F,F,W,W,W,F,F,W;W,F,W,W,W,F,F,F,F,F,F,F,F,F,F,F,F,F,F,F,F,F,F,F,F,F,F,F,F,F,W,W,W,F,F,W;W,F,F,F,F,F,F,F,F,F,F,F,F,F,F,F,F,F,F,F,F,F,F,F,F,F,F,F,F,F,F,F,F,F,F,W;W,F,F,F,F,F,F,F,F,F,F,F,F,F,F,F,F,F,F,F,F,F,F,F,F,F,F,F,F,F,F,F,F,F,F,W;W,F,F,F,F,F,F,F,F,F,F,F,F,F,F,F,F,F,F,F,F,F,F,F,F,F,F,F,F,F,F,F,F,F,F,W;W,F,F,F,F,F,F,F,F,F,F,F,F,F,F,F,F,F,F,F,F,F,F,F,F,F,F,F,F,F,F,F,F,F,F,W;W,F,F,F,F,F,F,F,F,mc4r3,F,F,F,F,F,F,F,F,F,F,F,F,F,F,F,mc4r3,F,F,F,F,F,F,F,F,F,W;W,F,F,F,F,F,F,F,F,F,F,F,F,F,F,F,F,F,F,F,F,F,F,F,F,F,F,F,F,F,F,F,F,F,F,W;W,F,F,F,F,F,F,F,F,F,F,F,F,F,F,F,F,F,F,F,F,F,F,F,F,F,F,F,F,F,F,F,F,F,F,W;W,F,F,F,F,F,F,F,F,F,F,F,F,F,F,F,F,F,F,F,F,F,F,F,F,F,F,F,F,F,F,F,F,F,F,W;W,F,F,F,F,F,F,F,F,F,F,F,F,F,F,F,F,F,F,F,F,F,F,F,F,F,F,F,F,F,F,F,F,F,F,W;W,F,F,F,F,F,F,F,F,F,F,F,F,F,F,F,F,F,F,F,F,F,F,F,F,F,F,F,F,F,F,F,F,F,F,W;W,F,F,F,F,F,F,F,F,F,F,F,F,F,F,F,F,F,F,F,F,F,F,F,F,F,F,F,F,F,F,F,F,F,F,W;W,F,F,F,F,F,F,F,F,F,F,F,F,F,F,F,F,F,F,F,F,F,F,F,F,F,F,F,F,F,F,F,F,F,F,W;W,F,F,F,F,F,F,F,F,F,F,F,F,F,F,F,F,F,F,F,F,F,F,F,F,F,F,F,F,F,F,F,F,F,F,W;W,F,F,F,F,F,F,F,mc4r3,F,F,F,F,F,F,F,F,F,P,F,F,F,F,F,F,F,mc4r3,F,F,F,F,F,F,F,F,W;W,F,F,F,F,F,F,F,F,F,F,F,F,F,F,F,F,F,F,F,F,F,F,F,F,F,F,F,F,F,F,F,F,F,F,W;W,F,F,F,F,F,F,F,F,F,F,F,F,F,F,F,F,F,F,F,F,F,F,F,F,F,F,F,F,F,F,F,F,F,F,W;W,F,F,F,F,F,F,F,F,F,F,F,F,F,F,F,F,F,F,F,F,F,F,F,F,F,F,F,F,F,F,F,F,F,F,W;W,F,F,F,F,F,F,F,F,F,F,F,F,F,F,F,F,F,F,F,F,F,F,F,F,F,F,F,F,F,F,F,F,F,F,W;W,F,F,F,F,F,F,F,F,F,F,F,F,F,F,F,F,F,F,F,F,F,F,F,F,F,F,F,F,F,F,F,F,F,F,W;W,F,F,F,F,F,F,F,F,F,F,F,F,F,F,F,F,F,F,F,F,F,F,F,F,F,F,F,F,F,F,F,F,F,F,W;W,F,F,F,F,F,F,F,F,mc4r3,F,F,F,F,F,F,F,F,F,F,F,F,F,F,F,mc4r3,F,F,F,F,F,F,F,F,F,W;W,F,F,F,F,F,F,F,F,F,F,F,F,F,F,F,F,F,F,F,F,F,F,F,F,F,F,F,F,F,F,F,F,F,F,W;W,F,F,F,F,F,F,F,F,F,F,F,F,F,F,F,F,F,F,F,F,F,F,F,F,F,F,F,F,F,F,F,F,F,F,W;W,F,F,F,F,F,F,F,F,F,F,F,F,F,F,F,F,F,F,F,F,F,F,F,F,F,F,F,F,F,F,F,F,F,F,W;W,F,F,F,F,F,F,F,F,F,F,F,F,F,F,F,F,F,F,F,F,F,F,F,F,F,F,F,F,F,F,F,F,F,F,W;W,F,W,W,W,F,F,F,F,F,F,F,F,F,F,F,F,F,F,F,F,F,F,F,F,F,F,F,F,F,W,W,W,F,F,W;W,F,W,W,W,F,F,F,F,F,F,F,F,F,F,F,F,F,F,F,F,F,F,F,F,F,F,F,F,F,W,W,W,F,F,W;W,F,W,W,W,F,F,F,F,F,F,F,F,F,F,F,F,F,F,F,F,F,F,F,F,F,F,F,F,F,W,W,W,F,F,W;W,F,F,F,F,F,F,F,F,F,F,F,F,F,F,F,F,F,F,F,F,F,F,F,F,F,F,F,F,F,F,F,F,F,F,W;W,F,F,F,F,F,F,F,F,F,F,F,F,F,F,F,F,F,F,F,F,F,F,F,F,F,F,F,F,F,F,F,F,F,F,W;W,W,W,W,W,W,W,W,W,W,W,W,W,W,W,W,F,F,F,F,F,W,W,W,W,W,W,W,W,W,W,W,W,W,W,W",Standard,Fade,0,1.5,4,1,Forest
16,4,Event,비밀 제단,0,0,147,34,36,15|17|21,0,,0,0,0,false,0,0,0,,,Abyss,,"W,W,W,W,W,W,W,W,W,W,W,W,W,W,W,F,F,F,F,F,W,W,W,W,W,W,W,W,W,W,W,W,W,W;W,F,F,F,F,F,F,F,F,F,F,F,F,F,F,F,F,F,F,F,F,F,F,F,F,F,F,F,F,F,F,F,F,W;W,F,F,F,F,F,F,F,F,F,F,F,F,F,F,F,F,F,F,F,F,F,F,F,F,F,F,F,F,F,F,F,F,W;W,F,F,F,F,F,F,F,F,F,F,F,F,F,F,F,F,F,F,F,F,F,F,F,F,F,F,F,F,F,F,F,F,W;W,F,F,F,F,F,F,F,F,F,F,F,F,F,F,F,F,F,F,F,F,F,F,F,F,F,F,F,F,F,F,F,F,W;W,F,F,F,F,F,F,F,F,F,F,F,F,F,F,W,W,F,F,F,F,F,F,F,F,F,F,F,F,F,F,F,F,W;W,F,F,F,F,F,F,F,F,F,F,F,F,F,F,W,W,F,F,F,F,F,F,F,F,F,F,F,F,F,F,F,F,W;W,F,F,F,F,F,F,F,F,F,F,F,F,F,F,F,F,F,F,F,F,F,F,F,F,F,F,F,F,F,F,F,F,W;W,F,F,F,F,F,F,F,F,F,F,F,F,F,F,F,F,F,F,F,F,F,F,F,F,F,F,F,F,F,F,F,F,W;W,F,F,F,F,F,F,W,W,F,F,F,F,F,F,F,F,F,F,F,F,F,F,W,W,F,F,F,F,F,F,F,F,W;W,F,F,F,F,F,F,W,W,F,F,F,F,F,F,F,F,F,F,F,F,F,F,W,W,F,F,F,F,F,F,F,F,W;W,F,F,F,F,F,F,F,F,F,F,F,F,F,F,F,F,F,F,F,F,F,F,F,F,F,F,F,F,F,F,F,F,W;W,F,F,F,F,F,F,F,F,F,F,F,F,F,F,F,F,F,F,F,F,F,F,F,F,F,F,F,F,F,F,F,F,W;W,F,F,F,F,F,F,F,F,F,F,F,F,F,F,F,F,F,F,F,F,F,F,F,F,F,F,F,F,F,F,F,F,W;W,F,F,F,F,F,F,F,F,F,F,F,F,F,F,F,F,F,F,F,F,F,F,F,F,F,F,F,F,F,F,F,F,W;W,F,F,F,F,F,F,F,F,F,F,F,F,F,F,F,F,F,F,F,F,F,F,F,F,F,F,F,F,F,F,F,F,W;W,F,F,F,W,W,F,F,F,F,F,F,F,F,F,F,F,F,F,F,F,F,F,F,F,F,W,W,F,F,F,F,F,W;W,F,F,F,W,W,F,F,F,F,F,F,F,F,F,F,F,F,F,F,F,F,F,F,F,F,W,W,F,F,F,F,F,W;W,F,F,F,F,F,F,F,F,F,F,F,F,F,F,F,F,F,F,F,F,F,F,F,F,F,F,F,F,F,F,F,F,W;W,F,F,F,F,F,F,F,F,F,F,F,F,F,F,F,F,F,F,F,F,F,F,F,F,F,F,F,F,F,F,F,F,W;W,F,F,F,F,F,F,F,F,F,F,F,F,F,F,F,F,F,F,F,F,F,F,F,F,F,F,F,F,F,F,F,F,W;W,F,F,F,F,F,F,F,F,F,F,F,F,F,F,F,F,F,F,F,F,F,F,F,F,F,F,F,F,F,F,F,F,W;W,F,F,F,F,F,F,F,F,F,F,F,F,F,F,F,F,F,F,F,F,F,F,F,F,F,F,F,F,F,F,F,F,W;W,F,F,F,F,F,F,W,W,F,F,F,F,F,F,F,F,F,F,F,F,F,F,W,W,F,F,F,F,F,F,F,F,W;W,F,F,F,F,F,F,W,W,F,F,F,F,F,F,F,F,F,F,F,F,F,F,W,W,F,F,F,F,F,F,F,F,W;W,F,F,F,F,F,F,F,F,F,F,F,F,F,F,F,F,F,F,F,F,F,F,F,F,F,F,F,F,F,F,F,F,W;W,F,F,F,F,F,F,F,F,F,F,F,F,F,F,F,F,F,F,F,F,F,F,F,F,F,F,F,F,F,F,F,F,W;W,F,F,F,F,F,F,F,F,F,F,F,F,F,F,F,F,F,F,F,F,F,F,F,F,F,F,F,F,F,F,F,F,W;W,F,F,F,F,F,F,F,F,F,F,F,F,F,F,W,W,F,F,F,F,F,F,F,F,F,F,F,F,F,F,F,F,W;W,F,F,F,F,F,F,F,F,F,F,F,F,F,F,W,W,F,F,F,F,F,F,F,F,F,F,F,F,F,F,F,F,W;W,F,F,F,F,F,F,F,F,F,F,F,F,F,F,F,F,F,F,F,F,F,F,F,F,F,F,F,F,F,F,F,F,W;W,F,F,F,F,F,F,F,F,F,F,F,F,F,F,F,F,F,F,F,F,F,F,F,F,F,F,F,F,F,F,F,F,W;W,F,F,F,F,F,F,F,F,F,F,F,F,F,F,F,F,P,F,F,F,F,F,F,F,F,F,F,F,F,F,F,F,W;W,F,F,F,F,F,F,F,F,F,F,F,F,F,F,F,F,F,F,F,F,F,F,F,F,F,F,F,F,F,F,F,F,W;W,F,F,F,F,F,F,F,F,F,F,F,F,F,F,F,F,F,F,F,F,F,F,F,F,F,F,F,F,F,F,F,F,W;W,W,W,W,W,W,W,W,W,W,W,W,W,W,W,F,F,F,F,F,W,W,W,W,W,W,W,W,W,W,W,W,W,W",Standard,Fade,0,1.5,0,1,Abyss
17,4,Normal,구름 다리,38,0,147,36,36,16|18|22,0,,0,0,1,false,0,0,0,,,Abyss,,"W,W,W,W,W,W,W,W,W,W,W,W,W,W,W,W,F,F,F,F,F,W,W,W,W,W,W,W,W,W,W,W,W,W,W,W;W,F,F,F,F,F,F,F,F,F,F,F,F,F,F,F,F,F,F,F,F,F,F,F,F,F,F,F,F,F,F,F,F,F,F,W;W,F,F,F,F,F,F,F,F,F,F,F,F,F,F,F,F,F,F,F,F,F,F,F,F,F,F,F,F,F,F,F,F,F,F,W;W,F,F,F,F,F,F,F,W,W,F,F,F,F,F,F,F,F,F,F,F,F,F,F,W,W,F,F,F,F,F,F,F,F,F,W;W,F,F,F,F,F,F,F,W,W,F,F,F,F,F,F,F,F,F,F,F,F,F,F,W,W,F,F,F,F,F,F,F,F,F,W;W,F,F,F,F,F,F,F,W,W,F,F,F,F,F,F,F,F,F,F,F,F,F,F,W,W,F,F,F,F,F,F,F,F,F,W;W,F,F,F,F,F,F,F,W,W,F,F,F,F,F,F,F,F,F,F,F,F,F,F,W,W,F,F,F,F,F,F,F,F,F,W;W,F,F,F,F,F,F,F,W,W,F,F,F,F,F,F,F,F,F,F,F,F,F,F,W,W,F,F,F,F,F,F,F,F,F,W;W,F,F,F,mc4r3,F,F,F,W,W,F,F,F,F,F,F,F,F,F,F,F,F,F,F,W,W,F,F,F,mc4r3,F,F,F,F,F,W;W,F,F,F,F,F,F,F,W,W,F,F,F,F,F,F,F,F,F,F,F,F,F,F,W,W,F,F,F,F,F,F,F,F,F,W;W,F,F,F,F,F,F,F,W,W,F,F,F,F,F,F,F,F,mc4r3,F,F,F,F,F,W,W,F,F,F,F,F,F,F,F,F,W;W,F,F,F,F,F,F,F,W,W,F,F,F,F,F,F,F,F,F,F,F,F,F,F,W,W,F,F,F,F,F,F,F,F,F,W;W,F,F,F,F,F,F,F,W,W,F,F,F,F,F,F,F,F,F,F,F,F,F,F,W,W,F,F,F,F,F,F,F,F,F,W;W,F,F,F,F,F,F,F,W,W,F,F,F,F,F,F,F,F,F,F,F,F,F,F,W,W,F,F,F,F,F,F,F,F,F,W;W,F,F,F,F,F,F,F,W,W,F,F,F,F,F,F,F,F,F,F,F,F,F,F,W,W,F,F,F,F,F,F,F,F,F,W;W,F,F,F,F,F,F,F,F,F,F,F,F,F,F,F,F,F,F,F,F,F,F,F,W,W,F,F,F,F,F,F,F,F,F,W;W,F,F,F,F,F,F,F,F,F,F,F,F,F,F,F,F,F,F,F,F,F,F,F,W,W,F,F,F,F,F,F,F,F,F,W;W,F,F,F,F,F,F,F,W,W,F,F,F,F,F,F,F,F,F,F,F,F,F,F,F,F,F,F,F,F,F,F,F,F,F,W;W,F,F,F,F,F,F,F,W,W,F,F,F,F,F,F,F,F,P,F,F,F,F,F,F,F,F,F,F,F,F,F,F,F,F,W;W,F,F,F,F,F,F,F,W,W,F,F,F,F,F,F,F,F,F,F,F,F,F,F,W,W,F,F,F,F,F,F,F,F,F,W;W,F,F,F,F,F,F,F,W,W,F,F,F,F,F,F,F,F,F,F,F,F,F,F,W,W,F,F,F,F,F,F,F,F,F,W;W,F,F,F,F,F,F,F,W,W,F,F,F,F,F,F,F,F,F,F,F,F,F,F,W,W,F,F,F,F,F,F,F,F,F,W;W,F,F,F,F,F,F,F,W,W,F,F,F,F,F,F,F,F,F,F,F,F,F,F,W,W,F,F,F,F,F,F,F,F,F,W;W,F,F,F,F,F,F,F,W,W,F,F,F,F,F,F,F,F,F,F,F,F,F,F,W,W,F,F,F,F,F,F,F,F,F,W;W,F,F,F,F,F,F,F,W,W,F,F,F,F,F,F,F,F,mc4r3,F,F,F,F,F,W,W,F,F,F,F,F,F,F,F,F,W;W,F,F,F,F,F,F,F,W,W,F,F,F,F,F,F,F,F,F,F,F,F,F,F,W,W,F,F,F,F,F,F,F,F,F,W;W,F,F,F,mc4r3,F,F,F,W,W,F,F,F,F,F,F,F,F,F,F,F,F,F,F,W,W,F,F,F,mc4r3,F,F,F,F,F,W;W,F,F,F,F,F,F,F,W,W,F,F,F,F,F,F,F,F,F,F,F,F,F,F,W,W,F,F,F,F,F,F,F,F,F,W;W,F,F,F,F,F,F,F,W,W,F,F,F,F,F,F,F,F,F,F,F,F,F,F,W,W,F,F,F,F,F,F,F,F,F,W;W,F,F,F,F,F,F,F,W,W,F,F,F,F,F,F,F,F,F,F,F,F,F,F,W,W,F,F,F,F,F,F,F,F,F,W;W,F,F,F,F,F,F,F,W,W,F,F,F,F,F,F,F,F,F,F,F,F,F,F,W,W,F,F,F,F,F,F,F,F,F,W;W,F,F,F,F,F,F,F,F,F,F,F,F,F,F,F,F,F,F,F,F,F,F,F,F,F,F,F,F,F,F,F,F,F,F,W;W,F,F,F,F,F,F,F,F,F,F,F,F,F,F,F,F,F,F,F,F,F,F,F,F,F,F,F,F,F,F,F,F,F,F,W;W,F,F,F,F,F,F,F,F,F,F,F,F,F,F,F,F,F,F,F,F,F,F,F,F,F,F,F,F,F,F,F,F,F,F,W;W,F,F,F,F,F,F,F,F,F,F,F,F,F,F,F,F,F,F,F,F,F,F,F,F,F,F,F,F,F,F,F,F,F,F,W;W,W,W,W,W,W,W,W,W,W,W,W,W,W,W,W,F,F,F,F,F,W,W,W,W,W,W,W,W,W,W,W,W,W,W,W",Standard,Fade,0,1.5,4,1,Abyss
18,4,Normal,심연의 문턱,38,0,147,36,36,17|23,0,,0,0,1,false,0,0,0,,,Abyss,,"W,W,W,W,W,W,W,W,W,W,W,W,W,W,W,W,F,F,F,F,F,W,W,W,W,W,W,W,W,W,W,W,W,W,W,W;W,F,F,F,F,F,F,F,F,F,F,F,F,F,F,F,F,F,F,F,F,F,F,F,F,F,F,F,F,F,F,F,F,F,F,W;W,F,F,F,F,F,F,F,F,F,F,F,F,F,F,F,F,F,F,F,F,F,F,F,F,F,F,F,F,F,F,F,F,F,F,W;W,F,F,F,F,F,F,F,F,F,F,F,F,F,F,F,F,F,F,F,F,F,F,F,F,F,F,F,F,F,F,F,F,F,F,W;W,F,F,F,W,W,F,F,F,F,F,F,W,W,F,F,F,F,F,F,W,W,F,F,F,F,F,F,W,W,F,F,F,F,F,W;W,F,F,F,W,W,F,F,F,F,F,F,W,W,F,F,F,F,F,F,W,W,F,F,F,F,F,F,W,W,F,F,F,F,F,W;W,F,F,F,F,F,F,F,F,F,F,F,F,F,F,F,F,F,F,F,F,F,F,F,F,F,F,F,F,F,F,F,F,F,F,W;W,F,F,F,F,F,F,F,F,F,F,F,F,F,F,F,F,F,F,F,F,F,F,F,F,F,F,F,F,F,F,F,F,F,F,W;W,F,F,F,F,F,F,F,mc4r3,F,F,F,F,F,F,F,F,F,F,F,F,F,F,F,F,F,mc4r3,F,F,F,F,F,F,F,F,W;W,F,F,F,F,F,F,F,F,F,F,F,F,F,F,F,F,F,F,F,F,F,F,F,F,F,F,F,F,F,F,F,F,F,F,W;W,F,F,F,F,F,F,F,F,F,F,F,F,F,F,F,F,F,F,F,F,F,F,F,F,F,F,F,F,F,F,F,F,F,F,W;W,F,F,F,F,F,F,F,F,F,F,F,F,F,F,F,F,F,F,F,F,F,F,F,F,F,F,F,F,F,F,F,F,F,F,W;W,F,F,F,F,F,F,F,F,F,F,F,F,F,F,F,F,F,F,F,F,F,F,F,F,F,F,F,F,F,F,F,F,F,F,W;W,F,F,F,F,F,F,F,F,F,F,F,F,F,F,F,F,F,F,F,F,F,F,F,F,F,F,F,F,F,F,F,F,F,F,W;W,F,F,F,F,F,F,F,F,F,F,F,F,F,F,F,F,F,F,F,F,F,F,F,F,F,F,F,F,F,F,F,F,F,F,W;W,F,F,F,F,F,F,F,F,F,F,F,F,F,F,F,F,F,F,F,F,F,F,F,F,F,F,F,F,F,F,F,F,F,F,W;W,F,F,F,F,F,F,F,F,F,F,F,F,F,F,F,W,W,F,F,F,F,F,F,F,F,F,F,F,F,F,F,F,F,F,W;W,F,F,F,F,F,F,F,F,F,F,F,F,F,F,F,W,W,F,F,F,F,F,F,F,F,F,F,F,F,F,F,F,F,F,W;W,F,F,F,mc4r3,F,F,F,F,F,F,F,F,F,F,F,F,F,P,F,F,F,F,F,F,F,F,F,F,F,mc4r3,F,F,F,F,W;W,F,F,F,F,F,F,F,F,F,F,F,F,F,F,F,F,F,F,F,F,F,F,F,F,F,F,F,F,F,F,F,F,F,F,W;W,F,F,F,F,F,F,F,F,F,F,F,F,F,F,F,F,F,F,F,F,F,F,F,F,F,F,F,F,F,F,F,F,F,F,W;W,F,F,F,F,F,F,F,F,F,F,F,F,F,F,F,F,F,F,F,F,F,F,F,F,F,F,F,F,F,F,F,F,F,F,W;W,F,F,F,F,F,F,F,F,F,F,F,F,F,F,F,F,F,F,F,F,F,F,F,F,F,F,F,F,F,F,F,F,F,F,W;W,F,F,F,F,F,F,F,F,F,F,F,F,F,F,F,F,F,F,F,F,F,F,F,F,F,F,F,F,F,F,F,F,F,F,W;W,F,F,F,F,F,F,F,F,F,F,F,F,F,F,F,F,F,F,F,F,F,F,F,F,F,F,F,F,F,F,F,F,F,F,W;W,F,F,F,F,F,F,F,F,F,F,F,F,F,F,F,F,F,F,F,F,F,F,F,F,F,F,F,F,F,F,F,F,F,F,W;W,F,F,F,F,F,F,F,mc4r3,F,F,F,F,F,F,F,F,F,F,F,F,F,F,F,F,F,mc4r3,F,F,F,F,F,F,F,F,W;W,F,F,F,F,F,F,F,F,F,F,F,F,F,F,F,F,F,F,F,F,F,F,F,F,F,F,F,F,F,F,F,F,F,F,W;W,F,F,F,F,F,F,F,W,W,F,F,F,F,F,F,W,W,F,F,F,F,F,F,W,W,F,F,F,F,F,F,F,F,F,W;W,F,F,F,F,F,F,F,W,W,F,F,F,F,F,F,W,W,F,F,F,F,F,F,W,W,F,F,F,F,F,F,F,F,F,W;W,F,F,F,F,F,F,F,F,F,F,F,F,F,F,F,F,F,F,F,F,F,F,F,F,F,F,F,F,F,F,F,F,F,F,W;W,F,F,F,F,F,F,F,F,F,F,F,F,F,F,F,F,F,F,F,F,F,F,F,F,F,F,F,F,F,F,F,F,F,F,W;W,F,F,F,F,F,F,F,F,F,F,F,F,F,F,F,F,F,F,F,F,F,F,F,F,F,F,F,F,F,F,F,F,F,F,W;W,F,F,F,F,F,F,F,F,F,F,F,F,F,F,F,F,F,F,F,F,F,F,F,F,F,F,F,F,F,F,F,F,F,F,W;W,F,F,F,F,F,F,F,F,F,F,F,F,F,F,F,F,F,F,F,F,F,F,F,F,F,F,F,F,F,F,F,F,F,F,W;W,W,W,W,W,W,W,W,W,W,W,W,W,W,W,W,F,F,F,F,F,W,W,W,W,W,W,W,W,W,W,W,W,W,W,W",Standard,Fade,0,1.5,4,1,Abyss
19,5,Elite,심연의 함정,-84,0,190,40,46,20,0,,0,0,1.5,false,0,0,0,,,Abyss,,"W,W,W,W,W,W,W,W,W,W,W,W,W,W,W,W,W,W,F,F,F,F,F,W,W,W,W,W,W,W,W,W,W,W,W,W,W,W,W,W;W,F,F,F,F,F,F,F,F,F,F,F,F,F,F,F,F,F,F,F,F,F,F,F,F,F,F,F,F,F,F,F,F,F,F,F,F,F,F,W;W,F,W,W,F,F,F,F,F,F,F,F,F,F,F,F,F,F,F,F,F,F,F,F,F,F,F,F,F,F,F,F,F,F,F,W,W,F,F,W;W,F,W,W,F,F,F,F,F,F,F,F,F,F,F,F,F,F,F,F,F,F,F,F,F,F,F,F,F,F,F,F,F,F,F,W,W,F,F,W;W,F,F,F,F,F,F,F,F,F,F,F,F,F,F,F,F,F,F,F,F,F,F,F,F,F,F,F,F,F,F,F,F,F,F,F,F,F,F,W;W,F,F,F,F,F,F,F,F,F,F,F,F,F,F,F,F,F,F,F,F,F,F,F,F,F,F,F,F,F,F,F,F,F,F,F,F,F,F,W;W,F,F,F,F,F,F,F,F,F,F,F,F,F,F,F,F,F,F,F,F,F,F,F,F,F,F,F,F,F,F,F,F,F,F,F,F,F,F,W;W,F,F,F,F,F,F,F,F,F,F,F,F,F,F,F,F,F,F,F,F,F,F,F,F,F,F,F,F,F,F,F,F,F,F,F,F,F,F,W;W,F,F,F,F,F,F,F,F,F,F,F,F,F,F,F,F,F,F,F,F,F,F,F,F,F,F,F,F,F,F,F,F,F,F,F,F,F,F,W;W,F,F,F,F,F,F,F,F,F,F,F,F,F,F,F,F,F,F,F,Me4r3,F,F,F,F,F,F,F,F,F,F,F,F,F,F,F,F,F,F,W;W,F,F,F,F,F,F,F,F,F,F,F,F,F,F,F,F,F,F,F,F,F,F,F,F,F,F,F,F,F,F,F,F,F,F,F,F,F,F,W;W,F,F,F,F,F,F,F,F,F,F,F,F,F,F,F,F,F,F,F,F,F,F,F,F,F,F,F,F,F,F,F,F,F,F,F,F,F,F,W;W,F,F,F,F,F,F,F,F,F,F,F,mc3r3,F,F,F,F,F,F,F,F,F,F,F,F,F,mc3r3,F,F,F,F,F,F,F,F,F,F,F,F,W;W,F,F,F,F,F,F,F,F,F,F,F,F,F,F,F,F,F,F,F,F,F,F,F,F,F,F,F,F,F,F,F,F,F,F,F,F,F,F,W;W,F,F,F,F,F,F,F,F,F,F,F,F,F,F,F,F,F,F,F,F,F,F,F,F,F,F,F,F,F,F,F,F,F,F,F,F,F,F,W;W,F,F,F,F,F,F,F,F,F,F,F,F,F,F,F,F,F,F,F,F,F,F,F,F,F,F,F,F,F,F,F,F,F,F,F,F,F,F,W;W,F,F,F,F,F,F,F,F,F,F,F,F,F,F,F,F,F,F,F,F,F,F,F,F,F,F,F,F,F,F,F,F,F,F,F,F,F,F,W;W,F,F,F,F,F,F,F,F,F,F,F,F,F,F,F,F,F,F,F,F,F,F,F,F,F,F,F,F,F,F,F,F,F,F,F,F,F,F,W;W,F,F,F,F,F,F,F,F,F,F,F,F,F,F,F,F,F,F,F,F,F,F,F,F,F,F,F,F,F,F,F,F,F,F,F,F,F,F,W;W,F,F,F,F,F,F,F,W,W,F,F,F,F,F,F,F,F,F,F,F,F,F,F,F,F,F,F,W,W,F,F,F,F,F,F,F,F,F,W;W,F,F,F,F,F,F,F,W,W,F,F,F,F,F,F,F,F,F,F,F,F,F,F,F,F,F,F,W,W,F,F,F,F,F,F,F,F,F,W;W,F,F,F,F,F,F,F,F,F,F,F,F,F,F,F,F,F,F,F,F,F,F,F,F,F,F,F,F,F,F,F,F,F,F,F,F,F,F,W;W,F,F,F,F,F,F,F,F,F,F,F,F,F,F,F,F,F,F,F,F,F,F,F,F,F,F,F,F,F,F,F,F,F,F,F,F,F,F,W;W,F,F,F,F,F,mc3r3,F,F,F,F,F,F,F,F,F,F,F,F,F,F,F,F,F,F,F,F,F,F,F,F,F,mc3r3,F,F,F,F,F,F,W;W,F,F,F,F,F,F,F,F,F,F,F,F,F,F,F,F,F,F,F,F,F,F,F,F,F,F,F,F,F,F,F,F,F,F,F,F,F,F,W;W,F,F,F,F,F,F,F,W,W,F,F,F,F,F,F,F,F,F,F,F,F,F,F,F,F,F,F,W,W,F,F,F,F,F,F,F,F,F,W;W,F,F,F,F,F,F,F,W,W,F,F,F,F,F,F,F,F,F,F,F,F,F,F,F,F,F,F,W,W,F,F,F,F,F,F,F,F,F,W;W,F,F,F,F,F,F,F,F,F,F,F,F,F,F,F,F,F,F,F,F,F,F,F,F,F,F,F,F,F,F,F,F,F,F,F,F,F,F,W;W,F,F,F,F,F,F,F,F,F,F,F,F,F,F,F,F,F,F,F,F,F,F,F,F,F,F,F,F,F,F,F,F,F,F,F,F,F,F,W;W,F,F,F,F,F,F,F,F,F,F,F,F,F,F,F,F,F,F,F,F,F,F,F,F,F,F,F,F,F,F,F,F,F,F,F,F,F,F,W;W,F,F,F,F,F,F,F,F,F,F,F,F,F,F,F,F,F,F,F,F,F,F,F,F,F,F,F,F,F,F,F,F,F,F,F,F,F,F,W;W,F,F,F,F,F,F,F,F,F,F,F,F,F,F,F,F,F,F,F,F,F,F,F,F,F,F,F,F,F,F,F,F,F,F,F,F,F,F,W;W,F,F,F,F,F,F,F,F,F,F,F,F,F,F,F,F,F,F,F,F,F,F,F,F,F,F,F,F,F,F,F,F,F,F,F,F,F,F,W;W,F,F,F,F,F,F,F,F,F,F,F,F,F,F,F,F,F,F,F,P,F,F,F,F,F,F,F,F,F,F,F,F,F,F,F,F,F,F,W;W,F,F,F,F,F,F,F,F,F,F,F,F,F,F,F,F,F,F,F,F,F,F,F,F,F,F,F,F,F,F,F,F,F,F,F,F,F,F,W;W,F,F,F,F,F,F,F,F,F,F,F,F,F,F,F,F,F,F,F,F,F,F,F,F,F,F,F,F,F,F,F,F,F,F,F,F,F,F,W;W,F,F,F,F,F,F,F,F,F,F,F,F,F,F,F,F,F,F,F,Me4r3,F,F,F,F,F,F,F,F,F,F,F,F,F,F,F,F,F,F,W;W,F,F,F,F,F,F,F,F,F,F,F,F,F,F,F,F,F,F,F,F,F,F,F,F,F,F,F,F,F,F,F,F,F,F,F,F,F,F,W;W,F,F,F,F,F,F,F,F,F,F,F,F,F,F,F,F,F,F,F,F,F,F,F,F,F,F,F,F,F,F,F,F,F,F,F,F,F,F,W;W,F,F,F,F,F,F,F,F,F,F,F,F,F,F,F,F,F,F,F,F,F,F,F,F,F,F,F,F,F,F,F,F,F,F,F,F,F,F,W;W,F,F,F,F,F,F,F,F,F,F,F,F,F,F,F,F,F,F,F,F,F,F,F,F,F,F,F,F,F,F,F,F,F,F,F,F,F,F,W;W,F,F,F,F,F,F,F,F,F,F,F,F,F,F,F,F,F,F,F,F,F,F,F,F,F,F,F,F,F,F,F,F,F,F,F,F,F,F,W;W,F,W,W,F,F,F,F,F,F,F,F,F,F,F,F,F,F,F,F,F,F,F,F,F,F,F,F,F,F,F,F,F,F,F,W,W,F,F,W;W,F,W,W,F,F,F,F,F,F,F,F,F,F,F,F,F,F,F,F,F,F,F,F,F,F,F,F,F,F,F,F,F,F,F,W,W,F,F,W;W,F,F,F,F,F,F,F,F,F,F,F,F,F,F,F,F,F,F,F,F,F,F,F,F,F,F,F,F,F,F,F,F,F,F,F,F,F,F,W;W,W,W,W,W,W,W,W,W,W,W,W,W,W,W,W,W,W,F,F,F,F,F,W,W,W,W,W,W,W,W,W,W,W,W,W,W,W,W,W",Standard,Fade,0,1.5,5,1,Abyss
20,5,Normal,균열의 길,-42,0,190,40,40,19|21|24,0,,0,0,1.2,false,0,0,0,,,Abyss,,"W,W,W,W,W,W,W,W,W,W,W,W,W,W,W,W,W,W,F,F,F,F,F,W,W,W,W,W,W,W,W,W,W,W,W,W,W,W,W,W;W,F,F,F,F,F,F,F,F,F,F,F,F,F,F,F,F,F,F,F,F,F,F,F,F,F,F,F,F,F,F,F,F,F,F,F,F,F,F,W;W,F,W,W,W,W,F,F,F,F,F,F,F,F,F,F,F,F,F,F,F,F,F,F,F,F,F,F,F,F,F,F,F,W,F,W,W,W,W,W;W,F,W,F,F,F,F,F,F,F,F,F,F,F,F,F,F,F,F,F,F,F,F,F,F,F,F,F,F,F,F,F,F,W,F,F,F,F,F,W;W,F,W,F,F,F,F,F,F,F,F,F,F,F,F,F,F,F,F,F,F,F,F,F,F,F,F,F,F,F,F,F,F,W,F,F,F,F,F,W;W,F,W,F,F,F,F,F,F,F,F,F,F,F,F,F,F,F,F,F,F,F,F,F,F,F,F,F,F,F,F,F,F,W,F,F,F,F,F,W;W,F,F,F,F,F,F,F,F,F,F,F,F,F,F,F,F,F,F,F,F,F,F,F,F,F,F,F,F,F,F,F,F,F,F,F,F,F,F,W;W,F,F,F,F,F,F,F,F,F,F,F,F,F,F,F,F,F,F,F,F,F,F,F,F,F,F,F,F,F,F,F,F,F,F,F,F,F,F,W;W,F,F,F,F,F,F,F,mc5r4,F,F,F,F,F,F,F,F,F,F,F,mc5r4,F,F,F,F,F,F,F,F,F,mc5r4,F,F,F,F,F,F,F,F,W;W,F,F,F,F,F,F,F,F,F,F,F,F,F,F,F,F,F,F,F,F,F,F,F,F,F,F,F,F,F,F,F,F,F,F,F,F,F,F,W;W,F,F,F,F,F,F,F,F,F,F,F,F,F,F,F,F,F,F,F,F,F,F,F,F,F,F,F,F,F,F,F,F,F,F,F,F,F,F,W;W,F,F,F,F,F,F,F,F,F,F,F,F,F,F,F,F,F,F,F,F,F,F,F,F,F,F,F,F,F,F,F,F,F,F,F,F,F,F,W;W,F,F,F,F,F,F,F,F,F,F,F,F,F,F,F,F,F,F,F,F,F,F,F,F,F,F,F,F,F,F,F,F,F,F,F,F,F,F,W;W,F,F,F,F,F,F,F,F,F,F,F,F,F,F,F,F,F,F,F,F,F,F,F,F,F,F,F,F,F,F,F,F,F,F,F,F,F,F,W;W,F,F,F,F,F,F,F,F,F,F,F,F,F,F,F,F,F,F,F,F,F,F,F,F,F,F,F,F,F,F,F,F,F,F,F,F,F,F,W;W,F,F,F,F,F,F,F,F,F,F,F,F,F,F,F,F,F,F,F,F,F,F,F,F,F,F,F,F,F,F,F,F,F,F,F,F,F,F,W;W,F,F,F,F,F,F,F,F,F,F,F,F,F,F,F,F,F,F,F,F,F,F,F,F,F,F,F,F,F,F,F,F,F,F,F,F,F,F,W;W,F,F,F,F,F,F,F,F,F,F,F,F,F,F,F,F,F,F,F,F,F,F,F,F,F,F,F,F,F,F,F,F,F,F,F,F,F,F,W;W,F,F,F,F,F,F,F,F,F,F,F,F,F,F,F,F,F,F,F,F,F,F,F,F,F,F,F,F,F,F,F,F,F,F,F,F,F,F,W;W,F,F,F,F,F,F,F,F,F,F,F,F,F,F,F,F,F,F,F,F,F,F,F,F,F,F,F,F,F,F,F,F,F,F,F,F,F,F,W;W,F,F,F,F,F,mc5r4,F,F,F,F,F,F,F,F,F,F,F,F,F,P,F,F,F,F,F,F,F,F,F,F,F,mc5r4,F,F,F,F,F,F,W;W,F,F,F,F,F,F,F,F,F,F,F,F,F,F,F,F,F,F,F,F,F,F,F,F,F,F,F,F,F,F,F,F,F,F,F,F,F,F,W;W,F,F,F,F,F,F,F,F,F,F,F,F,F,F,F,F,F,F,F,F,F,F,F,F,F,F,F,F,F,F,F,F,F,F,F,F,F,F,W;W,F,F,F,F,F,F,F,F,F,F,F,F,F,F,F,F,F,F,F,F,F,F,F,F,F,F,F,F,F,F,F,F,F,F,F,F,F,F,W;W,F,F,F,F,F,F,F,F,F,F,F,F,F,F,F,F,F,F,F,F,F,F,F,F,F,F,F,F,F,F,F,F,F,F,F,F,F,F,W;W,F,F,F,F,F,F,F,F,F,F,F,F,F,F,F,F,F,F,F,F,F,F,F,F,F,F,F,F,F,F,F,F,F,F,F,F,F,F,W;W,F,F,F,F,F,F,F,F,F,F,F,F,F,F,F,F,F,F,F,F,F,F,F,F,F,F,F,F,F,F,F,F,F,F,F,F,F,F,W;W,F,F,F,F,F,F,F,F,F,F,F,F,F,F,F,F,F,F,F,F,F,F,F,F,F,F,F,F,F,F,F,F,F,F,F,F,F,F,W;W,F,F,F,F,F,F,F,F,F,F,F,F,F,F,F,F,F,F,F,F,F,F,F,F,F,F,F,F,F,F,F,F,F,F,F,F,F,F,W;W,F,F,F,F,F,F,F,F,F,F,F,F,F,F,F,F,F,F,F,F,F,F,F,F,F,F,F,F,F,F,F,F,F,F,F,F,F,F,W;W,F,F,F,F,F,F,F,mc5r4,F,F,F,F,F,F,F,F,F,F,F,mc5r4,F,F,F,F,F,F,F,F,F,mc5r4,F,F,F,F,F,F,F,F,W;W,F,F,F,F,F,F,F,F,F,F,F,F,F,F,F,F,F,F,F,F,F,F,F,F,F,F,F,F,F,F,F,F,F,F,F,F,F,F,W;W,F,F,F,F,F,F,F,F,F,F,F,F,F,F,F,F,F,F,F,F,F,F,F,F,F,F,F,F,F,F,F,F,F,F,F,F,F,F,W;W,F,W,F,F,F,F,F,F,F,F,F,F,F,F,F,F,F,F,F,F,F,F,F,F,F,F,F,F,F,F,F,F,W,F,F,F,F,F,W;W,F,W,F,F,F,F,F,F,F,F,F,F,F,F,F,F,F,F,F,F,F,F,F,F,F,F,F,F,F,F,F,F,W,F,F,F,F,F,W;W,F,W,W,W,W,F,F,F,F,F,F,F,F,F,F,F,F,F,F,F,F,F,F,F,F,F,F,F,F,F,F,F,W,F,W,W,W,W,W;W,F,W,F,F,F,F,F,F,F,F,F,F,F,F,F,F,F,F,F,F,F,F,F,F,F,F,F,F,F,F,F,F,W,F,F,F,F,F,W;W,F,F,F,F,F,F,F,F,F,F,F,F,F,F,F,F,F,F,F,F,F,F,F,F,F,F,F,F,F,F,F,F,F,F,F,F,F,F,W;W,F,F,F,F,F,F,F,F,F,F,F,F,F,F,F,F,F,F,F,F,F,F,F,F,F,F,F,F,F,F,F,F,F,F,F,F,F,F,W;W,W,W,W,W,W,W,W,W,W,W,W,W,W,W,W,W,W,F,F,F,F,F,W,W,W,W,W,W,W,W,W,W,W,W,W,W,W,W,W",Standard,Fade,0,1.5,4,1,Abyss
21,5,Normal,공허의 다리,0,0,190,40,40,20|22|25,0,,0,0,1.2,false,0,0,0,,,Abyss,,"W,W,W,W,W,W,W,W,W,W,W,W,W,W,W,W,W,W,F,F,F,F,F,W,W,W,W,W,W,W,W,W,W,W,W,W,W,W,W,W;W,F,F,F,F,F,F,F,F,F,F,F,F,F,F,F,F,F,F,F,F,F,F,F,F,F,F,F,F,F,F,F,F,F,F,F,F,F,F,W;W,F,F,F,F,F,F,F,F,F,F,F,F,F,F,F,F,F,F,F,F,F,F,F,F,F,F,F,F,F,F,F,F,F,F,F,F,F,F,W;W,F,F,F,F,F,F,F,F,F,F,F,F,F,F,F,F,F,F,F,F,F,F,F,F,F,F,F,F,F,F,F,F,F,F,F,F,F,F,W;W,F,F,F,F,F,F,F,F,F,F,F,F,F,F,F,F,F,F,F,F,F,F,F,F,F,F,F,F,F,F,F,F,F,F,F,F,F,F,W;W,F,F,F,F,F,F,F,F,F,F,F,F,F,F,F,F,F,F,F,F,F,F,F,F,F,F,F,F,F,F,F,F,F,F,F,F,F,F,W;W,F,F,F,F,F,mc5r4,F,F,F,F,F,F,F,F,F,F,F,F,F,mc5r4,F,F,F,F,F,F,F,F,F,F,F,mc5r4,F,F,F,F,F,F,W;W,F,F,F,F,F,F,F,F,F,F,F,F,F,F,F,F,F,F,F,F,F,F,F,F,F,F,F,F,F,F,F,F,F,F,F,F,F,F,W;W,F,F,F,F,F,F,F,F,F,F,F,F,F,F,F,F,F,F,F,F,F,F,F,F,F,F,F,F,F,F,F,F,F,F,F,F,F,F,W;W,F,F,F,F,F,F,F,F,F,F,F,F,F,F,F,F,F,F,F,F,F,F,F,F,F,F,F,F,F,F,F,F,F,F,F,F,F,F,W;W,F,F,F,F,F,F,F,F,F,W,W,W,W,W,W,W,W,W,W,W,W,W,W,W,W,W,W,F,F,F,F,F,F,F,F,F,F,F,W;W,F,F,F,F,F,F,F,F,F,W,W,W,W,W,W,W,W,W,W,W,W,W,W,W,W,W,W,F,F,F,F,F,F,F,F,F,F,F,W;W,F,F,F,F,F,F,F,F,F,W,W,F,F,F,F,F,F,F,F,F,F,F,F,F,F,W,W,F,F,F,F,F,F,F,F,F,F,F,W;W,F,F,F,F,F,F,F,F,F,W,W,F,F,F,F,F,F,F,F,F,F,F,F,F,F,W,W,F,F,F,F,F,F,F,F,F,F,F,W;W,F,F,F,F,F,F,F,F,F,W,W,F,F,F,F,F,F,F,F,F,F,F,F,F,F,W,W,F,F,F,F,F,F,F,F,F,F,F,W;W,F,F,F,F,F,F,F,F,F,W,W,F,F,F,F,F,F,F,F,F,F,F,F,F,F,W,W,F,F,F,F,F,F,F,F,F,F,F,W;W,F,F,F,F,F,F,F,F,F,W,W,F,F,F,F,F,F,F,F,F,F,F,F,F,F,W,W,F,F,F,F,F,F,F,F,F,F,F,W;W,F,F,F,F,F,F,F,F,F,W,W,F,F,F,F,F,F,F,F,F,F,F,F,F,F,W,W,F,F,F,F,F,F,F,F,F,F,F,W;W,F,F,F,F,F,F,F,F,F,W,W,F,F,F,F,F,F,F,F,F,F,F,F,F,F,W,W,F,F,F,F,F,F,F,F,F,F,F,W;W,F,F,F,F,F,F,F,F,F,W,W,F,F,F,F,F,F,F,F,F,F,F,F,F,F,W,W,F,F,F,F,F,F,F,F,F,F,F,W;W,F,F,F,F,F,mc5r4,F,F,F,W,W,F,F,F,F,F,F,F,F,P,F,F,F,F,F,W,W,F,F,F,F,mc5r4,F,F,F,F,F,F,W;W,F,F,F,F,F,F,F,F,F,W,W,F,F,F,F,F,F,F,F,F,F,F,F,F,F,W,W,F,F,F,F,F,F,F,F,F,F,F,W;W,F,F,F,F,F,F,F,F,F,W,W,F,F,F,F,F,F,F,F,F,F,F,F,F,F,W,W,F,F,F,F,F,F,F,F,F,F,F,W;W,F,F,F,F,F,F,F,F,F,W,W,F,F,F,F,F,F,F,F,F,F,F,F,F,F,W,W,F,F,F,F,F,F,F,F,F,F,F,W;W,F,F,F,F,F,F,F,F,F,W,W,F,F,F,F,F,F,F,F,F,F,F,F,F,F,W,W,F,F,F,F,F,F,F,F,F,F,F,W;W,F,F,F,F,F,F,F,F,F,W,W,F,F,F,F,F,F,F,F,F,F,F,F,F,F,W,W,F,F,F,F,F,F,F,F,F,F,F,W;W,F,F,F,F,F,F,F,F,F,W,W,W,W,W,W,W,W,W,W,W,W,W,W,W,W,W,W,F,F,F,F,F,F,F,F,F,F,F,W;W,F,F,F,F,F,F,F,F,F,W,W,W,W,W,W,W,W,W,W,W,W,W,W,W,W,W,W,F,F,F,F,F,F,F,F,F,F,F,W;W,F,F,F,F,F,F,F,F,F,F,F,F,F,F,F,F,F,F,F,F,F,F,F,F,F,F,F,F,F,F,F,F,F,F,F,F,F,F,W;W,F,F,F,F,F,F,F,F,F,F,F,F,F,F,F,F,F,F,F,F,F,F,F,F,F,F,F,F,F,F,F,F,F,F,F,F,F,F,W;W,F,F,F,F,F,F,F,F,F,F,F,F,F,F,F,F,F,F,F,F,F,F,F,F,F,F,F,F,F,F,F,F,F,F,F,F,F,F,W;W,F,F,F,F,F,F,F,F,F,F,F,F,F,F,F,F,F,F,F,F,F,F,F,F,F,F,F,F,F,F,F,F,F,F,F,F,F,F,W;W,F,F,F,F,F,mc5r4,F,F,F,F,F,F,F,F,F,F,F,F,F,mc5r4,F,F,F,F,F,F,F,F,F,F,F,mc5r4,F,F,F,F,F,F,W;W,F,F,F,F,F,F,F,F,F,F,F,F,F,F,F,F,F,F,F,F,F,F,F,F,F,F,F,F,F,F,F,F,F,F,F,F,F,F,W;W,F,F,F,F,F,F,F,F,F,F,F,F,F,F,F,F,F,F,F,F,F,F,F,F,F,F,F,F,F,F,F,F,F,F,F,F,F,F,W;W,F,F,F,F,F,F,F,F,F,F,F,F,F,F,F,F,F,F,F,F,F,F,F,F,F,F,F,F,F,F,F,F,F,F,F,F,F,F,W;W,F,F,F,F,F,F,F,F,F,F,F,F,F,F,F,F,F,F,F,F,F,F,F,F,F,F,F,F,F,F,F,F,F,F,F,F,F,F,W;W,F,F,F,F,F,F,F,F,F,F,F,F,F,F,F,F,F,F,F,F,F,F,F,F,F,F,F,F,F,F,F,F,F,F,F,F,F,F,W;W,F,F,F,F,F,F,F,F,F,F,F,F,F,F,F,F,F,F,F,F,F,F,F,F,F,F,F,F,F,F,F,F,F,F,F,F,F,F,W;W,W,W,W,W,W,W,W,W,W,W,W,W,W,W,W,W,W,F,F,F,F,F,W,W,W,W,W,W,W,W,W,W,W,W,W,W,W,W,W",Standard,Fade,0,1.5,4,1,Abyss
22,5,Normal,나락의 경계,42,0,190,40,40,21|23|26,0,,0,0,1.2,false,0,0,0,,,Abyss,,"W,W,W,W,W,W,W,W,W,W,W,W,W,W,W,W,W,W,F,F,F,F,F,W,W,W,W,W,W,W,W,W,W,W,W,W,W,W,W,W;W,F,F,F,F,F,F,F,F,F,F,F,F,F,F,F,F,F,F,F,F,F,F,F,F,F,F,F,F,F,F,F,F,F,F,F,F,F,F,W;W,F,F,F,F,F,F,F,F,F,F,F,F,F,F,F,F,F,F,F,F,F,F,F,F,F,F,F,F,F,F,F,F,F,F,F,F,F,F,W;W,F,F,F,F,F,F,F,F,F,F,F,F,F,F,F,F,F,F,F,F,F,F,F,F,F,F,F,F,F,F,F,F,F,F,F,F,F,F,W;W,F,F,F,F,F,F,F,F,F,F,F,F,F,F,F,F,F,F,F,F,F,F,F,F,F,F,F,F,F,F,F,F,F,F,F,F,F,F,W;W,F,F,F,F,F,F,F,F,F,F,F,F,F,F,F,F,F,F,F,F,F,F,F,F,F,F,F,F,F,F,F,F,F,F,F,F,F,F,W;W,F,F,F,F,F,W,W,W,F,F,F,F,F,F,F,F,F,F,F,F,F,F,F,F,F,F,F,F,F,W,W,W,F,F,F,F,F,F,W;W,F,F,F,F,F,W,W,W,F,F,F,F,F,F,F,F,F,F,F,F,F,F,F,F,F,F,F,F,F,W,W,W,F,F,F,F,F,F,W;W,F,F,F,F,F,W,W,W,F,F,F,F,F,F,F,F,F,mc5r4,F,F,F,F,F,F,F,F,F,F,F,W,W,W,F,F,F,F,F,F,W;W,F,F,F,F,F,F,F,F,F,F,F,F,F,F,F,F,F,F,F,F,F,F,F,F,F,F,F,F,F,F,F,F,F,F,F,F,F,F,W;W,F,F,F,F,F,F,F,F,F,F,F,F,F,F,F,F,F,F,F,F,F,F,F,F,F,F,F,F,F,F,F,F,F,F,F,F,F,F,W;W,F,F,F,F,F,F,F,F,F,F,F,F,F,F,F,F,F,F,F,F,F,F,F,F,F,F,F,F,F,F,F,F,F,F,F,F,F,F,W;W,F,F,F,F,F,F,F,F,F,F,F,mc5r4,F,F,F,F,F,F,F,F,F,F,F,F,F,mc5r4,F,F,F,F,F,F,F,F,F,F,F,F,W;W,F,F,F,F,F,F,F,F,F,F,F,F,F,F,F,F,F,F,F,F,F,F,F,F,F,F,F,F,F,F,F,F,F,F,F,F,F,F,W;W,F,F,F,F,F,F,F,F,F,F,F,F,F,F,F,F,F,F,F,F,F,F,F,F,F,F,F,F,F,F,F,F,F,F,F,F,F,F,W;W,F,F,F,F,F,F,F,F,F,F,F,F,F,F,F,F,F,F,F,F,F,F,F,F,F,F,F,F,F,F,F,F,F,F,F,F,F,F,W;W,F,F,F,F,F,F,F,F,F,F,F,F,F,F,F,F,F,F,F,F,F,F,F,F,F,F,F,F,F,F,F,F,F,F,F,F,F,F,W;W,F,F,F,F,F,F,F,F,F,F,F,F,W,W,W,F,F,F,F,F,F,W,W,W,F,F,F,F,F,F,F,F,F,F,F,F,F,F,W;W,F,F,F,F,F,mc5r4,F,F,F,F,F,F,W,W,W,F,F,F,F,F,F,W,W,W,F,F,F,F,F,mc5r4,F,F,F,F,F,F,F,F,W;W,F,F,F,F,F,F,F,F,F,F,F,F,W,W,W,F,F,F,F,F,F,W,W,W,F,F,F,F,F,F,F,F,F,F,F,F,F,F,W;W,F,F,F,F,F,F,F,F,F,F,F,F,F,F,F,F,F,F,F,P,F,F,F,F,F,F,F,F,F,F,F,F,F,F,F,F,F,F,W;W,F,F,F,F,F,F,F,F,F,F,F,F,F,F,F,F,F,F,F,F,F,F,F,F,F,F,F,F,F,F,F,F,F,F,F,F,F,F,W;W,F,F,F,F,F,F,F,F,F,F,F,F,F,F,F,F,F,F,F,F,F,F,F,F,F,F,F,F,F,F,F,F,F,F,F,F,F,F,W;W,F,F,F,F,F,F,F,F,F,F,F,F,F,F,F,F,F,F,F,F,F,F,F,F,F,F,F,F,F,F,F,F,F,F,F,F,F,F,W;W,F,F,F,F,F,F,F,F,F,F,F,F,F,F,F,F,F,F,F,F,F,F,F,F,F,F,F,F,F,F,F,F,F,F,F,F,F,F,W;W,F,F,F,F,F,F,F,F,F,F,F,F,F,F,F,F,F,F,F,F,F,F,F,F,F,F,F,F,F,F,F,F,F,F,F,F,F,F,W;W,F,F,F,F,F,F,F,F,F,F,F,mc5r4,F,F,F,F,F,F,F,F,F,F,F,F,F,mc5r4,F,F,F,F,F,F,F,F,F,F,F,F,W;W,F,F,F,F,F,F,F,F,F,F,F,F,F,F,F,F,F,F,F,F,F,F,F,F,F,F,F,F,F,F,F,F,F,F,F,F,F,F,W;W,F,F,F,F,F,F,F,F,F,F,F,F,F,F,F,F,F,mc5r4,F,F,F,F,F,F,F,F,F,F,F,F,F,F,F,F,F,F,F,F,W;W,F,F,F,F,F,W,W,W,F,F,F,F,F,F,F,F,F,F,F,F,F,F,F,F,F,F,F,W,W,W,F,F,F,F,F,F,F,F,W;W,F,F,F,F,F,W,W,W,F,F,F,F,F,F,F,F,F,F,F,F,F,F,F,F,F,F,F,W,W,W,F,F,F,F,F,F,F,F,W;W,F,F,F,F,F,W,W,W,F,F,F,F,F,F,F,F,F,F,F,F,F,F,F,F,F,F,F,W,W,W,F,F,F,F,F,F,F,F,W;W,F,F,F,F,F,F,F,F,F,F,F,F,F,F,F,F,F,F,F,F,F,F,F,F,F,F,F,F,F,F,F,F,F,F,F,F,F,F,W;W,F,F,F,F,F,F,F,F,F,F,F,F,F,F,F,F,F,F,F,F,F,F,F,F,F,F,F,F,F,F,F,F,F,F,F,F,F,F,W;W,F,F,F,F,F,F,F,F,F,F,F,F,F,F,F,F,F,F,F,F,F,F,F,F,F,F,F,F,F,F,F,F,F,F,F,F,F,F,W;W,F,F,F,F,F,F,F,F,F,F,F,F,F,F,F,F,F,F,F,F,F,F,F,F,F,F,F,F,F,F,F,F,F,F,F,F,F,F,W;W,F,F,F,F,F,F,F,F,F,F,F,F,F,F,F,F,F,F,F,F,F,F,F,F,F,F,F,F,F,F,F,F,F,F,F,F,F,F,W;W,F,F,F,F,F,F,F,F,F,F,F,F,F,F,F,F,F,F,F,F,F,F,F,F,F,F,F,F,F,F,F,F,F,F,F,F,F,F,W;W,F,F,F,F,F,F,F,F,F,F,F,F,F,F,F,F,F,F,F,F,F,F,F,F,F,F,F,F,F,F,F,F,F,F,F,F,F,F,W;W,W,W,W,W,W,W,W,W,W,W,W,W,W,W,W,W,W,F,F,F,F,F,W,W,W,W,W,W,W,W,W,W,W,W,W,W,W,W,W",Standard,Fade,0,1.5,4,1,Abyss
23,5,Elite,정예 함정,84,0,190,40,46,22,0,,0,0,1.5,false,0,0,0,,,Abyss,,"W,W,W,W,W,W,W,W,W,W,W,W,W,W,W,W,W,W,F,F,F,F,F,W,W,W,W,W,W,W,W,W,W,W,W,W,W,W,W,W;W,F,F,F,F,F,F,F,F,F,F,F,F,F,F,F,F,F,F,F,F,F,F,F,F,F,F,F,F,F,F,F,F,F,F,F,F,F,F,W;W,F,W,W,F,F,F,F,F,F,F,F,F,F,F,F,F,F,F,F,F,F,F,F,F,F,F,F,F,F,F,F,F,F,F,W,W,F,F,W;W,F,W,W,F,F,F,F,F,F,F,F,F,F,F,F,F,F,F,F,F,F,F,F,F,F,F,F,F,F,F,F,F,F,F,W,W,F,F,W;W,F,F,F,F,F,F,F,F,F,F,F,F,F,F,F,F,F,F,F,F,F,F,F,F,F,F,F,F,F,F,F,F,F,F,F,F,F,F,W;W,F,F,F,F,F,F,F,F,F,F,F,F,F,F,F,F,F,F,F,F,F,F,F,F,F,F,F,F,F,F,F,F,F,F,F,F,F,F,W;W,F,F,F,F,F,F,F,F,F,F,F,F,F,F,F,F,F,F,F,F,F,F,F,F,F,F,F,F,F,F,F,F,F,F,F,F,F,F,W;W,F,F,F,F,F,F,F,F,F,Me4r3,F,F,F,F,F,F,F,F,F,F,F,F,F,F,F,F,F,Me4r3,F,F,F,F,F,F,F,F,F,F,W;W,F,F,F,F,F,F,F,W,W,W,W,F,F,F,F,F,F,F,F,F,F,F,F,F,F,W,W,W,W,F,F,F,F,F,F,F,F,F,W;W,F,F,F,F,F,F,F,W,W,W,W,F,F,F,F,F,F,F,F,F,F,F,F,F,F,W,W,W,W,F,F,F,F,F,F,F,F,F,W;W,F,F,F,F,F,F,F,W,W,W,W,F,F,F,F,F,F,F,F,F,F,F,F,F,F,W,W,W,W,F,F,F,F,F,F,F,F,F,W;W,F,F,F,F,F,F,F,W,W,W,W,F,F,F,F,F,F,F,F,F,F,F,F,F,F,W,W,W,W,F,F,F,F,F,F,F,F,F,W;W,F,F,F,F,F,F,F,F,F,F,F,F,F,F,F,F,F,F,F,F,F,F,F,F,F,F,F,F,F,F,F,F,F,F,F,F,F,F,W;W,F,F,F,F,F,F,F,F,F,F,F,F,F,F,F,F,F,F,F,F,F,F,F,F,F,F,F,F,F,F,F,F,F,F,F,F,F,F,W;W,F,F,F,F,F,F,F,F,F,F,F,F,F,F,F,F,F,F,F,F,F,F,F,F,F,F,F,F,F,F,F,F,F,F,F,F,F,F,W;W,F,F,F,F,F,F,F,F,F,F,F,F,F,F,F,F,F,F,F,F,F,F,F,F,F,F,F,F,F,F,F,F,F,F,F,F,F,F,W;W,F,F,F,F,F,F,F,F,F,F,F,F,F,F,F,F,F,F,F,F,F,F,F,F,F,F,F,F,F,F,F,F,F,F,F,F,F,F,W;W,F,F,F,F,F,F,F,F,F,F,F,F,F,F,F,F,F,F,F,F,F,F,F,F,F,F,F,F,F,F,F,F,F,F,F,F,F,F,W;W,F,F,F,F,F,F,F,F,F,F,F,F,F,F,F,F,F,F,F,mc3r3,F,F,F,F,F,F,F,F,F,F,F,F,F,F,F,F,F,F,W;W,F,F,F,F,F,F,F,F,F,F,F,F,F,F,F,F,F,F,F,F,F,F,F,F,F,F,F,F,F,F,F,F,F,F,F,F,F,F,W;W,F,F,F,F,F,F,F,F,F,F,F,F,F,F,F,F,F,F,F,F,F,F,F,F,F,F,F,F,F,F,F,F,F,F,F,F,F,F,W;W,F,F,F,F,F,F,F,F,F,F,F,F,F,F,F,F,F,F,F,F,F,F,F,F,F,F,F,F,F,F,F,F,F,F,F,F,F,F,W;W,F,F,F,F,F,F,F,F,F,F,F,F,F,F,F,F,F,F,F,F,F,F,F,F,F,F,F,F,F,F,F,F,F,F,F,F,F,F,W;W,F,F,F,F,F,F,F,mc3r3,F,F,F,F,F,F,F,F,F,F,F,F,F,F,F,F,F,F,F,F,F,mc3r3,F,F,F,F,F,F,F,F,W;W,F,F,F,F,F,F,F,F,F,F,F,F,F,F,F,F,F,F,F,F,F,F,F,F,F,F,F,F,F,F,F,F,F,F,F,F,F,F,W;W,F,F,F,F,F,F,F,F,F,F,F,F,F,F,F,F,F,F,F,F,F,F,F,F,F,F,F,F,F,F,F,F,F,F,F,F,F,F,W;W,F,F,F,F,F,F,F,F,F,F,F,F,F,F,F,F,F,F,F,F,F,F,F,F,F,F,F,F,F,F,F,F,F,F,F,F,F,F,W;W,F,F,F,F,F,F,F,F,F,F,F,F,F,F,F,F,F,F,F,F,F,F,F,F,F,F,F,F,F,F,F,F,F,F,F,F,F,F,W;W,F,F,F,F,F,F,F,F,F,F,F,F,F,F,F,F,F,F,F,mc3r3,F,F,F,F,F,F,F,F,F,F,F,F,F,F,F,F,F,F,W;W,F,F,F,F,F,F,F,F,F,F,F,F,F,F,F,F,F,F,F,F,F,F,F,F,F,F,F,F,F,F,F,F,F,F,F,F,F,F,W;W,F,F,F,F,F,F,F,F,F,F,F,F,F,F,F,F,F,F,F,F,F,F,F,F,F,F,F,F,F,F,F,F,F,F,F,F,F,F,W;W,F,F,F,F,F,F,F,F,F,F,F,F,F,F,F,F,F,F,F,F,F,F,F,F,F,F,F,F,F,F,F,F,F,F,F,F,F,F,W;W,F,F,F,F,F,F,F,F,F,F,F,F,F,F,F,F,F,F,F,F,F,F,F,F,F,F,F,F,F,F,F,F,F,F,F,F,F,F,W;W,F,F,F,F,F,F,F,F,F,F,F,F,F,F,F,F,F,F,F,P,F,F,F,F,F,F,F,F,F,F,F,F,F,F,F,F,F,F,W;W,F,F,F,F,F,F,F,F,F,F,F,F,F,F,F,F,F,F,F,F,F,F,F,F,F,F,F,F,F,F,F,F,F,F,F,F,F,F,W;W,F,F,F,F,F,F,F,F,F,F,F,F,F,F,F,F,F,F,F,F,F,F,F,F,F,F,F,F,F,F,F,F,F,F,F,F,F,F,W;W,F,F,F,F,F,F,F,F,F,F,F,F,F,F,F,F,F,F,F,F,F,F,F,F,F,F,F,F,F,F,F,F,F,F,F,F,F,F,W;W,F,F,F,F,F,F,F,F,F,F,F,F,F,F,F,F,F,F,F,F,F,F,F,F,F,F,F,F,F,F,F,F,F,F,F,F,F,F,W;W,F,F,F,F,F,F,F,F,F,F,F,F,F,F,F,F,F,F,F,F,F,F,F,F,F,F,F,F,F,F,F,F,F,F,F,F,F,F,W;W,F,F,F,F,F,F,F,F,F,F,F,F,F,F,F,F,F,F,F,F,F,F,F,F,F,F,F,F,F,F,F,F,F,F,F,F,F,F,W;W,F,F,F,F,F,F,F,F,F,F,F,F,F,F,F,F,F,F,F,F,F,F,F,F,F,F,F,F,F,F,F,F,F,F,F,F,F,F,W;W,F,F,F,F,F,F,F,F,F,F,F,F,F,F,F,F,F,F,F,F,F,F,F,F,F,F,F,F,F,F,F,F,F,F,F,F,F,F,W;W,F,W,W,F,F,F,F,F,F,F,F,F,F,F,F,F,F,F,F,F,F,F,F,F,F,F,F,F,F,F,F,F,F,F,W,W,F,F,W;W,F,W,W,F,F,F,F,F,F,F,F,F,F,F,F,F,F,F,F,F,F,F,F,F,F,F,F,F,F,F,F,F,F,F,W,W,F,F,W;W,F,F,F,F,F,F,F,F,F,F,F,F,F,F,F,F,F,F,F,F,F,F,F,F,F,F,F,F,F,F,F,F,F,F,F,F,F,F,W;W,W,W,W,W,W,W,W,W,W,W,W,W,W,W,W,W,W,F,F,F,F,F,W,W,W,W,W,W,W,W,W,W,W,W,W,W,W,W,W",Standard,Fade,0,1.5,5,1,Abyss
24,6,Normal,안개 성벽,-42,0,235,40,40,25|27,0,,0,0,1.3,false,0,0,0,,,Abyss,,"W,W,W,W,W,W,W,W,W,W,W,W,W,W,W,W,W,W,F,F,F,F,F,W,W,W,W,W,W,W,W,W,W,W,W,W,W,W,W,W;W,F,F,F,F,F,F,F,F,F,F,F,F,F,F,F,F,F,F,F,F,F,F,F,F,F,F,F,F,F,F,F,F,F,F,F,F,F,F,W;W,F,F,F,F,F,F,F,F,F,F,F,F,F,F,F,F,F,F,F,F,F,F,F,F,F,F,F,F,F,F,F,F,F,F,F,F,F,F,W;W,F,F,F,F,F,F,F,F,F,F,F,F,F,F,F,F,F,F,F,F,F,F,F,F,F,F,F,F,F,F,F,F,F,F,F,F,F,F,W;W,F,F,F,F,F,F,F,F,F,F,F,F,F,F,F,F,F,F,F,F,F,F,F,F,F,F,F,F,F,F,F,F,F,F,F,F,F,F,W;W,F,F,F,F,F,F,F,F,F,F,F,F,F,F,F,F,F,F,F,F,F,F,F,F,F,F,F,F,F,F,F,F,F,F,F,F,F,F,W;W,F,F,F,F,F,F,F,F,F,F,F,F,F,F,F,F,F,F,F,F,F,F,F,F,F,F,F,F,F,F,F,F,F,F,F,F,F,F,W;W,F,F,F,F,F,F,F,F,F,F,F,F,F,F,F,F,F,F,F,F,F,F,F,F,F,F,F,F,F,F,F,F,F,F,F,F,F,F,W;W,F,F,F,F,F,F,F,mc5r4,F,F,F,F,F,F,F,F,F,F,F,mc5r4,F,F,F,F,F,F,F,F,F,F,F,mc5r4,F,F,F,F,F,F,W;W,F,F,F,F,F,F,F,F,F,F,F,F,F,F,F,F,F,F,F,F,F,F,F,F,F,F,F,F,F,F,F,F,F,F,F,F,F,F,W;W,F,F,F,F,F,F,F,F,F,F,F,F,F,F,F,F,F,F,F,F,F,F,F,F,F,F,F,F,F,F,F,F,F,F,F,F,F,F,W;W,F,F,F,F,F,F,F,F,F,F,F,F,F,F,F,F,F,F,F,F,F,F,F,F,F,F,F,F,F,F,F,F,F,F,F,F,F,F,W;W,F,F,F,F,F,F,F,F,F,F,F,F,F,F,F,F,F,F,F,F,F,F,F,F,F,F,F,F,F,F,F,F,F,F,F,F,F,F,W;W,F,F,F,F,F,F,F,F,F,F,F,F,F,F,F,F,F,F,F,F,F,F,F,F,F,F,F,F,F,F,F,F,F,F,F,F,F,F,W;W,F,W,W,W,W,W,W,W,W,W,W,W,W,W,W,F,F,F,F,W,W,W,W,W,W,W,W,W,W,W,W,W,W,W,W,F,F,F,W;W,F,W,W,W,W,W,W,W,W,W,W,W,W,W,W,F,F,F,F,W,W,W,W,W,W,W,W,W,W,W,W,W,W,W,W,F,F,F,W;W,F,F,F,F,F,F,F,F,F,F,F,F,F,F,F,F,F,F,F,F,F,F,F,F,F,F,F,F,F,F,F,F,F,F,F,F,F,F,W;W,F,F,F,F,F,F,F,F,F,F,F,F,F,F,F,F,F,F,F,F,F,F,F,F,F,F,F,F,F,F,F,F,F,F,F,F,F,F,W;W,F,F,F,F,F,F,F,F,F,F,F,F,F,F,F,F,F,F,F,F,F,F,F,F,F,F,F,F,F,F,F,F,F,F,F,F,F,F,W;W,F,F,F,F,F,F,F,F,F,F,F,F,F,F,F,F,F,F,F,F,F,F,F,F,F,F,F,F,F,F,F,F,F,F,F,F,F,F,W;W,F,F,F,F,F,F,F,mc5r4,F,F,F,F,F,F,F,F,F,F,F,P,F,F,F,F,F,F,F,F,F,F,F,mc5r4,F,F,F,F,F,F,W;W,F,F,F,F,F,F,F,F,F,F,F,F,F,F,F,F,F,F,F,F,F,F,F,F,F,F,F,F,F,F,F,F,F,F,F,F,F,F,W;W,F,F,F,F,F,F,F,F,F,F,F,F,F,F,F,F,F,F,F,F,F,F,F,F,F,F,F,F,F,F,F,F,F,F,F,F,F,F,W;W,F,F,F,F,F,F,F,F,F,F,F,F,F,F,F,F,F,F,F,F,F,F,F,F,F,F,F,F,F,F,F,F,F,F,F,F,F,F,W;W,F,F,F,F,F,F,F,F,F,F,F,F,F,F,F,F,F,F,F,F,F,F,F,F,F,F,F,F,F,F,F,F,F,F,F,F,F,F,W;W,F,F,F,F,F,F,F,F,F,F,F,F,F,F,F,F,F,F,F,F,F,F,F,F,F,F,F,F,F,F,F,F,F,F,F,F,F,F,W;W,F,F,F,F,F,F,F,F,F,F,F,F,F,F,F,F,F,F,F,F,F,F,F,F,F,F,F,F,F,F,F,F,F,F,F,F,F,F,W;W,F,F,F,F,F,F,F,F,F,F,F,F,F,F,F,F,F,F,F,F,F,F,F,F,F,F,F,F,F,F,F,F,F,F,F,F,F,F,W;W,F,F,F,F,F,F,F,F,F,F,F,F,F,F,F,F,F,F,F,F,F,F,F,F,F,F,F,F,F,F,F,F,F,F,F,F,F,F,W;W,F,F,F,F,F,F,F,F,F,F,F,F,F,F,F,F,F,F,F,F,F,F,F,F,F,F,F,F,F,F,F,F,F,F,F,F,F,F,W;W,F,F,F,F,F,F,F,mc5r4,F,F,F,F,F,F,F,F,F,F,F,mc5r4,F,F,F,F,F,F,F,F,F,F,F,mc5r4,F,F,F,F,F,F,W;W,F,F,F,F,F,F,F,F,F,F,F,F,F,F,F,F,F,F,F,F,F,F,F,F,F,F,F,F,F,F,F,F,F,F,F,F,F,F,W;W,F,F,F,F,F,F,F,F,F,F,F,F,F,F,F,F,F,F,F,F,F,F,F,F,F,F,F,F,F,F,F,F,F,F,F,F,F,F,W;W,F,F,F,F,F,F,F,F,F,F,F,F,F,F,F,F,F,F,F,F,F,F,F,F,F,F,F,F,F,F,F,F,F,F,F,F,F,F,W;W,F,F,F,F,F,F,F,F,F,F,F,F,F,F,F,F,F,F,F,F,F,F,F,F,F,F,F,F,F,F,F,F,F,F,F,F,F,F,W;W,F,F,F,F,F,F,F,F,F,F,F,F,F,F,F,F,F,F,F,F,F,F,F,F,F,F,F,F,F,F,F,F,F,F,F,F,F,F,W;W,F,F,F,F,F,F,F,F,F,F,F,F,F,F,F,F,F,F,F,F,F,F,F,F,F,F,F,F,F,F,F,F,F,F,F,F,F,F,W;W,F,F,F,F,F,F,F,F,F,F,F,F,F,F,F,F,F,F,F,F,F,F,F,F,F,F,F,F,F,F,F,F,F,F,F,F,F,F,W;W,F,F,F,F,F,F,F,F,F,F,F,F,F,F,F,F,F,F,F,F,F,F,F,F,F,F,F,F,F,F,F,F,F,F,F,F,F,F,W;W,W,W,W,W,W,W,W,W,W,W,W,W,W,W,W,W,W,F,F,F,F,F,W,W,W,W,W,W,W,W,W,W,W,W,W,W,W,W,W",Standard,Fade,0,1.5,4,1,Abyss
25,6,Normal,황혼의 광장,0,0,235,40,40,24|26|28,0,,0,0,1.3,false,0,0,0,,,Abyss,,"W,W,W,W,W,W,W,W,W,W,W,W,W,W,W,W,W,W,F,F,F,F,F,W,W,W,W,W,W,W,W,W,W,W,W,W,W,W,W,W;W,F,F,F,F,F,F,F,F,F,F,F,F,F,F,F,F,F,F,F,F,F,F,F,F,F,F,F,F,F,F,F,F,F,F,F,F,F,F,W;W,F,W,W,W,F,F,F,F,F,F,F,F,F,F,F,F,F,F,F,F,F,F,F,F,F,F,F,F,F,F,F,F,F,W,W,W,F,F,W;W,F,W,W,W,F,F,F,F,F,F,F,F,F,F,F,F,F,F,F,F,F,F,F,F,F,F,F,F,F,F,F,F,F,W,W,W,F,F,W;W,F,W,W,W,F,F,F,F,F,F,F,F,F,F,F,F,F,F,F,F,F,F,F,F,F,F,F,F,F,F,F,F,F,W,W,W,F,F,W;W,F,F,F,F,F,F,F,F,F,F,F,F,F,F,F,F,F,F,F,F,F,F,F,F,F,F,F,F,F,F,F,F,F,F,F,F,F,F,W;W,F,F,F,F,F,F,F,F,F,F,F,F,F,F,F,F,F,F,F,F,F,F,F,F,F,F,F,F,F,F,F,F,F,F,F,F,F,F,W;W,F,F,F,F,F,F,F,F,F,F,F,F,F,F,F,F,F,F,F,F,F,F,F,F,F,F,F,F,F,F,F,F,F,F,F,F,F,F,W;W,F,F,F,F,F,F,F,mc5r4,F,F,F,F,F,F,F,F,F,F,F,mc5r4,F,F,F,F,F,F,F,F,F,mc5r4,F,F,F,F,F,F,F,F,W;W,F,F,F,F,F,F,F,F,F,F,F,F,F,F,F,F,F,F,F,F,F,F,F,F,F,F,F,F,F,F,F,F,F,F,F,F,F,F,W;W,F,F,F,F,F,F,F,F,F,F,F,F,F,F,F,F,F,F,F,F,F,F,F,F,F,F,F,F,F,F,F,F,F,F,F,F,F,F,W;W,F,F,F,F,F,F,F,F,F,F,F,F,F,F,F,F,F,F,F,F,F,F,F,F,F,F,F,F,F,F,F,F,F,F,F,F,F,F,W;W,F,F,F,F,F,F,F,F,F,F,F,F,F,F,F,F,F,F,F,F,F,F,F,F,F,F,F,F,F,F,F,F,F,F,F,F,F,F,W;W,F,F,F,F,F,F,F,F,F,F,F,F,F,F,F,F,F,F,F,F,F,F,F,F,F,F,F,F,F,F,F,F,F,F,F,F,F,F,W;W,F,F,F,F,F,F,F,F,F,F,F,F,F,F,F,F,F,F,F,F,F,F,F,F,F,F,F,F,F,F,F,F,F,F,F,F,F,F,W;W,F,F,F,F,F,F,F,F,F,F,F,F,F,F,F,F,F,F,F,F,F,F,F,F,F,F,F,F,F,F,F,F,F,F,F,F,F,F,W;W,F,F,F,F,F,F,F,F,F,F,F,F,F,F,F,F,F,F,F,F,F,F,F,F,F,F,F,F,F,F,F,F,F,F,F,F,F,F,W;W,F,F,F,F,F,F,F,F,F,F,F,F,F,F,F,F,F,F,F,F,F,F,F,F,F,F,F,F,F,F,F,F,F,F,F,F,F,F,W;W,F,W,W,F,F,F,F,F,F,F,F,F,F,F,F,F,F,F,F,F,F,F,F,F,F,F,F,F,F,F,F,F,F,F,W,W,F,F,W;W,F,W,W,F,F,F,F,F,F,F,F,F,F,F,F,F,F,F,F,F,F,F,F,F,F,F,F,F,F,F,F,F,F,F,W,W,F,F,W;W,F,W,W,F,F,mc5r4,F,F,F,F,F,F,F,F,F,F,F,F,F,P,F,F,F,F,F,F,F,F,F,F,F,mc5r4,F,F,W,W,F,F,W;W,F,F,F,F,F,F,F,F,F,F,F,F,F,F,F,F,F,F,F,F,F,F,F,F,F,F,F,F,F,F,F,F,F,F,F,F,F,F,W;W,F,F,F,F,F,F,F,F,F,F,F,F,F,F,F,F,F,F,F,F,F,F,F,F,F,F,F,F,F,F,F,F,F,F,F,F,F,F,W;W,F,F,F,F,F,F,F,F,F,F,F,F,F,F,F,F,F,F,F,F,F,F,F,F,F,F,F,F,F,F,F,F,F,F,F,F,F,F,W;W,F,F,F,F,F,F,F,F,F,F,F,F,F,F,F,F,F,F,F,F,F,F,F,F,F,F,F,F,F,F,F,F,F,F,F,F,F,F,W;W,F,F,F,F,F,F,F,F,F,F,F,F,F,F,F,F,F,F,F,F,F,F,F,F,F,F,F,F,F,F,F,F,F,F,F,F,F,F,W;W,F,F,F,F,F,F,F,F,F,F,F,F,F,F,F,F,F,F,F,F,F,F,F,F,F,F,F,F,F,F,F,F,F,F,F,F,F,F,W;W,F,F,F,F,F,F,F,F,F,F,F,F,F,F,F,F,F,F,F,F,F,F,F,F,F,F,F,F,F,F,F,F,F,F,F,F,F,F,W;W,F,F,F,F,F,F,F,F,F,F,F,F,F,F,F,F,F,F,F,F,F,F,F,F,F,F,F,F,F,F,F,F,F,F,F,F,F,F,W;W,F,F,F,F,F,F,F,F,F,F,F,F,F,F,F,F,F,F,F,F,F,F,F,F,F,F,F,F,F,F,F,F,F,F,F,F,F,F,W;W,F,F,F,F,F,F,F,mc5r4,F,F,F,F,F,F,F,F,F,F,F,mc5r4,F,F,F,F,F,F,F,F,F,mc5r4,F,F,F,F,F,F,F,F,W;W,F,F,F,F,F,F,F,F,F,F,F,F,F,F,F,F,F,F,F,F,F,F,F,F,F,F,F,F,F,F,F,F,F,F,F,F,F,F,W;W,F,F,F,F,F,F,F,F,F,F,F,F,F,F,F,F,F,F,F,F,F,F,F,F,F,F,F,F,F,F,F,F,F,F,F,F,F,F,W;W,F,F,F,F,F,F,F,F,F,F,F,F,F,F,F,F,F,F,F,F,F,F,F,F,F,F,F,F,F,F,F,F,F,F,F,F,F,F,W;W,F,W,W,W,F,F,F,F,F,F,F,F,F,F,F,F,F,F,F,F,F,F,F,F,F,F,F,F,F,F,F,F,F,W,W,W,F,F,W;W,F,W,W,W,F,F,F,F,F,F,F,F,F,F,F,F,F,F,F,F,F,F,F,F,F,F,F,F,F,F,F,F,F,W,W,W,F,F,W;W,F,W,W,W,F,F,F,F,F,F,F,F,F,F,F,F,F,F,F,F,F,F,F,F,F,F,F,F,F,F,F,F,F,W,W,W,F,F,W;W,F,F,F,F,F,F,F,F,F,F,F,F,F,F,F,F,F,F,F,F,F,F,F,F,F,F,F,F,F,F,F,F,F,F,F,F,F,F,W;W,F,F,F,F,F,F,F,F,F,F,F,F,F,F,F,F,F,F,F,F,F,F,F,F,F,F,F,F,F,F,F,F,F,F,F,F,F,F,W;W,W,W,W,W,W,W,W,W,W,W,W,W,W,W,W,W,W,F,F,F,F,F,W,W,W,W,W,W,W,W,W,W,W,W,W,W,W,W,W",Standard,Fade,0,1.5,4,1,Abyss
26,6,Normal,불꽃 잔해,42,0,235,40,40,25|29,0,,0,0,1.3,false,0,0,0,,,Abyss,,"W,W,W,W,W,W,W,W,W,W,W,W,W,W,W,W,W,W,F,F,F,F,F,W,W,W,W,W,W,W,W,W,W,W,W,W,W,W,W,W;W,F,F,F,F,F,F,F,F,F,F,F,F,F,F,F,F,F,F,F,F,F,F,F,F,F,F,F,F,F,F,F,F,F,F,F,F,F,F,W;W,F,F,F,F,F,F,F,F,F,F,F,F,F,F,F,F,F,F,F,F,F,F,F,F,F,F,F,F,F,F,F,F,F,F,F,F,F,F,W;W,F,F,F,F,F,F,F,W,W,F,F,F,F,F,F,F,F,F,F,F,F,F,F,F,F,F,F,F,F,F,F,F,F,F,F,F,F,F,W;W,F,F,F,F,F,F,F,F,F,F,F,F,F,F,F,F,F,F,F,F,F,F,F,F,F,F,F,F,F,F,F,F,F,F,F,F,F,F,W;W,F,F,F,F,F,F,F,F,F,F,F,F,F,F,F,F,F,F,F,F,F,F,F,F,F,F,F,F,F,F,F,F,F,F,F,F,F,F,W;W,F,F,F,F,F,F,F,F,F,F,F,F,F,F,W,F,F,F,F,F,F,F,F,F,F,F,F,F,F,F,F,F,F,F,F,F,F,F,W;W,F,F,F,F,F,F,mc5r4,F,F,F,F,F,F,F,W,F,F,F,F,mc5r4,F,F,F,F,F,F,F,F,F,F,mc5r4,F,F,F,F,F,F,F,W;W,F,F,F,F,F,F,F,F,F,F,F,F,F,F,F,F,F,F,F,F,F,F,F,F,F,F,F,F,F,F,F,F,F,F,F,F,F,F,W;W,F,F,F,F,W,W,F,F,F,F,F,F,F,F,F,F,F,F,F,F,F,F,F,F,F,F,F,F,F,F,F,F,F,F,F,F,F,F,W;W,F,F,F,F,W,W,F,F,F,F,F,F,F,F,F,F,F,F,F,F,F,F,F,F,F,F,F,F,F,F,F,F,F,F,F,F,F,F,W;W,F,F,F,F,F,F,F,F,F,F,F,F,F,F,F,F,F,F,F,F,F,F,W,W,W,F,F,F,F,F,F,F,F,F,F,F,F,F,W;W,F,F,F,F,F,F,F,F,F,F,F,F,F,F,F,F,F,F,F,F,F,F,F,F,F,F,F,F,F,F,F,F,F,F,F,F,F,F,W;W,F,F,F,F,F,F,F,F,F,F,F,F,F,F,F,F,F,F,F,F,F,F,F,F,F,F,F,F,F,F,F,F,F,F,F,F,F,F,W;W,F,F,F,F,F,F,F,F,F,F,F,F,F,F,F,F,F,F,F,F,F,F,F,F,F,F,F,F,F,F,F,F,F,F,F,F,F,F,W;W,F,F,F,F,F,F,F,F,F,F,F,F,F,F,F,F,F,F,F,F,F,F,F,F,F,F,F,F,F,F,F,F,F,F,F,F,F,F,W;W,F,F,F,F,F,F,F,F,F,F,F,F,F,F,F,F,F,F,F,F,F,F,F,F,F,F,F,F,F,F,F,F,F,F,F,F,F,F,W;W,F,F,F,F,F,F,F,F,F,F,F,F,F,F,F,F,F,F,F,F,F,F,F,F,F,F,F,F,F,F,F,F,F,F,F,F,F,F,W;W,F,F,F,F,F,F,F,F,F,W,W,F,F,F,F,F,F,F,F,F,F,F,F,F,F,F,F,F,F,F,F,F,F,F,F,F,F,F,W;W,F,F,F,F,F,F,F,F,F,W,W,F,F,F,F,F,F,F,F,F,F,F,F,F,F,F,F,F,F,F,F,F,F,F,F,F,F,F,W;W,F,F,F,F,F,F,mc5r4,F,F,F,F,F,F,F,F,F,F,F,F,P,F,F,F,F,F,F,F,W,W,F,mc5r4,F,F,F,F,F,F,F,W;W,F,F,F,F,F,F,F,F,F,F,F,F,F,F,F,F,F,F,F,F,F,F,F,F,F,F,F,W,W,F,F,F,F,F,F,F,F,F,W;W,F,F,F,F,F,F,F,F,F,F,F,F,F,F,F,F,F,F,F,F,F,F,F,F,F,F,F,F,F,F,F,F,F,F,F,F,F,F,W;W,F,F,F,F,F,F,F,F,F,F,F,F,F,F,F,F,F,F,F,F,F,F,F,F,F,F,F,F,F,F,F,F,F,F,F,F,F,F,W;W,F,F,F,F,F,F,F,F,F,F,F,F,F,F,W,W,F,F,F,F,F,F,F,F,F,F,F,F,F,F,F,F,F,F,F,F,F,F,W;W,F,F,F,F,F,F,F,F,F,F,F,F,F,F,F,F,F,F,F,F,F,F,F,F,F,F,F,F,F,F,F,F,F,F,F,F,F,F,W;W,F,F,F,F,F,F,F,F,F,F,F,F,F,F,F,F,F,F,F,F,F,F,F,F,F,F,F,F,F,F,F,F,F,F,F,F,F,F,W;W,F,F,F,F,F,F,F,F,F,F,F,F,F,F,F,F,F,F,F,F,F,W,F,F,F,F,F,F,F,F,F,F,F,F,F,F,F,F,W;W,F,F,F,F,F,F,F,F,F,F,F,F,F,F,F,F,F,F,F,F,F,W,F,F,F,F,F,F,F,F,F,F,F,F,F,F,F,F,W;W,F,F,F,F,F,F,F,F,F,F,F,F,F,F,F,F,F,F,F,F,F,F,F,F,F,F,F,F,F,F,F,F,F,F,F,F,F,F,W;W,F,F,F,F,F,F,F,F,F,F,F,F,F,F,F,F,F,F,F,F,F,F,F,F,F,F,F,F,F,F,F,F,F,F,F,F,F,F,W;W,F,F,F,F,F,F,mc5r4,W,W,F,F,F,F,F,F,F,F,F,F,mc5r4,F,F,F,F,F,W,W,F,F,F,mc5r4,F,F,F,F,F,F,F,W;W,F,F,F,F,F,F,F,W,W,F,F,F,F,F,F,F,F,F,F,F,F,F,F,F,F,W,W,F,F,F,F,F,F,F,F,F,F,F,W;W,F,F,F,F,F,F,F,F,F,F,F,F,F,F,F,F,F,F,F,F,F,F,F,F,F,F,F,F,F,F,F,F,F,F,F,F,F,F,W;W,F,F,F,F,F,F,F,F,F,F,F,F,F,F,F,F,F,F,F,F,F,F,F,F,F,F,F,F,F,F,F,F,F,F,F,F,F,F,W;W,F,F,F,F,F,F,F,F,F,F,F,F,F,F,F,F,F,F,F,F,F,F,F,F,F,F,F,F,F,F,F,F,F,F,F,F,F,F,W;W,F,F,F,F,F,F,F,F,F,F,F,F,F,F,F,F,F,F,F,F,F,F,F,F,F,F,F,F,F,F,F,F,F,F,F,F,F,F,W;W,F,F,F,F,F,F,F,F,F,F,F,F,F,F,F,F,F,F,F,F,F,F,F,F,F,F,F,F,F,F,F,F,F,F,F,F,F,F,W;W,F,F,F,F,F,F,F,F,F,F,F,F,F,F,F,F,F,F,F,F,F,F,F,F,F,F,F,F,F,F,F,F,F,F,F,F,F,F,W;W,W,W,W,W,W,W,W,W,W,W,W,W,W,W,W,W,W,F,F,F,F,F,W,W,W,W,W,W,W,W,W,W,W,W,W,W,W,W,W",Standard,Fade,0,1.5,4,1,Abyss
27,7,Normal,잊혀진 통로,-42,0,277,40,40,28|30,0,,0,0,1.5,false,0,0,0,,,Abyss,,"W,W,W,W,W,W,W,W,W,W,W,W,W,W,W,W,W,W,F,F,F,F,F,W,W,W,W,W,W,W,W,W,W,W,W,W,W,W,W,W;W,F,F,F,F,F,F,F,F,F,F,F,F,F,F,F,F,F,F,F,F,F,F,F,F,F,F,F,F,F,F,F,F,F,F,F,F,F,F,W;W,F,F,F,F,F,F,F,F,F,F,W,W,F,F,F,F,F,F,F,F,F,F,F,F,F,W,W,F,F,F,F,F,F,F,F,F,F,F,W;W,F,F,F,F,F,F,F,F,F,F,W,W,F,F,F,F,F,F,F,F,F,F,F,F,F,W,W,F,F,F,F,F,F,F,F,F,F,F,W;W,F,F,F,F,F,F,F,F,F,F,W,W,F,F,F,F,F,F,F,F,F,F,F,F,F,W,W,F,F,F,F,F,F,F,F,F,F,F,W;W,F,F,F,F,F,F,F,F,F,F,W,W,F,F,F,F,F,F,F,F,F,F,F,F,F,W,W,F,F,F,F,F,F,F,F,F,F,F,W;W,F,F,F,F,F,F,F,F,F,F,W,W,F,F,F,F,F,F,F,F,F,F,F,F,F,W,W,F,F,F,F,F,F,F,F,F,F,F,W;W,F,F,F,F,mc5r4,F,F,F,F,F,W,W,F,F,F,F,F,F,F,F,F,F,F,F,F,W,W,F,F,F,F,F,F,mc5r4,F,F,F,F,W;W,F,F,F,F,F,F,F,F,F,F,W,W,F,F,F,F,F,F,F,F,F,F,F,F,F,W,W,F,F,F,F,F,F,F,F,F,F,F,W;W,F,F,F,F,F,F,F,F,F,F,W,W,F,F,F,F,F,F,F,F,F,F,F,F,F,W,W,F,F,F,F,F,F,F,F,F,F,F,W;W,F,F,F,F,F,F,F,F,F,F,W,W,F,F,F,F,F,F,F,mc5r4,F,F,F,F,F,W,W,F,F,F,F,F,F,F,F,F,F,F,W;W,F,F,F,F,F,F,F,F,F,F,W,W,F,F,F,F,F,F,F,F,F,F,F,F,F,W,W,F,F,F,F,F,F,F,F,F,F,F,W;W,F,F,F,F,F,F,F,F,F,F,W,W,F,F,F,F,F,F,F,F,F,F,F,F,F,W,W,F,F,F,F,F,F,F,F,F,F,F,W;W,F,F,F,F,F,F,F,F,F,F,W,W,F,F,F,F,F,F,F,F,F,F,F,F,F,W,W,F,F,F,F,F,F,F,F,F,F,F,W;W,F,F,F,F,F,F,F,F,F,F,W,W,F,F,F,F,F,F,F,F,F,F,F,F,F,W,W,F,F,F,F,F,F,F,F,F,F,F,W;W,F,F,F,F,F,F,F,F,F,F,W,W,F,F,F,F,F,F,F,F,F,F,F,F,F,W,W,F,F,F,F,F,F,F,F,F,F,F,W;W,F,F,F,F,F,F,F,F,F,F,W,W,F,F,F,F,F,F,F,F,F,F,F,F,F,W,W,F,F,F,F,F,F,F,F,F,F,F,W;W,F,F,F,F,F,F,F,F,F,F,W,W,F,F,F,F,F,F,F,F,F,F,F,F,F,W,W,F,F,F,F,F,F,F,F,F,F,F,W;W,F,F,F,F,F,F,F,F,F,F,W,W,F,F,F,F,F,F,F,F,F,F,F,F,F,W,W,F,F,F,F,F,F,F,F,F,F,F,W;W,F,F,F,F,F,F,F,F,F,F,W,W,F,F,F,F,F,F,F,F,F,F,F,F,F,W,W,F,F,F,F,F,F,F,F,F,F,F,W;W,F,F,F,F,mc5r4,F,F,F,F,F,W,W,F,F,F,F,F,F,F,P,F,F,F,F,F,W,W,F,F,F,F,F,F,mc5r4,F,F,F,F,W;W,F,F,F,F,F,F,F,F,F,F,W,W,F,F,F,F,F,F,F,F,F,F,F,F,F,W,W,F,F,F,F,F,F,F,F,F,F,F,W;W,F,F,F,F,F,F,F,F,F,F,W,W,F,F,F,F,F,F,F,F,F,F,F,F,F,W,W,F,F,F,F,F,F,F,F,F,F,F,W;W,F,F,F,F,F,F,F,F,F,F,W,W,F,F,F,F,F,F,F,F,F,F,F,F,F,W,W,F,F,F,F,F,F,F,F,F,F,F,W;W,F,F,F,F,F,F,F,F,F,F,W,W,F,F,F,F,F,F,F,F,F,F,F,F,F,W,W,F,F,F,F,F,F,F,F,F,F,F,W;W,F,F,F,F,F,F,F,F,F,F,W,W,F,F,F,F,F,F,F,F,F,F,F,F,F,W,W,F,F,F,F,F,F,F,F,F,F,F,W;W,F,F,F,F,F,F,F,F,F,F,W,W,F,F,F,F,F,F,F,F,F,F,F,F,F,W,W,F,F,F,F,F,F,F,F,F,F,F,W;W,F,F,F,F,F,F,F,F,F,F,W,W,F,F,F,F,F,F,F,F,F,F,F,F,F,W,W,F,F,F,F,F,F,F,F,F,F,F,W;W,F,F,F,F,F,F,F,F,F,F,W,W,F,F,F,F,F,F,F,mc5r4,F,F,F,F,F,W,W,F,F,F,F,F,F,F,F,F,F,F,W;W,F,F,F,F,F,F,F,F,F,F,W,W,F,F,F,F,F,F,F,F,F,F,F,F,F,W,W,F,F,F,F,F,F,F,F,F,F,F,W;W,F,F,F,F,F,F,F,F,F,F,W,W,F,F,F,F,F,F,F,F,F,F,F,F,F,W,W,F,F,F,F,F,F,F,F,F,F,F,W;W,F,F,F,F,mc5r4,F,F,F,F,F,W,W,F,F,F,F,F,F,F,F,F,F,F,F,F,W,W,F,F,F,F,F,F,mc5r4,F,F,F,F,W;W,F,F,F,F,F,F,F,F,F,F,W,W,F,F,F,F,F,F,F,F,F,F,F,F,F,W,W,F,F,F,F,F,F,F,F,F,F,F,W;W,F,F,F,F,F,F,F,F,F,F,W,W,F,F,F,F,F,F,F,F,F,F,F,F,F,W,W,F,F,F,F,F,F,F,F,F,F,F,W;W,F,F,F,F,F,F,F,F,F,F,W,W,F,F,F,F,F,F,F,F,F,F,F,F,F,W,W,F,F,F,F,F,F,F,F,F,F,F,W;W,F,F,F,F,F,F,F,F,F,F,W,W,F,F,F,F,F,F,F,F,F,F,F,F,F,W,W,F,F,F,F,F,F,F,F,F,F,F,W;W,F,F,F,F,F,F,F,F,F,F,F,F,F,F,F,F,F,F,F,F,F,F,F,F,F,F,F,F,F,F,F,F,F,F,F,F,F,F,W;W,F,F,F,F,F,F,F,F,F,F,F,F,F,F,F,F,F,F,F,F,F,F,F,F,F,F,F,F,F,F,F,F,F,F,F,F,F,F,W;W,F,F,F,F,F,F,F,F,F,F,F,F,F,F,F,F,F,F,F,F,F,F,F,F,F,F,F,F,F,F,F,F,F,F,F,F,F,F,W;W,W,W,W,W,W,W,W,W,W,W,W,W,W,W,W,W,W,F,F,F,F,F,W,W,W,W,W,W,W,W,W,W,W,W,W,W,W,W,W",Standard,Fade,0,1.5,4,1,Abyss
28,7,Normal,잿빛 광장,0,0,277,40,40,27|29|31,0,,0,0,1.5,false,0,0,0,,,Abyss,,"W,W,W,W,W,W,W,W,W,W,W,W,W,W,W,W,W,W,F,F,F,F,F,W,W,W,W,W,W,W,W,W,W,W,W,W,W,W,W,W;W,F,F,F,F,F,F,F,F,F,F,F,F,F,F,F,F,F,F,F,F,F,F,F,F,F,F,F,F,F,F,F,F,F,F,F,F,F,F,W;W,F,F,F,F,F,F,F,F,F,F,F,F,F,F,F,F,F,F,F,F,F,F,F,F,F,F,F,F,F,F,F,F,F,F,F,F,F,F,W;W,F,F,F,F,F,F,F,F,F,F,F,F,F,F,F,F,F,F,F,F,F,F,F,F,F,F,F,F,F,F,F,F,F,F,F,F,F,F,W;W,F,F,F,F,F,F,F,F,F,F,F,F,F,F,F,F,F,F,F,F,F,F,F,F,F,F,F,F,F,F,F,F,F,F,F,F,F,F,W;W,F,F,F,F,F,F,F,F,F,F,F,F,F,F,F,F,F,F,F,F,F,F,F,F,F,F,F,F,F,F,F,F,F,F,F,F,F,F,W;W,F,F,F,F,F,F,F,F,F,F,F,F,F,F,F,F,F,F,F,F,F,F,F,F,F,F,F,F,F,F,F,F,F,F,F,F,F,F,W;W,F,F,F,F,F,F,mc5r4,F,F,F,F,F,F,F,F,F,F,F,F,mc5r4,F,F,F,F,F,F,F,F,F,F,mc5r4,F,F,F,F,F,F,F,W;W,F,F,F,F,F,F,F,F,F,F,F,F,F,F,F,F,F,F,F,F,F,F,F,F,F,F,F,F,F,F,F,F,F,F,F,F,F,F,W;W,F,F,F,F,F,F,F,F,F,F,F,F,F,F,F,F,W,W,W,W,W,W,F,F,F,F,F,F,F,F,F,F,F,F,F,F,F,F,W;W,F,F,F,F,F,F,F,F,F,F,F,F,F,F,F,F,W,W,W,W,W,W,F,F,F,F,F,F,F,F,F,F,F,F,F,F,F,F,W;W,F,F,F,F,F,F,F,F,F,F,F,F,F,F,F,F,F,F,F,F,F,F,F,F,F,F,F,F,F,F,F,F,F,F,F,F,F,F,W;W,F,F,F,F,F,F,F,F,F,F,F,F,F,F,F,F,F,F,F,F,F,F,F,F,F,F,F,F,F,F,F,F,F,F,F,F,F,F,W;W,F,F,F,F,F,F,F,F,F,F,F,F,F,F,F,F,F,F,F,F,F,F,F,F,F,F,F,F,F,F,F,F,F,F,F,F,F,F,W;W,F,F,F,F,F,F,F,F,F,F,F,F,F,F,F,F,F,F,F,F,F,F,F,F,F,F,F,F,F,F,F,F,F,F,F,F,F,F,W;W,F,F,F,F,F,F,F,F,F,F,F,F,F,F,F,F,F,F,F,F,F,F,F,F,F,F,F,F,F,F,F,F,F,F,F,F,F,F,W;W,F,F,F,F,F,F,F,F,F,F,F,F,F,F,F,F,F,F,F,F,F,F,F,F,F,F,F,F,F,F,F,F,F,F,F,F,F,F,W;W,F,F,F,F,F,F,F,F,W,W,F,F,F,F,F,F,F,F,F,F,F,F,F,F,F,F,F,W,W,F,F,F,F,F,F,F,F,F,W;W,F,F,F,F,F,F,F,F,W,W,F,F,F,F,F,F,F,F,F,F,F,F,F,F,F,F,F,W,W,F,F,F,F,F,F,F,F,F,W;W,F,F,F,F,F,F,F,F,W,W,F,F,F,F,F,F,F,F,F,F,F,F,F,F,F,F,F,W,W,F,F,F,F,F,F,F,F,F,W;W,F,F,F,F,F,F,mc5r4,F,W,W,F,F,F,F,F,F,F,F,F,P,F,F,F,F,F,F,F,W,W,F,mc5r4,F,F,F,F,F,F,F,W;W,F,F,F,F,F,F,F,F,W,W,F,F,F,F,F,F,F,F,F,F,F,F,F,F,F,F,F,W,W,F,F,F,F,F,F,F,F,F,W;W,F,F,F,F,F,F,F,F,W,W,F,F,F,F,F,F,F,F,F,F,F,F,F,F,F,F,F,W,W,F,F,F,F,F,F,F,F,F,W;W,F,F,F,F,F,F,F,F,F,F,F,F,F,F,F,F,F,F,F,F,F,F,F,F,F,F,F,F,F,F,F,F,F,F,F,F,F,F,W;W,F,F,F,F,F,F,F,F,F,F,F,F,F,F,F,F,F,F,F,F,F,F,F,F,F,F,F,F,F,F,F,F,F,F,F,F,F,F,W;W,F,F,F,F,F,F,F,F,F,F,F,F,F,F,F,F,F,F,F,F,F,F,F,F,F,F,F,F,F,F,F,F,F,F,F,F,F,F,W;W,F,F,F,F,F,F,F,F,F,F,F,F,F,F,F,F,F,F,F,F,F,F,F,F,F,F,F,F,F,F,F,F,F,F,F,F,F,F,W;W,F,F,F,F,F,F,F,F,F,F,F,F,F,F,F,F,F,F,F,F,F,F,F,F,F,F,F,F,F,F,F,F,F,F,F,F,F,F,W;W,F,F,F,F,F,F,F,F,F,F,F,F,F,F,F,F,W,W,W,W,W,W,F,F,F,F,F,F,F,F,F,F,F,F,F,F,F,F,W;W,F,F,F,F,F,F,F,F,F,F,F,F,F,F,F,F,W,W,W,W,W,W,F,F,F,F,F,F,F,F,F,F,F,F,F,F,F,F,W;W,F,F,F,F,F,F,F,F,F,F,F,F,F,F,F,F,F,F,F,F,F,F,F,F,F,F,F,F,F,F,F,F,F,F,F,F,F,F,W;W,F,F,F,F,F,F,mc5r4,F,F,F,F,F,F,F,F,F,F,F,F,mc5r4,F,F,F,F,F,F,F,F,F,F,mc5r4,F,F,F,F,F,F,F,W;W,F,F,F,F,F,F,F,F,F,F,F,F,F,F,F,F,F,F,F,F,F,F,F,F,F,F,F,F,F,F,F,F,F,F,F,F,F,F,W;W,F,F,F,F,F,F,F,F,F,F,F,F,F,F,F,F,F,F,F,F,F,F,F,F,F,F,F,F,F,F,F,F,F,F,F,F,F,F,W;W,F,F,F,F,F,F,F,F,F,F,F,F,F,F,F,F,F,F,F,F,F,F,F,F,F,F,F,F,F,F,F,F,F,F,F,F,F,F,W;W,F,F,F,F,F,F,F,F,F,F,F,F,F,F,F,F,F,F,F,F,F,F,F,F,F,F,F,F,F,F,F,F,F,F,F,F,F,F,W;W,F,F,F,F,F,F,F,F,F,F,F,F,F,F,F,F,F,F,F,F,F,F,F,F,F,F,F,F,F,F,F,F,F,F,F,F,F,F,W;W,F,F,F,F,F,F,F,F,F,F,F,F,F,F,F,F,F,F,F,F,F,F,F,F,F,F,F,F,F,F,F,F,F,F,F,F,F,F,W;W,F,F,F,F,F,F,F,F,F,F,F,F,F,F,F,F,F,F,F,F,F,F,F,F,F,F,F,F,F,F,F,F,F,F,F,F,F,F,W;W,W,W,W,W,W,W,W,W,W,W,W,W,W,W,W,W,W,F,F,F,F,F,W,W,W,W,W,W,W,W,W,W,W,W,W,W,W,W,W",Standard,Fade,0,1.5,4,1,Abyss
29,7,Normal,타오르는 잔교,42,0,277,40,40,28|32,0,,0,0,1.5,false,0,0,0,,,Abyss,,"W,W,W,W,W,W,W,W,W,W,W,W,W,W,W,W,W,W,F,F,F,F,F,W,W,W,W,W,W,W,W,W,W,W,W,W,W,W,W,W;W,F,F,F,F,F,F,F,F,F,F,F,F,F,F,F,F,F,F,F,F,F,F,F,F,F,F,F,F,F,F,F,F,F,F,F,F,F,F,W;W,F,F,F,F,F,F,F,F,F,F,F,F,F,F,F,F,F,F,F,F,F,F,F,F,F,F,F,F,F,F,F,F,F,F,F,F,F,F,W;W,F,F,F,F,F,F,F,F,F,F,F,F,F,F,F,F,F,F,F,F,F,F,F,F,F,F,F,F,F,F,F,F,F,F,F,F,F,F,W;W,F,F,F,F,F,F,F,F,F,F,F,F,F,F,F,F,F,F,F,F,F,F,F,F,F,F,F,F,F,F,F,F,F,F,F,F,F,F,W;W,F,F,F,F,F,F,F,F,F,F,F,F,F,F,F,F,F,F,F,F,F,F,F,F,F,F,F,F,F,F,F,F,F,F,F,F,F,F,W;W,F,F,F,F,F,F,F,F,F,F,F,F,F,W,W,F,F,F,F,F,F,W,W,F,F,F,F,F,F,F,F,F,F,F,F,F,F,F,W;W,F,F,F,F,F,F,F,F,F,F,F,F,F,W,W,F,F,F,F,F,F,W,W,F,F,F,F,F,F,F,F,F,F,F,F,F,F,F,W;W,F,F,F,F,F,F,mc5r4,F,F,F,F,F,F,W,W,F,F,F,F,F,F,W,W,F,F,F,F,F,F,F,mc5r4,F,F,F,F,F,F,F,W;W,F,F,F,F,F,F,F,F,F,F,F,F,F,W,W,F,F,F,F,F,F,W,W,F,F,F,F,F,F,F,F,F,F,F,F,F,F,F,W;W,F,F,F,F,F,F,F,F,F,F,F,F,F,F,F,F,F,F,F,F,F,F,F,F,F,F,F,F,F,F,F,F,F,F,F,F,F,F,W;W,F,F,F,F,F,F,F,F,F,F,F,F,F,F,F,F,F,F,F,F,F,F,F,F,F,F,F,F,F,F,F,F,F,F,F,F,F,F,W;W,F,F,F,F,F,F,F,F,F,F,F,F,F,F,F,F,F,F,F,mc5r4,F,F,F,F,F,F,F,F,F,F,F,F,F,F,F,F,F,F,W;W,F,F,F,F,F,F,F,F,F,F,F,F,F,F,F,F,F,F,F,F,F,F,F,F,F,F,F,F,F,F,F,F,F,F,F,F,F,F,W;W,F,F,F,F,F,F,F,F,F,F,F,F,F,F,F,F,F,F,F,F,F,F,F,F,F,F,F,F,F,F,F,F,F,F,F,F,F,F,W;W,F,F,F,F,F,F,F,F,F,F,F,F,F,F,F,F,F,F,F,F,F,F,F,F,F,F,F,F,F,F,F,F,F,F,F,F,F,F,W;W,F,F,F,F,F,F,F,F,F,F,F,F,F,W,W,F,F,F,F,F,F,W,W,F,F,F,F,F,F,F,F,F,F,F,F,F,F,F,W;W,F,F,F,F,F,F,F,F,F,F,F,F,F,W,W,F,F,F,F,F,F,W,W,F,F,F,F,F,F,F,F,F,F,F,F,F,F,F,W;W,F,F,F,F,F,F,F,F,F,F,F,F,F,W,W,F,F,F,F,F,F,W,W,F,F,F,F,F,F,F,F,F,F,F,F,F,F,F,W;W,F,F,F,F,F,F,F,F,F,F,F,F,F,W,W,F,F,F,F,F,F,W,W,F,F,F,F,F,F,F,F,F,F,F,F,F,F,F,W;W,F,F,F,F,F,F,mc5r4,F,F,F,F,F,F,F,F,F,F,F,F,P,F,F,F,F,F,F,F,F,F,F,mc5r4,F,F,F,F,F,F,F,W;W,F,F,F,F,F,F,F,F,F,F,F,F,F,F,F,F,F,F,F,F,F,F,F,F,F,F,F,F,F,F,F,F,F,F,F,F,F,F,W;W,F,F,F,F,F,F,F,F,F,F,F,F,F,F,F,F,F,F,F,F,F,F,F,F,F,F,F,F,F,F,F,F,F,F,F,F,F,F,W;W,F,F,F,F,F,F,F,F,F,F,F,F,F,F,F,F,F,F,F,F,F,F,F,F,F,F,F,F,F,F,F,F,F,F,F,F,F,F,W;W,F,F,F,F,F,F,F,F,F,F,F,F,F,F,F,F,F,F,F,F,F,F,F,F,F,F,F,F,F,F,F,F,F,F,F,F,F,F,W;W,F,F,F,F,F,F,F,F,F,F,F,F,F,F,F,F,F,F,F,F,F,F,F,F,F,F,F,F,F,F,F,F,F,F,F,F,F,F,W;W,F,F,F,F,F,F,F,F,F,F,F,F,F,W,W,F,F,F,F,mc5r4,F,W,W,F,F,F,F,F,F,F,F,F,F,F,F,F,F,F,W;W,F,F,F,F,F,F,F,F,F,F,F,F,F,W,W,F,F,F,F,F,F,W,W,F,F,F,F,F,F,F,F,F,F,F,F,F,F,F,W;W,F,F,F,F,F,F,F,F,F,F,F,F,F,W,W,F,F,F,F,F,F,W,W,F,F,F,F,F,F,F,F,F,F,F,F,F,F,F,W;W,F,F,F,F,F,F,F,F,F,F,F,F,F,W,W,F,F,F,F,F,F,W,W,F,F,F,F,F,F,F,F,F,F,F,F,F,F,F,W;W,F,F,F,F,F,F,mc5r4,F,F,F,F,F,F,F,F,F,F,F,F,F,F,F,F,F,F,F,F,F,F,F,mc5r4,F,F,F,F,F,F,F,W;W,F,F,F,F,F,F,F,F,F,F,F,F,F,F,F,F,F,F,F,F,F,F,F,F,F,F,F,F,F,F,F,F,F,F,F,F,F,F,W;W,F,F,F,F,F,F,F,F,F,F,F,F,F,F,F,F,F,F,F,F,F,F,F,F,F,F,F,F,F,F,F,F,F,F,F,F,F,F,W;W,F,F,F,F,F,F,F,F,F,F,F,F,F,F,F,F,F,F,F,F,F,F,F,F,F,F,F,F,F,F,F,F,F,F,F,F,F,F,W;W,F,F,F,F,F,F,F,F,F,F,F,F,F,F,F,F,F,F,F,F,F,F,F,F,F,F,F,F,F,F,F,F,F,F,F,F,F,F,W;W,F,F,F,F,F,F,F,F,F,F,F,F,F,F,F,F,F,F,F,F,F,F,F,F,F,F,F,F,F,F,F,F,F,F,F,F,F,F,W;W,F,F,F,F,F,F,F,F,F,F,F,F,F,F,F,F,F,F,F,F,F,F,F,F,F,F,F,F,F,F,F,F,F,F,F,F,F,F,W;W,F,F,F,F,F,F,F,F,F,F,F,F,F,F,F,F,F,F,F,F,F,F,F,F,F,F,F,F,F,F,F,F,F,F,F,F,F,F,W;W,F,F,F,F,F,F,F,F,F,F,F,F,F,F,F,F,F,F,F,F,F,F,F,F,F,F,F,F,F,F,F,F,F,F,F,F,F,F,W;W,W,W,W,W,W,W,W,W,W,W,W,W,W,W,W,W,W,F,F,F,F,F,W,W,W,W,W,W,W,W,W,W,W,W,W,W,W,W,W",Standard,Fade,0,1.5,4,1,Abyss
30,8,Elite,정예의 함정 II,-44,0,322,40,46,31,0,,0,0,2,false,0,0,0,,,Abyss,,"W,W,W,W,W,W,W,W,W,W,W,W,W,W,W,W,W,W,F,F,F,F,F,W,W,W,W,W,W,W,W,W,W,W,W,W,W,W,W,W;W,F,F,F,F,F,F,F,F,F,F,F,F,F,F,F,F,F,F,F,F,F,F,F,F,F,F,F,F,F,F,F,F,F,F,F,F,F,F,W;W,F,W,W,F,F,F,F,F,F,F,F,F,F,F,F,F,F,F,F,F,F,F,F,F,F,F,F,F,F,F,F,F,F,F,W,W,F,F,W;W,F,W,W,F,F,F,F,F,F,F,F,F,F,F,F,F,F,F,F,F,F,F,F,F,F,F,F,F,F,F,F,F,F,F,W,W,F,F,W;W,F,F,F,F,F,F,F,F,F,F,F,F,F,F,F,F,F,F,F,F,F,F,F,F,F,F,F,F,F,F,F,F,F,F,F,F,F,F,W;W,F,F,F,F,F,F,F,F,F,F,F,F,F,F,F,F,F,F,F,F,F,F,F,F,F,F,F,F,F,F,F,F,F,F,F,F,F,F,W;W,F,F,F,F,F,F,F,F,F,F,F,F,F,F,F,F,F,F,F,F,F,F,F,F,F,F,F,F,F,F,F,F,F,F,F,F,F,F,W;W,F,F,F,F,F,F,F,F,F,F,F,F,F,F,F,F,F,F,F,F,F,F,F,F,F,F,F,F,F,F,F,F,F,F,F,F,F,F,W;W,F,F,F,F,F,F,F,F,F,F,F,F,F,F,F,F,F,F,F,F,F,F,F,F,F,F,F,F,F,F,F,F,F,F,F,F,F,F,W;W,F,F,F,F,F,F,F,F,F,F,F,F,F,F,F,F,F,F,F,Me4r3,F,F,F,F,F,F,F,F,F,F,F,F,F,F,F,F,F,F,W;W,F,F,F,F,F,F,F,F,F,F,F,F,F,F,F,F,F,F,F,F,F,F,F,F,F,F,F,F,F,F,F,F,F,F,F,F,F,F,W;W,F,F,F,F,F,F,F,F,F,F,F,F,F,F,F,F,F,F,F,F,F,F,F,F,F,F,F,F,F,F,F,F,F,F,F,F,F,F,W;W,F,F,F,F,F,F,F,F,F,F,F,F,F,F,F,F,F,F,F,F,F,F,F,F,F,F,F,F,F,F,F,F,F,F,F,F,F,F,W;W,F,F,F,F,F,F,F,F,F,F,F,F,F,F,F,F,F,F,F,F,F,F,F,F,F,F,F,F,F,F,F,F,F,F,F,F,F,F,W;W,F,F,F,F,F,F,F,F,F,F,F,mc3r3,F,F,F,F,F,F,F,F,F,F,F,F,F,mc3r3,F,F,F,F,F,F,F,F,F,F,F,F,W;W,F,F,F,F,F,F,F,F,F,F,F,F,F,F,F,F,F,F,F,F,F,F,F,F,F,F,F,F,F,F,F,F,F,F,F,F,F,F,W;W,F,F,F,F,F,F,F,F,F,F,F,F,F,F,F,F,F,F,F,F,F,F,F,F,F,F,F,F,F,F,F,F,F,F,F,F,F,F,W;W,F,F,F,F,W,W,W,W,F,F,F,F,F,F,F,F,F,F,F,F,F,F,F,F,F,F,F,F,W,W,W,W,F,F,F,F,F,F,W;W,F,F,F,F,W,W,W,W,F,F,F,F,F,F,F,F,F,F,F,F,F,F,F,F,F,F,F,F,W,W,W,W,F,F,F,F,F,F,W;W,F,F,F,F,W,W,W,W,F,F,F,F,F,F,F,F,F,F,F,F,F,F,F,F,F,F,F,F,W,W,W,W,F,F,F,F,F,F,W;W,F,F,F,F,W,W,W,W,F,F,F,F,F,F,F,F,F,F,F,F,F,F,F,F,F,F,F,F,W,W,W,W,F,F,F,F,F,F,W;W,F,F,F,F,F,F,F,F,F,F,F,F,F,F,F,F,F,F,F,F,F,F,F,F,F,F,F,F,F,F,F,F,F,F,F,F,F,F,W;W,F,F,F,F,F,F,F,F,F,F,F,F,F,F,F,F,F,F,F,F,F,F,F,F,F,F,F,F,F,F,F,F,F,F,F,F,F,F,W;W,F,F,F,F,mc3r3,F,F,F,F,F,F,F,F,F,F,F,F,F,F,F,F,F,F,F,F,F,F,F,F,F,F,F,mc3r3,F,F,F,F,F,W;W,F,F,F,F,F,F,F,F,F,F,F,F,F,F,F,F,F,F,F,F,F,F,F,F,F,F,F,F,F,F,F,F,F,F,F,F,F,F,W;W,F,F,F,F,W,W,W,W,F,F,F,F,F,F,F,F,F,F,F,F,F,F,F,F,F,F,F,F,W,W,W,W,F,F,F,F,F,F,W;W,F,F,F,F,W,W,W,W,F,F,F,F,F,F,F,F,F,F,F,F,F,F,F,F,F,F,F,F,W,W,W,W,F,F,F,F,F,F,W;W,F,F,F,F,W,W,W,W,F,F,F,F,F,F,F,F,F,F,F,F,F,F,F,F,F,F,F,F,W,W,W,W,F,F,F,F,F,F,W;W,F,F,F,F,W,W,W,W,F,F,F,F,F,F,F,F,F,F,F,F,F,F,F,F,F,F,F,F,W,W,W,W,F,F,F,F,F,F,W;W,F,F,F,F,F,F,F,F,F,F,F,F,F,F,F,F,F,F,F,F,F,F,F,F,F,F,F,F,F,F,F,F,F,F,F,F,F,F,W;W,F,F,F,F,F,F,F,F,F,F,F,F,F,F,F,F,F,F,F,F,F,F,F,F,F,F,F,F,F,F,F,F,F,F,F,F,F,F,W;W,F,F,F,F,F,F,F,F,F,F,F,F,F,F,F,F,F,F,F,F,F,F,F,F,F,F,F,F,F,F,F,F,F,F,F,F,F,F,W;W,F,F,F,F,F,F,F,F,F,F,F,F,F,F,F,F,F,F,F,F,F,F,F,F,F,F,F,F,F,F,F,F,F,F,F,F,F,F,W;W,F,F,F,F,F,F,F,F,F,F,F,F,F,F,F,F,F,F,F,P,F,F,F,F,F,F,F,F,F,F,F,F,F,F,F,F,F,F,W;W,F,F,F,F,F,F,F,F,F,F,F,F,F,F,F,F,F,F,F,F,F,F,F,F,F,F,F,F,F,F,F,F,F,F,F,F,F,F,W;W,F,F,F,F,F,F,F,F,F,F,F,F,F,F,F,F,F,F,F,F,F,F,F,F,F,F,F,F,F,F,F,F,F,F,F,F,F,F,W;W,F,F,F,F,F,F,F,F,F,F,F,F,F,F,F,F,F,F,F,Me4r3,F,F,F,F,F,F,F,F,F,F,F,F,F,F,F,F,F,F,W;W,F,F,F,F,F,F,F,F,F,F,F,F,F,F,F,F,F,F,F,F,F,F,F,F,F,F,F,F,F,F,F,F,F,F,F,F,F,F,W;W,F,F,F,F,F,F,F,F,F,F,F,F,F,F,F,F,F,F,F,F,F,F,F,F,F,F,F,F,F,F,F,F,F,F,F,F,F,F,W;W,F,F,F,F,F,F,F,F,F,F,F,F,F,F,F,F,F,F,F,F,F,F,F,F,F,F,F,F,F,F,F,F,F,F,F,F,F,F,W;W,F,F,F,F,F,F,F,F,F,F,F,F,F,F,F,F,F,F,F,F,F,F,F,F,F,F,F,F,F,F,F,F,F,F,F,F,F,F,W;W,F,F,F,F,F,F,F,F,F,F,F,F,F,F,F,F,F,F,F,F,F,F,F,F,F,F,F,F,F,F,F,F,F,F,F,F,F,F,W;W,F,W,W,F,F,F,F,F,F,F,F,F,F,F,F,F,F,F,F,F,F,F,F,F,F,F,F,F,F,F,F,F,F,F,W,W,F,F,W;W,F,W,W,F,F,F,F,F,F,F,F,F,F,F,F,F,F,F,F,F,F,F,F,F,F,F,F,F,F,F,F,F,F,F,W,W,F,F,W;W,F,F,F,F,F,F,F,F,F,F,F,F,F,F,F,F,F,F,F,F,F,F,F,F,F,F,F,F,F,F,F,F,F,F,F,F,F,F,W;W,W,W,W,W,W,W,W,W,W,W,W,W,W,W,W,W,W,F,F,F,F,F,W,W,W,W,W,W,W,W,W,W,W,W,W,W,W,W,W",Standard,Fade,0,1.5,5,1,Abyss
31,8,Normal,어둠의 전당,0,0,322,42,42,30|32|33,0,,0,0,1.7,false,0,0,0,,,Abyss,,"W,W,W,W,W,W,W,W,W,W,W,W,W,W,W,W,W,W,W,F,F,F,F,F,W,W,W,W,W,W,W,W,W,W,W,W,W,W,W,W,W,W;W,F,F,F,F,F,F,F,F,F,F,F,F,F,F,F,F,F,F,F,F,F,F,F,F,F,F,F,F,F,F,F,F,F,F,F,F,F,F,F,F,W;W,F,W,W,F,F,F,F,F,F,F,F,F,F,F,F,F,F,F,F,F,F,F,F,F,F,F,F,F,F,F,F,F,F,F,F,F,W,W,F,F,W;W,F,W,W,F,F,F,F,F,F,F,F,F,F,F,F,F,F,F,F,F,F,F,F,F,F,F,F,F,F,F,F,F,F,F,F,F,W,W,F,F,W;W,F,F,F,F,F,F,F,F,F,F,F,F,F,F,F,F,F,W,W,F,F,F,F,F,F,F,F,F,F,F,F,F,F,F,F,F,F,F,F,F,W;W,F,F,F,F,F,F,F,F,F,F,F,F,F,F,F,F,F,W,W,F,F,F,F,F,F,F,F,F,F,F,F,F,F,F,F,F,F,F,F,F,W;W,F,F,F,F,F,F,F,F,F,F,F,F,F,F,F,F,F,F,F,F,F,F,F,F,F,F,F,F,F,F,F,F,F,F,F,F,F,F,F,F,W;W,F,F,F,F,F,F,mc5r4,F,F,F,F,F,F,F,F,F,F,F,F,F,mc5r4,F,F,F,F,F,F,F,F,F,F,F,mc5r4,F,F,F,F,F,F,F,W;W,F,F,F,F,F,F,F,F,F,F,F,F,F,F,F,F,F,F,F,F,F,F,F,F,F,F,F,F,F,F,F,F,F,F,F,F,F,F,F,F,W;W,F,F,F,F,F,F,F,F,F,F,F,F,F,F,F,F,F,F,F,F,F,F,F,F,F,F,F,F,F,F,F,F,F,F,F,F,F,F,F,F,W;W,F,F,F,F,F,F,F,F,F,W,W,F,F,F,F,F,F,F,F,F,F,F,F,F,F,F,F,W,W,F,F,F,F,F,F,F,F,F,F,F,W;W,F,F,F,F,F,F,F,F,F,W,W,F,F,F,F,F,F,F,F,F,F,F,F,F,F,F,F,W,W,F,F,F,F,F,F,F,F,F,F,F,W;W,F,F,F,F,F,F,F,F,F,F,F,F,F,F,F,F,F,F,F,F,F,F,F,F,F,F,F,F,F,F,F,F,F,F,F,F,F,F,F,F,W;W,F,F,F,F,F,F,F,F,F,F,F,F,F,F,F,F,F,F,F,F,F,F,F,F,F,F,F,F,F,F,F,F,F,F,F,F,F,F,F,F,W;W,F,F,F,F,F,F,F,F,F,F,F,F,F,F,F,F,F,F,F,F,F,F,F,F,F,F,F,F,F,F,F,F,F,F,F,F,F,F,F,F,W;W,F,F,F,F,F,F,F,F,F,F,F,F,F,F,F,F,F,F,F,F,F,F,F,F,F,F,F,F,F,F,F,F,F,F,F,F,F,F,F,F,W;W,F,F,F,F,F,F,F,F,F,F,F,F,F,F,F,F,F,F,F,F,F,F,F,F,F,F,F,F,F,F,F,F,F,F,F,F,F,F,F,F,W;W,F,F,F,F,F,F,F,F,F,F,F,F,F,F,F,F,W,W,W,W,W,F,F,F,F,F,F,F,F,F,F,F,F,F,F,F,F,F,F,F,W;W,F,F,F,W,W,F,F,F,F,F,F,F,F,F,F,F,W,W,W,W,W,F,F,F,F,F,F,F,F,F,F,F,F,W,W,F,F,F,F,F,W;W,F,F,F,W,W,F,F,F,F,F,F,F,F,F,F,F,W,W,W,W,W,F,F,F,F,F,F,F,F,F,F,F,F,W,W,F,F,F,F,F,W;W,F,F,F,F,F,F,F,F,F,F,F,F,F,F,F,F,W,W,W,W,W,F,F,F,F,F,F,F,F,F,F,F,F,F,F,F,F,F,F,F,W;W,F,F,F,F,F,F,mc5r4,F,F,F,F,F,F,F,F,F,W,W,W,W,W,F,F,F,F,F,F,F,F,F,F,F,mc5r4,F,F,F,F,F,F,F,W;W,F,F,F,F,F,F,F,F,F,F,F,F,F,F,F,F,F,F,F,F,F,F,F,F,F,F,F,F,F,F,F,F,F,F,F,F,F,F,F,F,W;W,F,F,F,F,F,F,F,F,F,F,F,F,F,F,F,F,F,F,F,F,F,F,F,F,F,F,F,F,F,F,F,F,F,F,F,F,F,F,F,F,W;W,F,F,F,F,F,F,F,F,F,F,F,F,F,F,F,F,F,F,F,F,F,F,F,F,F,F,F,F,F,F,F,F,F,F,F,F,F,F,F,F,W;W,F,F,F,F,F,F,F,F,F,F,F,F,F,F,F,F,F,F,F,F,P,F,F,F,F,F,F,F,F,F,F,F,F,F,F,F,F,F,F,F,W;W,F,F,F,F,F,F,F,F,F,F,F,F,F,F,F,F,F,F,F,F,F,F,F,F,F,F,F,F,F,F,F,F,F,F,F,F,F,F,F,F,W;W,F,F,F,F,F,F,F,F,F,F,F,F,F,F,F,F,F,F,F,F,F,F,F,F,F,F,F,F,F,F,F,F,F,F,F,F,F,F,F,F,W;W,F,F,F,F,F,F,F,F,F,W,W,F,F,F,F,F,F,F,F,F,F,F,F,F,F,F,F,W,W,F,F,F,F,F,F,F,F,F,F,F,W;W,F,F,F,F,F,F,F,F,F,W,W,F,F,F,F,F,F,F,F,F,F,F,F,F,F,F,F,W,W,F,F,F,F,F,F,F,F,F,F,F,W;W,F,F,F,F,F,F,F,F,F,F,F,F,F,F,F,F,F,F,F,F,F,F,F,F,F,F,F,F,F,F,F,F,F,F,F,F,F,F,F,F,W;W,F,F,F,F,F,F,F,F,F,F,F,F,F,F,F,F,F,F,F,F,F,F,F,F,F,F,F,F,F,F,F,F,F,F,F,F,F,F,F,F,W;W,F,F,F,F,F,F,F,F,F,F,F,F,F,F,F,F,F,F,F,F,F,F,F,F,F,F,F,F,F,F,F,F,F,F,F,F,F,F,F,F,W;W,F,F,F,F,F,F,mc5r4,F,F,F,F,F,F,F,F,F,F,F,F,F,mc5r4,F,F,F,F,F,F,F,F,F,F,F,mc5r4,F,F,F,F,F,F,F,W;W,F,F,F,F,F,F,F,F,F,F,F,F,F,F,F,F,F,W,W,F,F,F,F,F,F,F,F,F,F,F,F,F,F,F,F,F,F,F,F,F,W;W,F,F,F,F,F,F,F,F,F,F,F,F,F,F,F,F,F,W,W,F,F,F,F,F,F,F,F,F,F,F,F,F,F,F,F,F,F,F,F,F,W;W,F,F,F,F,F,F,F,F,F,F,F,F,F,F,F,F,F,F,F,F,F,F,F,F,F,F,F,F,F,F,F,F,F,F,F,F,F,F,F,F,W;W,F,W,W,F,F,F,F,F,F,F,F,F,F,F,F,F,F,F,F,F,F,F,F,F,F,F,F,F,F,F,F,F,F,F,F,F,W,W,F,F,W;W,F,W,W,F,F,F,F,F,F,F,F,F,F,F,F,F,F,F,F,F,F,F,F,F,F,F,F,F,F,F,F,F,F,F,F,F,W,W,F,F,W;W,F,F,F,F,F,F,F,F,F,F,F,F,F,F,F,F,F,F,F,F,F,F,F,F,F,F,F,F,F,F,F,F,F,F,F,F,F,F,F,F,W;W,F,F,F,F,F,F,F,F,F,F,F,F,F,F,F,F,F,F,F,F,F,F,F,F,F,F,F,F,F,F,F,F,F,F,F,F,F,F,F,F,W;W,W,W,W,W,W,W,W,W,W,W,W,W,W,W,W,W,W,W,F,F,F,F,F,W,W,W,W,W,W,W,W,W,W,W,W,W,W,W,W,W,W",Standard,Fade,0,1.5,4,1,Abyss
32,8,Elite,심연 투사,44,0,322,40,46,31,0,,0,0,2,false,0,0,0,,,Abyss,,"W,W,W,W,W,W,W,W,W,W,W,W,W,W,W,W,W,W,F,F,F,F,F,W,W,W,W,W,W,W,W,W,W,W,W,W,W,W,W,W;W,F,F,F,F,F,F,F,F,F,F,F,F,F,F,F,F,F,F,F,F,F,F,F,F,F,F,F,F,F,F,F,F,F,F,F,F,F,F,W;W,F,W,W,F,F,F,F,F,F,F,F,F,F,F,F,F,F,F,F,F,F,F,F,F,F,F,F,F,F,F,F,F,F,F,W,W,F,F,W;W,F,W,W,F,F,F,F,F,F,F,F,F,F,F,F,F,F,F,F,F,F,F,F,F,F,F,F,F,F,F,F,F,F,F,W,W,F,F,W;W,F,F,F,F,F,F,F,F,F,F,F,F,F,F,F,F,F,F,F,F,F,F,F,F,F,F,F,F,F,F,F,F,F,F,F,F,F,F,W;W,F,F,F,F,F,F,F,F,F,F,F,F,F,F,F,F,F,F,F,F,F,F,F,F,F,F,F,F,F,F,F,F,F,F,F,F,F,F,W;W,F,F,F,F,F,F,F,F,F,F,F,F,F,F,F,F,F,F,F,F,F,F,F,F,F,F,F,F,F,F,F,F,F,F,F,F,F,F,W;W,F,F,F,F,F,F,F,F,F,F,F,F,F,F,F,F,F,F,F,F,F,F,F,F,F,F,F,F,F,F,F,F,F,F,F,F,F,F,W;W,F,F,F,F,F,F,F,F,F,F,F,F,F,F,F,F,F,F,F,F,F,F,F,F,F,F,F,F,F,F,F,F,F,F,F,F,F,F,W;W,F,F,F,F,F,F,F,F,F,F,F,F,F,F,F,F,F,F,F,F,F,F,F,F,F,F,F,F,F,F,F,F,F,F,F,F,F,F,W;W,F,W,W,W,W,W,F,F,F,F,F,F,F,F,F,F,F,F,F,Me4r3,F,F,F,F,F,F,F,F,F,F,F,W,W,W,W,W,F,F,W;W,F,W,W,W,W,W,F,F,F,F,F,F,F,F,F,F,F,F,F,F,F,F,F,F,F,F,F,F,F,F,F,W,W,W,W,W,F,F,W;W,F,W,W,W,W,W,F,F,F,F,F,F,F,F,F,F,F,F,F,F,F,F,F,F,F,F,F,F,F,F,F,W,W,W,W,W,F,F,W;W,F,W,W,W,W,W,F,F,F,F,F,F,F,F,F,F,F,F,F,F,F,F,F,F,F,F,F,F,F,F,F,W,W,W,W,W,F,F,W;W,F,W,W,W,W,W,F,F,F,F,F,F,F,F,F,F,F,F,F,F,F,F,F,F,F,F,F,F,F,F,F,W,W,W,W,W,F,F,W;W,F,W,W,W,W,W,F,F,F,F,F,F,F,F,F,F,F,F,F,F,F,F,F,F,F,F,F,F,F,F,F,W,W,W,W,W,F,F,W;W,F,W,W,W,W,W,F,F,F,F,F,F,F,F,F,mc3r3,F,F,F,F,F,mc3r3,F,F,F,F,F,F,F,F,F,W,W,W,W,W,F,F,W;W,F,W,W,W,W,W,F,F,F,F,F,F,F,F,F,F,F,F,F,F,F,F,F,F,F,F,F,F,F,F,F,W,W,W,W,W,F,F,W;W,F,F,F,F,F,F,F,F,F,F,F,F,F,F,F,F,F,F,F,F,F,F,F,F,F,F,F,F,F,F,F,F,F,F,F,F,F,F,W;W,F,F,F,F,F,F,F,F,F,F,F,F,F,F,F,F,F,F,F,F,F,F,F,F,F,F,F,F,F,F,F,F,F,F,F,F,F,F,W;W,F,F,F,F,F,F,F,F,F,F,F,F,F,F,F,F,F,F,F,F,F,F,F,F,F,F,F,F,F,F,F,F,F,F,F,F,F,F,W;W,F,F,F,F,F,F,F,F,F,F,F,F,F,F,F,F,F,F,F,F,F,F,F,F,F,F,F,F,F,F,F,F,F,F,F,F,F,F,W;W,F,F,F,F,F,F,F,F,F,F,F,F,F,F,F,F,F,F,F,F,F,F,F,F,F,F,F,F,F,F,F,F,F,F,F,F,F,F,W;W,F,F,F,F,F,F,F,F,F,F,mc3r3,F,F,F,F,F,F,F,F,F,F,F,F,F,F,F,mc3r3,F,F,F,F,F,F,F,F,F,F,F,W;W,F,F,F,F,F,F,F,F,F,F,F,F,F,F,F,F,F,F,F,F,F,F,F,F,F,F,F,F,F,F,F,F,F,F,F,F,F,F,W;W,F,F,F,F,F,F,F,F,F,F,F,F,F,F,F,F,F,F,F,F,F,F,F,F,F,F,F,F,F,F,F,F,F,F,F,F,F,F,W;W,F,F,F,F,F,F,F,F,F,F,F,F,F,F,F,F,F,F,F,F,F,F,F,F,F,F,F,F,F,F,F,F,F,F,F,F,F,F,W;W,F,F,F,F,F,F,F,F,F,F,F,F,F,F,F,F,F,F,F,F,F,F,F,F,F,F,F,F,F,F,F,F,F,F,F,F,F,F,W;W,F,F,F,F,F,F,F,F,F,F,F,F,F,F,F,F,F,F,F,F,F,F,F,F,F,F,F,F,F,F,F,F,F,F,F,F,F,F,W;W,F,F,F,F,F,F,F,F,F,F,F,F,F,F,F,F,F,F,F,F,F,F,F,F,F,F,F,F,F,F,F,F,F,F,F,F,F,F,W;W,F,F,F,F,F,F,F,F,F,F,F,F,F,F,F,F,F,F,F,F,F,F,F,F,F,F,F,F,F,F,F,F,F,F,F,F,F,F,W;W,F,F,F,F,F,F,F,F,F,F,F,F,F,F,F,F,F,F,F,F,F,F,F,F,F,F,F,F,F,F,F,F,F,F,F,F,F,F,W;W,F,F,F,F,F,F,F,F,F,F,F,F,F,F,F,F,F,F,F,F,F,F,F,F,F,F,F,F,F,F,F,F,F,F,F,F,F,F,W;W,F,F,F,F,F,F,F,F,F,F,F,F,F,F,F,F,F,F,F,P,F,F,F,F,F,F,F,F,F,F,F,F,F,F,F,F,F,F,W;W,F,F,F,F,F,F,F,F,F,F,F,F,F,F,F,F,F,F,F,F,F,F,F,F,F,F,F,F,F,F,F,F,F,F,F,F,F,F,W;W,F,F,F,F,F,F,F,F,F,F,F,F,F,F,F,F,F,F,F,F,F,F,F,F,F,F,F,F,F,F,F,F,F,F,F,F,F,F,W;W,F,F,F,F,F,F,F,F,F,F,F,F,F,F,F,F,F,F,F,Me4r3,F,F,F,F,F,F,F,F,F,F,F,F,F,F,F,F,F,F,W;W,F,F,F,F,F,F,F,F,F,F,F,F,F,F,F,F,F,F,F,F,F,F,F,F,F,F,F,F,F,F,F,F,F,F,F,F,F,F,W;W,F,F,F,F,F,F,F,F,F,F,F,F,F,F,F,F,F,F,F,F,F,F,F,F,F,F,F,F,F,F,F,F,F,F,F,F,F,F,W;W,F,F,F,F,F,F,F,F,F,F,F,F,F,F,F,F,F,F,F,F,F,F,F,F,F,F,F,F,F,F,F,F,F,F,F,F,F,F,W;W,F,F,F,F,F,F,F,F,F,F,F,F,F,F,F,F,F,F,F,F,F,F,F,F,F,F,F,F,F,F,F,F,F,F,F,F,F,F,W;W,F,F,F,F,F,F,F,F,F,F,F,F,F,F,F,F,F,F,F,F,F,F,F,F,F,F,F,F,F,F,F,F,F,F,F,F,F,F,W;W,F,W,W,F,F,F,F,F,F,F,F,F,F,F,F,F,F,F,F,F,F,F,F,F,F,F,F,F,F,F,F,F,F,F,W,W,F,F,W;W,F,W,W,F,F,F,F,F,F,F,F,F,F,F,F,F,F,F,F,F,F,F,F,F,F,F,F,F,F,F,F,F,F,F,W,W,F,F,W;W,F,F,F,F,F,F,F,F,F,F,F,F,F,F,F,F,F,F,F,F,F,F,F,F,F,F,F,F,F,F,F,F,F,F,F,F,F,F,W;W,W,W,W,W,W,W,W,W,W,W,W,W,W,W,W,W,W,F,F,F,F,F,W,W,W,W,W,W,W,W,W,W,W,W,W,W,W,W,W",Standard,Fade,0,1.5,5,1,Abyss
33,9,Event,보스 앞 제단,0,0,365,34,36,34,0,,0,0,0,false,0,0,0,,,Abyss,,"W,W,W,W,W,W,W,W,W,W,W,W,W,W,W,F,F,F,F,F,W,W,W,W,W,W,W,W,W,W,W,W,W,W;W,F,F,F,F,F,F,F,F,F,F,F,F,F,F,F,F,F,F,F,F,F,F,F,F,F,F,F,F,F,F,F,F,W;W,F,F,F,F,F,F,F,F,F,F,F,F,F,F,F,F,F,F,F,F,F,F,F,F,F,F,F,F,F,F,F,F,W;W,F,F,W,W,W,F,F,F,F,F,F,F,F,F,F,F,F,F,F,F,F,F,F,F,F,F,W,W,W,F,F,F,W;W,F,F,W,W,W,F,F,F,F,F,F,F,F,F,F,F,F,F,F,F,F,F,F,F,F,F,W,W,W,F,F,F,W;W,F,F,W,W,W,F,F,F,F,F,F,F,F,F,F,F,F,F,F,F,F,F,F,F,F,F,W,W,W,F,F,F,W;W,F,F,F,F,F,F,F,F,F,F,F,F,F,F,F,F,F,F,F,F,F,F,F,F,F,F,F,F,F,F,F,F,W;W,F,F,F,F,F,F,F,F,F,F,F,F,F,F,F,F,F,F,F,F,F,F,F,F,F,F,F,F,F,F,F,F,W;W,F,F,F,F,F,F,F,F,F,F,F,F,F,F,F,F,F,F,F,F,F,F,F,F,F,F,F,F,F,F,F,F,W;W,F,F,F,F,F,F,F,F,F,F,F,F,F,F,F,F,F,F,F,F,F,F,F,F,F,F,F,F,F,F,F,F,W;W,F,F,F,F,F,F,F,F,F,F,F,F,F,F,F,F,F,F,F,F,F,F,F,F,F,F,F,F,F,F,F,F,W;W,F,F,F,F,F,F,F,F,F,F,F,F,F,F,F,F,F,F,F,F,F,F,F,F,F,F,F,F,F,F,F,F,W;W,F,F,F,F,F,F,F,F,F,F,F,F,F,F,F,F,F,F,F,F,F,F,F,F,F,F,F,F,F,F,F,F,W;W,F,F,F,F,F,F,F,F,F,F,F,W,W,W,W,W,W,W,W,F,F,F,F,F,F,F,F,F,F,F,F,F,W;W,F,F,F,F,F,F,F,F,F,F,F,W,W,W,W,W,W,W,W,F,F,F,F,F,F,F,F,F,F,F,F,F,W;W,F,F,F,F,F,F,F,F,F,F,F,W,W,W,W,W,W,W,W,F,F,F,F,F,F,F,F,F,F,F,F,F,W;W,F,F,F,F,F,F,F,F,F,F,F,W,W,W,W,W,W,W,W,F,F,F,F,F,F,F,F,F,F,F,F,F,W;W,F,F,F,F,F,F,F,F,F,F,F,W,W,W,W,W,W,W,W,F,F,F,F,F,F,F,F,F,F,F,F,F,W;W,F,F,F,F,F,F,F,F,F,F,F,W,W,W,W,W,W,W,W,F,F,F,F,F,F,F,F,F,F,F,F,F,W;W,F,F,F,F,F,F,F,F,F,F,F,W,W,W,W,W,W,W,W,F,F,F,F,F,F,F,F,F,F,F,F,F,W;W,F,F,F,F,F,F,F,F,F,F,F,F,F,F,F,F,F,F,F,F,F,F,F,F,F,F,F,F,F,F,F,F,W;W,F,F,F,F,F,F,F,F,F,F,F,F,F,F,F,F,F,F,F,F,F,F,F,F,F,F,F,F,F,F,F,F,W;W,F,F,F,F,F,F,F,F,F,F,F,F,F,F,F,F,F,F,F,F,F,F,F,F,F,F,F,F,F,F,F,F,W;W,F,F,F,F,F,F,F,F,F,F,F,F,F,F,F,F,F,F,F,F,F,F,F,F,F,F,F,F,F,F,F,F,W;W,F,F,F,F,F,F,F,F,F,F,F,F,F,F,F,F,F,F,F,F,F,F,F,F,F,F,F,F,F,F,F,F,W;W,F,F,F,F,F,F,F,F,F,F,F,F,F,F,F,F,F,F,F,F,F,F,F,F,F,F,F,F,F,F,F,F,W;W,F,F,F,F,F,F,F,F,F,F,F,F,F,F,F,F,F,F,F,F,F,F,F,F,F,F,F,F,F,F,F,F,W;W,F,F,F,F,F,F,F,F,F,F,F,F,F,F,F,F,F,F,F,F,F,F,F,F,F,F,F,F,F,F,F,F,W;W,F,F,F,F,F,F,F,F,F,F,F,F,F,F,F,F,F,F,F,F,F,F,F,F,F,F,F,F,F,F,F,F,W;W,F,F,F,F,F,F,F,F,F,F,F,F,F,F,F,F,F,F,F,F,F,F,F,F,F,F,F,F,F,F,F,F,W;W,F,F,F,F,F,F,F,F,F,F,F,F,F,F,F,F,F,F,F,F,F,F,F,F,F,F,F,F,F,F,F,F,W;W,F,F,F,F,F,F,F,F,F,F,F,F,F,F,F,F,F,F,F,F,F,F,F,F,F,F,F,F,F,F,F,F,W;W,F,F,F,F,F,F,F,F,F,F,F,F,F,F,F,F,P,F,F,F,F,F,F,F,F,F,F,F,F,F,F,F,W;W,F,F,F,F,F,F,F,F,F,F,F,F,F,F,F,F,F,F,F,F,F,F,F,F,F,F,F,F,F,F,F,F,W;W,F,F,F,F,F,F,F,F,F,F,F,F,F,F,F,F,F,F,F,F,F,F,F,F,F,F,F,F,F,F,F,F,W;W,W,W,W,W,W,W,W,W,W,W,W,W,W,W,F,F,F,F,F,W,W,W,W,W,W,W,W,W,W,W,W,W,W",Standard,Fade,0,1.5,0,1,Abyss
34,10,Boss,심연의 군주,0,0,413,50,56,,0,,0,0,3,false,0,0,0,,,Abyss,,"W,W,W,W,W,W,W,W,W,W,W,W,W,W,W,W,W,W,W,W,W,W,W,F,F,F,F,F,W,W,W,W,W,W,W,W,W,W,W,W,W,W,W,W,W,W,W,W,W,W;W,F,F,F,F,F,F,F,F,F,F,F,F,F,F,F,F,F,F,F,F,F,F,F,F,F,F,F,F,F,F,F,F,F,F,F,F,F,F,F,F,F,F,F,F,F,F,F,F,W;W,F,W,W,W,F,F,F,F,F,F,F,F,F,F,F,F,F,F,F,F,F,F,F,F,F,F,F,F,F,F,F,F,F,F,F,F,F,F,F,F,F,F,F,W,W,W,F,F,W;W,F,W,W,W,F,F,F,F,F,F,F,F,F,F,F,F,F,F,F,F,F,F,F,F,F,F,F,F,F,F,F,F,F,F,F,F,F,F,F,F,F,F,F,W,W,W,F,F,W;W,F,W,W,W,F,F,F,F,F,F,F,F,F,F,F,F,F,F,F,F,F,F,F,F,F,F,F,F,F,F,F,F,F,F,F,F,F,F,F,F,F,F,F,W,W,W,F,F,W;W,F,F,F,F,F,F,F,F,F,F,F,F,F,F,F,F,F,F,F,F,F,F,F,F,F,F,F,F,F,F,F,F,F,F,F,F,F,F,F,F,F,F,F,F,F,F,F,F,W;W,F,F,F,F,F,F,F,F,F,F,F,F,F,F,F,F,F,F,F,F,F,F,F,F,F,F,F,F,F,F,F,F,F,F,F,F,F,F,F,F,F,F,F,F,F,F,F,F,W;W,F,F,F,F,F,F,F,F,F,F,F,F,F,F,F,F,F,F,F,F,F,F,F,F,B,F,F,F,F,F,F,F,F,F,F,F,F,F,F,F,F,F,F,F,F,F,F,F,W;W,F,F,F,F,F,F,F,mc5r4,F,F,F,F,F,F,F,F,F,F,F,F,F,F,F,F,F,F,F,F,F,F,F,F,F,F,F,F,F,F,F,mc5r4,F,F,F,F,F,F,F,F,W;W,F,F,F,F,F,F,F,F,F,F,F,F,F,F,F,F,F,F,F,F,F,F,F,F,F,F,F,F,F,F,F,F,F,F,F,F,F,F,F,F,F,F,F,F,F,F,F,F,W;W,F,F,F,F,F,F,F,F,F,F,F,F,F,F,F,F,F,F,F,F,F,F,F,F,F,F,F,F,F,F,F,F,F,F,F,F,F,F,F,F,F,F,F,F,F,F,F,F,W;W,F,F,F,F,F,F,F,F,F,F,F,F,F,F,F,F,F,F,F,F,F,F,F,F,F,F,F,F,F,F,F,F,F,F,F,F,F,F,F,F,F,F,F,F,F,F,F,F,W;W,F,F,F,F,F,F,F,W,W,F,F,F,F,F,F,F,F,W,W,F,F,F,F,F,F,F,F,W,W,F,F,F,F,F,F,F,F,W,W,F,F,F,F,F,F,F,F,F,W;W,F,F,F,F,F,F,F,W,W,F,F,F,F,F,F,F,F,W,W,F,F,F,F,F,F,F,F,W,W,F,F,F,F,F,F,F,F,W,W,F,F,F,F,F,F,F,F,F,W;W,F,F,F,F,F,F,F,F,F,F,F,F,F,F,F,F,F,F,F,F,F,F,F,F,F,F,F,F,F,F,F,F,F,F,F,F,F,F,F,F,F,F,F,F,F,F,F,F,W;W,F,F,F,F,F,F,F,F,F,F,F,F,F,F,F,F,F,F,F,F,F,F,F,F,F,F,F,F,F,F,F,F,F,F,F,F,F,F,F,F,F,F,F,F,F,F,F,F,W;W,F,F,F,F,F,F,F,F,F,F,F,F,F,F,F,F,F,F,F,F,F,F,F,F,F,F,F,F,F,F,F,F,F,F,F,F,F,F,F,F,F,F,F,F,F,F,F,F,W;W,F,F,F,F,F,F,F,F,F,F,F,F,F,F,F,F,F,F,F,F,F,F,F,F,F,F,F,F,F,F,F,F,F,F,F,F,F,F,F,F,F,F,F,F,F,F,F,F,W;W,F,F,F,F,F,F,F,F,F,F,F,F,F,F,F,F,F,F,F,F,F,F,F,F,F,F,F,F,F,F,F,F,F,F,F,F,F,F,F,F,F,F,F,F,F,F,F,F,W;W,F,F,F,F,F,F,F,F,F,F,F,F,F,F,F,F,F,F,F,F,F,F,F,F,F,F,F,F,F,F,F,F,F,F,F,F,F,F,F,F,F,F,F,F,F,F,F,F,W;W,F,F,F,F,F,F,F,mc5r4,F,F,F,F,F,F,F,F,F,F,F,F,F,F,F,F,F,F,F,F,F,F,F,F,F,F,F,F,F,F,F,mc5r4,F,F,F,F,F,F,F,F,W;W,F,F,F,F,F,F,F,F,F,F,F,F,F,F,F,F,F,F,F,F,F,F,F,F,F,F,F,F,F,F,F,F,F,F,F,F,F,F,F,F,F,F,F,F,F,F,F,F,W;W,F,F,F,F,F,F,F,F,F,F,F,F,F,F,F,F,F,F,F,F,F,F,F,F,F,F,F,F,F,F,F,F,F,F,F,F,F,F,F,F,F,F,F,F,F,F,F,F,W;W,F,F,F,F,F,F,F,F,F,F,F,F,F,F,F,F,F,F,F,F,F,F,F,F,F,F,F,F,F,F,F,F,F,F,F,F,F,F,F,F,F,F,F,F,F,F,F,F,W;W,F,F,F,F,F,F,F,F,F,F,F,F,F,F,F,F,F,F,F,F,F,F,F,F,F,F,F,F,F,F,F,F,F,F,F,F,F,F,F,F,F,F,F,F,F,F,F,F,W;W,F,F,F,F,F,W,W,W,F,F,F,F,F,F,F,F,F,F,F,F,F,F,F,F,F,F,F,F,F,F,F,F,F,F,F,F,F,F,F,W,W,W,F,F,F,F,F,F,W;W,F,F,F,F,F,W,W,W,F,F,F,F,F,F,F,F,F,F,F,F,F,F,F,F,F,F,F,F,F,F,F,F,F,F,F,F,F,F,F,W,W,W,F,F,F,F,F,F,W;W,F,F,F,F,F,F,F,F,F,F,F,F,F,F,F,F,F,F,F,F,F,F,F,F,F,F,F,F,F,F,F,F,F,F,F,F,F,F,F,F,F,F,F,F,F,F,F,F,W;W,F,F,F,F,F,F,F,F,F,F,F,F,F,F,F,F,F,F,F,F,F,F,F,F,F,F,F,F,F,F,F,F,F,F,F,F,F,F,F,F,F,F,F,F,F,F,F,F,W;W,F,F,F,F,F,F,F,F,F,F,F,F,F,F,F,F,F,F,F,F,F,F,F,F,F,F,F,F,F,F,F,F,F,F,F,F,F,F,F,F,F,F,F,F,F,F,F,F,W;W,F,F,F,F,F,F,F,F,F,F,F,F,F,F,F,F,F,F,F,F,F,F,F,F,F,F,F,F,F,F,F,F,F,F,F,F,F,F,F,F,F,F,F,F,F,F,F,F,W;W,F,F,F,F,F,F,F,F,F,F,F,F,F,F,F,F,F,F,F,F,F,F,F,F,F,F,F,F,F,F,F,F,F,F,F,F,F,F,F,F,F,F,F,F,F,F,F,F,W;W,F,F,F,F,F,F,F,F,F,F,F,F,F,F,F,F,F,F,F,F,F,F,F,F,F,F,F,F,F,F,F,F,F,F,F,F,F,F,F,F,F,F,F,F,F,F,F,F,W;W,F,F,F,F,F,F,F,F,F,F,F,F,F,F,F,F,F,F,F,F,F,F,F,F,F,F,F,F,F,F,F,F,F,F,F,F,F,F,F,F,F,F,F,F,F,F,F,F,W;W,F,F,F,F,F,F,F,F,F,F,F,F,F,F,F,F,F,F,F,F,F,F,F,F,F,F,F,F,F,F,F,F,F,F,F,F,F,F,F,F,F,F,F,F,F,F,F,F,W;W,F,F,F,F,F,F,F,F,F,F,F,F,F,F,F,F,F,F,F,F,F,F,F,F,F,F,F,F,F,F,F,F,F,F,F,F,F,F,F,F,F,F,F,F,F,F,F,F,W;W,F,F,F,F,F,F,F,F,F,F,F,F,F,F,F,F,F,F,F,F,F,F,F,F,F,F,F,F,F,F,F,F,F,F,F,F,F,F,F,F,F,F,F,F,F,F,F,F,W;W,F,F,F,F,F,F,F,F,F,F,F,F,F,F,F,F,F,F,F,F,F,F,F,F,F,F,F,F,F,F,F,F,F,F,F,F,F,F,F,F,F,F,F,F,F,F,F,F,W;W,F,F,F,F,F,F,F,F,F,F,F,F,F,F,F,F,F,F,F,F,F,F,F,F,F,F,F,F,F,F,F,F,F,F,F,F,F,F,F,F,F,F,F,F,F,F,F,F,W;W,F,F,F,F,F,F,F,F,F,F,F,F,F,F,F,F,F,F,F,F,F,F,F,F,F,F,F,F,F,F,F,F,F,F,F,F,F,F,F,F,F,F,F,F,F,F,F,F,W;W,F,F,F,F,F,F,F,F,F,W,W,F,F,F,F,F,F,F,F,F,F,F,F,W,W,F,F,F,F,F,F,F,F,F,F,F,W,W,F,F,F,F,F,F,F,F,F,F,W;W,F,F,F,F,F,F,F,F,F,W,W,F,F,F,F,F,F,F,F,F,F,F,F,W,W,F,F,F,F,F,F,F,F,F,F,F,W,W,F,F,F,F,F,F,F,F,F,F,W;W,F,F,F,F,F,F,F,F,F,F,F,F,F,F,F,F,F,F,F,F,F,F,F,F,F,F,F,F,F,F,F,F,F,F,F,F,F,F,F,F,F,F,F,F,F,F,F,F,W;W,F,F,F,F,F,F,F,F,F,F,F,F,F,F,F,F,F,F,F,F,F,F,F,F,F,F,F,F,F,F,F,F,F,F,F,F,F,F,F,F,F,F,F,F,F,F,F,F,W;W,F,F,F,F,F,F,F,F,F,F,F,F,F,F,F,F,F,F,F,F,F,F,F,F,F,F,F,F,F,F,F,F,F,F,F,F,F,F,F,F,F,F,F,F,F,F,F,F,W;W,F,F,F,F,F,F,F,F,F,F,F,F,F,F,F,F,F,F,F,F,F,F,F,F,F,F,F,F,F,F,F,F,F,F,F,F,F,F,F,F,F,F,F,F,F,F,F,F,W;W,F,F,F,F,F,F,F,F,F,F,F,F,F,F,F,F,F,F,F,F,F,F,F,F,F,F,F,F,F,F,F,F,F,F,F,F,F,F,F,F,F,F,F,F,F,F,F,F,W;W,F,F,F,F,F,F,F,F,F,F,F,F,F,F,F,F,F,F,F,F,F,F,F,F,F,F,F,F,F,F,F,F,F,F,F,F,F,F,F,F,F,F,F,F,F,F,F,F,W;W,F,F,F,F,F,F,F,F,F,F,F,F,F,F,F,F,F,F,F,F,F,F,F,F,F,F,F,F,F,F,F,F,F,F,F,F,F,F,F,F,F,F,F,F,F,F,F,F,W;W,F,F,F,F,F,F,F,F,F,F,F,F,F,F,F,F,F,F,F,F,F,F,F,F,F,F,F,F,F,F,F,F,F,F,F,F,F,F,F,F,F,F,F,F,F,F,F,F,W;W,F,W,W,W,F,F,F,F,F,F,F,F,F,F,F,F,F,F,F,F,F,F,F,F,P,F,F,F,F,F,F,F,F,F,F,F,F,F,F,F,F,F,F,W,W,W,F,F,W;W,F,W,W,W,F,F,F,F,F,F,F,F,F,F,F,F,F,F,F,F,F,F,F,F,F,F,F,F,F,F,F,F,F,F,F,F,F,F,F,F,F,F,F,W,W,W,F,F,W;W,F,W,W,W,F,F,F,F,F,F,F,F,F,F,F,F,F,F,F,F,F,F,F,F,F,F,F,F,F,F,F,F,F,F,F,F,F,F,F,F,F,F,F,W,W,W,F,F,W;W,F,F,F,F,F,F,F,F,F,F,F,F,F,F,F,F,F,F,F,F,F,F,F,F,F,F,F,F,F,F,F,F,F,F,F,F,F,F,F,F,F,F,F,F,F,F,F,F,W;W,F,F,F,F,F,F,F,F,F,F,F,F,F,F,F,F,F,F,F,F,F,F,F,F,F,F,F,F,F,F,F,F,F,F,F,F,F,F,F,F,F,F,F,F,F,F,F,F,W;W,W,W,W,W,W,W,W,W,W,W,W,W,W,W,W,W,W,W,W,W,W,W,F,F,F,F,F,W,W,W,W,W,W,W,W,W,W,W,W,W,W,W,W,W,W,W,W,W,W",Standard,Fade,0,1.5,3,1,Abyss
