zone_index,layer_index,category,label,world_center_x,world_center_y,world_center_z,grid_width,grid_height,next_zone_indices,sink_depth,platform_prefab_key,spawn_local_x,spawn_local_z,difficulty_scale,has_hidden_reward,hidden_reward_local_x,hidden_reward_local_y,hidden_reward_local_z,hidden_reward_prefab_key,arena_template_key,theme,palette,grid_csv,layout_rule,transition_type,scatter_range,clear_overlay_delay,max_active_spawners,stat_version,corridor_style
0,0,Start,신성한 관문,0,0,0,30,30,2,0,,0,0,0,false,0,0,0,,,Sacred,,"W,W,W,W,W,W,W,W,W,W,W,W,W,F,F,F,F,F,W,W,W,W,W,W,W,W,W,W,W,W;W,F,F,F,F,F,F,F,F,F,F,F,F,F,F,F,F,F,F,F,F,F,F,F,F,F,F,F,F,W;W,F,W,W,F,F,F,F,F,F,F,F,F,F,F,F,F,F,F,F,F,F,F,F,F,W,W,F,F,W;W,F,W,W,F,F,F,F,F,F,F,F,F,F,F,F,F,F,F,F,F,F,F,F,F,W,W,F,F,W;W,F,F,F,F,F,F,F,F,F,F,F,F,F,F,F,F,F,F,F,F,F,F,F,F,F,F,F,F,W;W,F,F,F,F,F,F,F,F,F,F,F,F,F,F,F,F,F,F,F,F,F,F,F,F,F,F,F,F,W;W,F,F,F,F,F,F,F,F,F,F,F,F,F,F,F,F,F,F,F,F,F,F,F,F,F,F,F,F,W;W,F,F,F,F,F,F,F,F,F,F,F,F,F,F,F,F,F,F,F,F,F,F,F,F,F,F,F,F,W;W,F,F,F,WP0,F,F,F,F,F,F,WP1,F,F,F,F,F,F,WP2,F,F,F,F,F,F,WP3,F,F,F,W;W,F,F,F,F,F,F,F,F,F,F,F,F,F,F,F,F,F,F,F,F,F,F,F,F,F,F,F,F,W;W,F,F,F,F,F,F,F,F,F,F,F,F,F,F,F,F,F,F,F,F,F,F,F,F,F,F,F,F,W;W,F,F,F,F,F,F,F,F,F,F,F,F,F,F,F,F,F,F,F,F,F,F,F,F,F,F,F,F,W;W,F,F,F,F,F,F,F,F,F,F,F,F,F,F,F,F,F,F,F,F,F,F,F,F,F,F,F,F,W;W,F,F,F,F,F,F,F,F,F,F,F,F,F,F,F,F,F,F,F,F,F,F,F,F,F,F,F,F,W;W,F,F,F,F,F,F,F,F,F,F,F,F,F,F,F,F,F,F,F,F,F,F,F,F,F,F,F,F,W;W,F,F,F,F,F,F,F,F,CP0,F,F,F,F,F,F,F,F,F,F,F,CP1,F,F,F,F,F,F,F,W;W,F,F,F,F,F,F,F,F,F,F,F,F,F,F,F,F,F,F,F,F,F,F,F,F,F,F,F,F,W;W,F,F,F,F,F,F,F,F,F,F,F,F,F,F,F,F,F,F,F,F,F,F,F,F,F,F,F,F,W;W,F,F,F,F,F,F,F,F,F,F,F,F,F,F,F,F,F,F,F,F,F,F,F,F,F,F,F,F,W;W,F,F,F,F,F,F,F,F,F,F,F,F,F,F,F,F,F,F,F,F,F,F,F,F,F,F,F,F,W;W,F,F,F,F,F,F,F,F,F,F,F,F,F,F,F,F,F,F,F,F,F,F,F,F,F,F,F,F,W;W,F,F,F,F,F,F,F,F,F,F,F,F,F,F,F,F,F,F,F,F,F,F,F,F,F,F,F,F,W;W,F,F,F,F,F,F,F,F,F,F,F,F,F,F,F,F,F,F,F,F,F,F,F,F,F,F,F,F,W;W,F,F,F,F,F,F,F,F,F,F,F,F,F,P,F,F,F,F,F,F,F,F,F,F,F,F,F,F,W;W,F,F,F,F,F,F,F,F,F,F,F,F,F,F,F,F,F,F,F,F,F,F,F,F,F,F,F,F,W;W,F,W,W,F,F,F,F,F,F,F,F,F,F,F,F,F,F,F,F,F,F,F,F,F,W,W,F,F,W;W,F,W,W,F,F,F,F,F,F,F,F,F,F,F,F,F,F,F,F,F,F,F,F,F,W,W,F,F,W;W,F,F,F,F,F,F,F,F,F,F,F,F,F,F,F,F,F,F,F,F,F,F,F,F,F,F,F,F,W;W,F,F,F,F,F,F,F,F,F,F,F,F,F,F,F,F,F,F,F,F,F,F,F,F,F,F,F,F,W;W,W,W,W,W,W,W,W,W,W,W,W,W,W,W,W,W,W,W,W,W,W,W,W,W,W,W,W,W,W",Standard,Fade,0,1.5,0,1,Sacred
1,1,Normal,빛의 회랑,-34,0,33,32,32,2|5,0,,0,0,0.8,false,0,0,0,,,Sacred,,"W,W,W,W,W,W,W,W,W,W,W,W,W,W,F,F,F,F,F,W,W,W,W,W,W,W,W,W,W,W,W,W;W,F,F,F,F,F,F,F,F,F,F,F,F,F,F,F,F,F,F,F,F,F,F,F,F,F,F,F,F,F,F,W;W,F,W,W,F,F,F,F,F,F,F,F,F,F,F,F,F,F,F,F,F,F,F,F,F,F,F,W,W,F,F,W;W,F,W,W,F,F,F,F,F,F,F,F,F,F,F,F,F,F,F,F,F,F,F,F,F,F,F,W,W,F,F,W;W,F,F,F,F,F,F,F,F,F,F,F,F,F,F,F,F,F,F,F,F,F,F,F,F,F,F,F,F,F,F,W;W,F,F,F,O,F,F,F,F,F,F,F,F,F,F,F,F,F,F,F,F,F,F,F,F,F,F,O,F,F,F,W;W,F,F,F,O,F,F,F,F,F,F,F,F,F,F,F,F,F,F,F,F,F,F,F,F,F,F,O,F,F,F,W;W,F,F,F,F,F,F,F,F,F,F,F,F,F,F,F,F,F,F,F,F,F,F,F,F,F,F,F,F,F,F,W;W,F,F,F,F,F,F,F,F,F,F,F,F,F,F,F,mc7r5,F,F,F,F,F,F,F,F,F,F,F,F,F,F,W;W,F,F,F,F,F,F,F,F,F,F,F,F,F,F,F,F,F,F,F,F,F,F,F,F,F,F,F,F,F,F,W;W,F,F,F,F,F,F,F,F,F,F,F,F,F,F,F,F,F,F,F,F,F,F,F,F,F,F,F,F,F,F,W;W,F,F,F,F,F,F,F,F,F,F,F,F,F,F,F,F,F,F,F,F,F,F,F,F,F,F,F,F,F,F,W;W,F,F,F,F,F,F,F,F,F,F,F,F,F,F,F,F,F,F,F,F,F,F,F,F,F,F,F,F,F,F,W;W,F,F,F,F,F,F,F,F,F,F,F,F,F,F,F,F,F,F,F,F,F,F,F,F,F,F,F,F,F,F,W;W,F,F,F,F,F,F,F,F,F,F,F,F,F,F,F,F,F,F,F,F,F,F,F,F,F,F,F,F,F,F,W;W,F,F,F,F,F,F,F,F,F,F,F,F,F,F,F,F,F,F,F,F,F,F,F,F,F,F,F,F,F,F,W;W,F,F,F,F,F,F,F,mc7r5,F,F,F,F,F,F,F,P,F,F,F,F,F,mc7r5,F,F,F,F,F,F,F,F,W;W,F,F,F,F,F,F,F,F,F,F,F,F,F,F,F,F,F,F,F,F,F,F,F,F,F,F,F,F,F,F,W;W,F,F,F,F,F,F,F,F,F,F,F,F,F,F,F,F,F,F,F,F,F,F,F,F,F,F,F,F,F,F,W;W,F,F,F,F,F,F,F,F,F,F,F,F,F,F,F,F,F,F,F,F,F,F,F,F,F,F,F,F,F,F,W;W,F,F,F,F,F,F,F,F,F,F,F,F,F,F,F,F,F,F,F,F,F,F,F,F,F,F,F,F,F,F,W;W,F,F,F,F,F,F,F,F,F,F,F,F,F,F,F,F,F,F,F,F,F,F,F,F,F,F,F,F,F,F,W;W,F,F,F,F,F,F,F,F,F,F,F,F,F,F,F,mc7r5,F,F,F,F,F,F,F,F,F,F,F,F,F,F,W;W,F,F,F,F,F,F,F,F,F,F,F,F,F,F,F,F,F,F,F,F,F,F,F,F,F,F,F,F,F,F,W;W,F,F,F,F,F,F,F,F,F,F,F,F,F,F,F,F,F,F,F,F,F,F,F,F,F,F,F,F,F,F,W;W,F,F,F,O,F,F,F,F,F,F,F,F,F,F,F,F,F,F,F,F,F,F,F,F,F,F,O,F,F,F,W;W,F,F,F,O,F,F,F,F,F,F,F,F,F,F,F,F,F,F,F,F,F,F,F,F,F,F,O,F,F,F,W;W,F,W,W,F,F,F,F,F,F,F,F,F,F,F,F,F,F,F,F,F,F,F,F,F,F,F,W,W,F,F,W;W,F,W,W,F,F,F,F,F,F,F,F,F,F,F,F,F,F,F,F,F,F,F,F,F,F,F,W,W,F,F,W;W,F,F,F,F,F,F,F,F,F,F,F,F,F,F,F,F,F,F,F,F,F,F,F,F,F,F,F,F,F,F,W;W,F,F,F,F,F,F,F,F,F,F,F,F,F,F,F,F,F,F,F,F,F,F,F,F,F,F,F,F,F,F,W;W,W,W,W,W,W,W,W,W,W,W,W,W,W,F,F,F,F,F,W,W,W,W,W,W,W,W,W,W,W,W,W",Standard,Fade,0,1.5,3,1,Sacred
2,1,Normal,성소 초입,0,0,33,32,32,1|3|6,0,,0,0,0.8,false,0,0,0,,,Sacred,,"W,W,W,W,W,W,W,W,W,W,W,W,W,W,F,F,F,F,F,W,W,W,W,W,W,W,W,W,W,W,W,W;W,F,F,F,F,F,F,F,F,F,F,F,F,F,F,F,F,F,F,F,F,F,F,F,F,F,F,F,F,F,F,W;W,F,F,F,F,F,F,F,F,F,F,F,F,F,F,F,F,F,F,F,F,F,F,F,F,F,F,F,F,F,F,W;W,F,F,F,F,F,F,F,F,F,F,F,F,F,F,F,F,F,F,F,F,F,F,F,F,F,F,F,F,F,F,W;W,F,F,F,F,F,F,F,F,F,F,F,F,F,F,F,F,F,F,F,F,F,F,F,F,F,F,F,F,F,F,W;W,F,F,F,F,F,F,F,F,F,F,F,F,F,F,F,F,F,F,F,F,F,F,F,F,F,F,F,F,F,F,W;W,F,F,F,F,F,F,F,F,F,F,F,F,F,F,F,F,F,F,F,F,F,F,F,F,F,F,F,F,F,F,W;W,F,F,F,F,F,F,F,F,F,F,F,F,F,F,F,F,F,F,F,F,F,F,F,F,F,F,F,F,F,F,W;W,F,F,F,F,F,F,F,mc7r5,F,F,F,F,F,F,F,F,F,F,F,F,F,mc7r5,F,F,F,F,F,F,F,F,W;W,F,F,F,F,F,F,F,F,F,F,F,F,F,F,F,F,F,F,F,F,F,F,F,F,F,F,F,F,F,F,W;W,F,F,F,F,F,F,F,F,F,W,W,F,F,F,F,F,F,F,W,W,F,F,F,F,F,F,F,F,F,F,W;W,F,F,F,F,F,F,F,F,F,W,W,F,F,F,F,F,F,F,W,W,F,F,F,F,F,F,F,F,F,F,W;W,F,F,F,F,F,F,F,F,F,F,F,O,F,F,F,F,F,F,O,F,F,F,F,F,F,F,F,F,F,F,W;W,F,F,F,F,F,F,F,F,F,F,F,F,F,F,F,F,F,F,F,F,F,F,F,F,F,F,F,F,F,F,W;W,F,F,F,F,F,F,F,F,F,F,F,F,F,F,F,F,F,F,F,F,F,F,F,F,F,F,F,F,F,F,W;W,F,F,F,F,F,F,F,F,F,F,F,F,F,F,F,F,F,F,F,F,F,F,F,F,F,F,F,F,F,F,W;W,F,F,F,F,F,F,F,F,F,F,F,F,F,F,F,P,F,F,F,F,F,F,F,F,F,F,F,F,F,F,W;W,F,F,F,F,F,F,F,F,F,F,F,F,F,F,F,F,F,F,F,F,F,F,F,F,F,F,F,F,F,F,W;W,F,F,F,F,F,F,F,F,F,F,F,F,F,F,F,F,F,F,F,F,F,F,F,F,F,F,F,F,F,F,W;W,F,F,F,F,F,F,F,F,F,W,W,O,F,F,F,F,F,F,W,W,O,F,F,F,F,F,F,F,F,F,W;W,F,F,F,F,F,F,F,F,F,W,W,F,F,F,F,F,F,F,W,W,F,F,F,F,F,F,F,F,F,F,W;W,F,F,F,F,F,F,F,F,F,F,F,F,F,F,F,F,F,F,F,F,F,F,F,F,F,F,F,F,F,F,W;W,F,F,F,F,F,F,F,mc7r5,F,F,F,F,F,F,F,F,F,F,F,F,F,mc7r5,F,F,F,F,F,F,F,F,W;W,F,F,F,F,F,F,F,F,F,F,F,F,F,F,F,F,F,F,F,F,F,F,F,F,F,F,F,F,F,F,W;W,F,F,F,F,F,F,F,F,F,F,F,F,F,F,F,F,F,F,F,F,F,F,F,F,F,F,F,F,F,F,W;W,F,F,F,F,F,F,F,F,F,F,F,F,F,F,F,F,F,F,F,F,F,F,F,F,F,F,F,F,F,F,W;W,F,F,F,F,F,F,F,F,F,F,F,F,F,F,F,F,F,F,F,F,F,F,F,F,F,F,F,F,F,F,W;W,F,F,F,F,F,F,F,F,F,F,F,F,F,F,F,F,F,F,F,F,F,F,F,F,F,F,F,F,F,F,W;W,F,F,F,F,F,F,F,F,F,F,F,F,F,F,F,F,F,F,F,F,F,F,F,F,F,F,F,F,F,F,W;W,F,F,F,F,F,F,F,F,F,F,F,F,F,F,F,F,F,F,F,F,F,F,F,F,F,F,F,F,F,F,W;W,F,F,F,F,F,F,F,F,F,F,F,F,F,F,F,F,F,F,F,F,F,F,F,F,F,F,F,F,F,F,W;W,W,W,W,W,W,W,W,W,W,W,W,W,W,F,F,F,F,F,W,W,W,W,W,W,W,W,W,W,W,W,W",Standard,Fade,0,1.5,3,1,Sacred
3,1,Normal,신성한 숲,34,0,33,32,32,2|7,0,,0,0,0.8,false,0,0,0,,,Sacred,,"W,W,W,W,W,W,W,W,W,W,W,W,W,W,F,F,F,F,F,W,W,W,W,W,W,W,W,W,W,W,W,W;W,F,F,F,F,F,F,F,F,F,F,F,F,F,F,F,F,F,F,F,F,F,F,F,F,F,F,F,F,F,F,W;W,F,F,F,F,F,F,F,F,F,F,F,F,F,F,F,F,F,F,F,F,F,F,F,F,F,F,F,F,F,F,W;W,F,F,F,F,F,F,F,F,F,F,F,F,F,F,F,F,F,F,F,F,F,F,F,F,F,F,F,F,F,F,W;W,F,F,F,W,W,F,F,F,F,F,F,F,F,F,F,F,F,F,F,F,F,F,F,F,F,F,F,F,F,F,W;W,F,F,F,W,W,F,F,F,F,F,F,F,F,F,F,O,O,F,F,F,F,F,F,F,F,F,F,F,F,F,W;W,F,F,F,F,F,P,W,W,F,F,F,F,F,F,F,F,F,F,F,F,F,F,F,F,F,F,F,F,F,F,W;W,F,F,F,F,F,F,W,W,F,F,F,F,F,F,F,F,F,F,F,F,F,F,F,F,F,F,F,F,F,F,W;W,F,F,F,F,F,F,F,F,F,F,F,F,F,F,F,F,F,F,F,F,F,mc7r5,F,F,F,F,F,F,F,F,W;W,F,F,F,F,F,F,F,F,F,F,F,F,F,F,F,F,F,F,F,F,F,F,F,F,F,F,F,F,F,F,W;W,F,F,F,F,F,F,F,F,F,mc7r5,F,F,F,F,F,F,F,F,F,F,F,F,F,F,F,F,F,F,F,F,W;W,F,F,F,F,F,F,F,F,F,F,F,F,F,F,F,F,F,F,F,F,F,F,F,F,F,F,F,F,F,F,W;W,F,F,F,F,F,F,F,F,F,F,F,F,F,F,F,F,F,F,F,F,F,F,F,F,F,F,F,F,F,F,W;W,F,F,F,F,F,F,F,F,F,F,F,F,F,F,F,F,F,F,F,F,F,F,F,F,F,F,F,F,F,F,W;W,F,F,F,F,O,F,F,F,F,F,F,F,F,F,F,F,F,F,F,F,F,F,F,F,F,O,F,F,F,F,W;W,F,F,F,F,F,F,F,F,F,F,F,F,F,F,F,F,F,F,F,F,F,F,F,F,F,F,F,F,F,F,W;W,F,F,F,F,F,F,F,F,F,F,F,F,F,F,F,F,F,F,F,F,F,F,F,F,F,F,F,F,F,F,W;W,F,F,F,F,F,F,F,F,F,F,F,F,F,F,F,F,F,F,F,F,F,F,F,F,F,F,F,F,F,F,W;W,F,F,F,F,F,F,F,F,F,F,F,F,F,F,F,F,F,F,F,F,F,F,F,F,F,F,F,F,F,F,W;W,F,F,F,F,F,F,F,F,F,F,F,F,F,F,F,F,F,F,F,F,F,F,F,F,F,F,F,F,F,F,W;W,F,F,F,F,F,F,F,F,F,F,F,F,F,F,F,F,F,F,F,mc7r5,F,F,F,F,F,F,F,F,F,F,W;W,F,F,F,F,F,F,F,F,F,F,F,F,F,F,F,F,F,F,F,F,F,F,F,F,F,F,F,F,F,F,W;W,F,F,F,F,F,F,F,mc7r5,F,F,F,F,F,F,F,F,F,F,F,F,F,F,F,F,W,W,F,F,F,F,W;W,F,F,F,F,F,F,F,F,F,F,F,F,F,F,F,F,F,F,F,F,F,F,F,F,W,W,F,F,F,F,W;W,F,F,F,F,F,F,F,F,F,F,F,F,F,F,F,F,F,F,F,F,F,W,W,F,F,F,F,F,F,F,W;W,F,F,F,F,F,F,F,F,F,F,F,F,O,O,F,F,F,F,F,F,F,W,W,F,F,F,F,F,F,F,W;W,F,F,F,F,F,F,F,F,F,F,F,F,F,F,F,F,F,F,F,F,F,F,F,F,F,F,F,F,F,F,W;W,F,F,F,F,F,F,F,F,F,F,F,F,F,F,F,F,F,F,F,F,F,F,F,F,F,F,F,F,F,F,W;W,F,F,F,F,F,F,F,F,F,F,F,F,F,F,F,F,F,F,F,F,F,F,F,F,F,F,F,F,F,F,W;W,F,F,F,F,F,F,F,F,F,F,F,F,F,F,F,F,F,F,F,F,F,F,F,F,F,F,F,F,F,F,W;W,F,F,F,F,F,F,F,F,F,F,F,F,F,F,F,F,F,F,F,F,F,F,F,F,F,F,F,F,F,F,W;W,W,W,W,W,W,W,W,W,W,W,W,W,W,F,F,F,F,F,W,W,W,W,W,W,W,W,W,W,W,W,W",Standard,Fade,0,1.5,3,1,Sacred
4,2,Normal,성소 외곽,-72,0,70,32,32,5|9,0,,0,0,1.1,true,10,0,10,hidden_reward_chest,,Sacred,,"W,W,W,W,W,W,W,W,W,W,W,W,W,W,F,F,F,F,F,W,W,W,W,W,W,W,W,W,W,W,W,W;W,F,F,F,F,F,F,F,F,F,F,F,F,F,F,F,F,F,F,F,F,F,F,F,F,F,F,F,F,F,F,W;W,F,F,F,F,F,F,F,F,F,F,F,F,F,F,F,F,F,F,F,F,F,F,F,F,F,F,F,F,F,F,W;W,F,F,F,F,F,F,F,F,F,F,F,F,F,F,F,F,F,F,F,F,F,F,F,F,F,F,F,F,F,F,W;W,F,F,F,F,F,F,F,F,F,F,F,F,F,F,F,F,F,F,F,F,F,F,F,F,F,F,F,F,F,F,W;W,F,F,F,F,F,F,F,F,F,F,F,F,F,F,F,F,F,F,F,F,F,F,F,F,F,F,F,F,F,F,W;W,F,F,F,F,F,F,F,F,F,F,F,F,F,F,F,F,F,F,F,F,F,F,F,F,F,F,F,F,F,F,W;W,F,F,F,F,F,F,F,F,F,F,F,F,F,F,F,F,F,F,F,F,F,F,F,F,F,F,F,F,F,F,W;W,F,F,F,F,F,mc7r5,F,F,F,F,F,F,F,F,F,F,F,F,F,F,F,F,F,mc7r5,F,F,F,F,F,F,W;W,F,F,F,F,F,F,F,F,F,F,F,F,F,F,F,F,F,F,F,F,F,F,F,F,F,F,F,F,F,F,W;W,F,F,F,F,F,F,F,F,F,F,F,F,F,F,F,F,F,F,F,F,F,F,F,F,F,F,F,F,F,F,W;W,F,F,F,F,F,F,F,F,F,F,F,F,F,F,F,F,F,F,F,F,F,F,F,F,F,F,F,F,F,F,W;W,F,F,F,F,F,F,F,F,F,F,F,F,F,F,F,F,F,F,F,F,F,F,F,F,F,F,F,F,F,F,W;W,F,F,F,F,F,F,F,W,F,F,F,F,F,F,F,F,F,F,F,F,F,W,F,F,F,F,F,F,F,F,W;W,F,F,F,F,F,F,F,W,F,F,F,F,F,F,F,F,F,F,F,F,F,W,F,F,F,F,F,F,F,F,W;W,F,F,F,F,F,F,F,W,F,F,F,F,F,F,F,F,F,F,F,F,F,W,F,F,F,F,F,F,F,F,W;W,F,F,F,F,F,F,F,W,F,F,F,F,F,F,F,P,F,F,F,F,F,W,F,F,F,F,F,F,F,F,W;W,F,F,F,F,F,F,F,F,F,F,F,F,F,F,F,F,F,F,F,F,F,F,F,F,F,F,F,F,F,F,W;W,F,F,F,F,F,F,F,F,F,F,F,F,F,F,F,F,F,F,F,F,F,F,F,F,F,F,F,F,F,F,W;W,F,F,F,F,F,F,F,F,F,F,F,F,F,F,F,F,F,F,F,F,F,F,F,F,F,F,F,F,F,F,W;W,F,F,F,F,F,F,F,F,F,F,F,F,F,F,F,F,F,F,F,F,F,F,F,F,F,F,F,F,F,F,W;W,F,F,F,F,F,F,F,F,F,F,F,F,F,F,F,F,F,F,F,F,F,F,F,F,F,F,F,F,F,F,W;W,F,F,F,F,F,mc7r5,F,F,F,F,F,F,F,F,F,F,F,F,F,F,F,F,F,mc7r5,F,F,F,F,F,F,W;W,F,F,F,F,F,F,F,F,F,F,F,F,F,F,F,F,F,F,F,F,F,F,F,F,F,F,F,F,F,F,W;W,F,F,F,F,F,F,F,F,F,F,F,F,F,F,F,F,F,F,F,F,F,F,F,F,F,F,F,F,F,F,W;W,F,F,F,F,F,F,F,F,F,F,F,F,F,F,F,F,F,F,F,F,F,F,F,F,F,F,F,F,F,F,W;W,F,F,F,F,F,F,F,F,F,F,F,F,F,F,F,F,F,F,F,F,F,F,F,F,F,F,F,F,F,F,W;W,F,F,F,F,F,F,F,F,F,F,F,F,F,F,F,F,F,F,F,F,F,F,F,F,F,F,F,F,F,F,W;W,F,F,F,F,F,F,F,F,F,F,F,F,F,F,F,F,F,F,F,F,F,F,F,F,F,F,F,F,F,F,W;W,F,F,F,F,F,F,F,F,F,F,F,F,F,F,F,F,F,F,F,F,F,F,F,F,F,F,F,F,F,F,W;W,F,F,F,F,F,F,F,F,F,F,F,F,F,F,F,F,F,F,F,F,F,F,F,F,F,F,F,F,F,F,W;W,W,W,W,W,W,W,W,W,W,W,W,W,W,F,F,F,F,F,W,W,W,W,W,W,W,W,W,W,W,W,W",Standard,Fade,0,1.5,3,1,Sacred
5,2,Shop,성스러운 상인,-36,0,70,30,38,4|6|10,0,,0,0,0,false,0,0,0,,,Sacred,,"W,W,W,W,W,W,W,W,W,W,W,W,W,F,F,F,F,F,W,W,W,W,W,W,W,W,W,W,W,W;W,F,F,F,F,F,F,F,F,F,F,F,F,F,F,F,F,F,F,F,F,F,F,F,F,F,F,F,F,W;W,F,F,F,F,F,F,F,F,F,F,F,F,F,F,F,F,F,F,F,F,F,F,F,F,F,F,F,F,W;W,F,F,F,F,F,F,F,F,F,F,F,F,F,F,F,F,F,F,F,F,F,F,F,F,F,F,F,F,W;W,F,F,F,F,F,F,F,F,F,F,F,F,F,F,F,F,F,F,F,F,F,F,F,F,F,F,F,F,W;W,F,F,F,F,F,F,F,F,F,F,F,F,F,F,F,F,F,F,F,F,F,F,F,F,F,F,F,F,W;W,F,F,F,W,W,W,F,F,W,W,W,F,F,F,F,W,W,W,F,F,W,W,W,F,F,F,F,F,W;W,F,F,F,F,Sw,F,F,F,F,Si,F,F,F,F,F,F,Sw,F,F,F,F,Si,F,F,F,F,F,F,W;W,F,F,F,F,F,F,F,F,F,F,F,F,F,F,F,F,F,F,F,F,F,F,F,F,F,F,F,F,W;W,F,F,F,F,F,F,F,F,F,F,F,F,F,F,F,F,F,F,F,F,F,F,F,F,F,F,F,F,W;W,F,F,F,F,F,F,F,F,F,F,F,F,F,F,P,F,F,F,F,F,F,F,F,F,F,F,F,F,W;W,F,F,F,F,F,F,F,F,F,F,F,F,F,F,F,F,F,F,F,F,F,F,F,F,F,F,F,F,W;W,F,F,F,F,F,F,F,F,F,F,F,F,F,F,F,F,F,F,F,F,F,F,F,F,F,F,F,F,W;W,F,F,F,F,F,F,F,F,F,F,F,F,F,F,F,F,F,F,F,F,F,F,F,F,F,F,F,F,W;W,F,F,F,F,F,F,F,F,F,F,F,F,F,F,F,F,F,F,F,F,F,F,F,F,F,F,F,F,W;W,F,F,F,F,F,F,F,F,F,F,F,F,F,F,F,F,F,F,F,F,F,F,F,F,F,F,F,F,W;W,F,F,F,F,F,F,F,F,F,F,F,F,F,F,F,F,F,F,F,F,F,F,F,F,F,F,F,F,W;W,F,F,F,F,F,F,F,F,F,F,F,F,F,F,F,F,F,F,F,F,F,F,F,F,F,F,F,F,W;W,F,F,F,F,F,F,F,F,F,F,F,F,F,F,F,F,F,F,F,F,F,F,F,F,F,F,F,F,W;W,F,F,F,F,F,F,F,F,F,F,F,F,F,F,F,F,F,F,F,F,F,F,F,F,F,F,F,F,W;W,F,F,F,F,F,F,F,F,F,F,F,F,F,F,F,F,F,F,F,F,F,F,F,F,F,F,F,F,W;W,F,F,F,F,F,F,F,F,F,F,F,F,F,F,F,F,F,F,F,F,F,F,F,F,F,F,F,F,W;W,F,F,F,F,F,F,F,F,F,F,F,F,F,F,F,F,F,F,F,F,F,F,F,F,F,F,F,F,W;W,F,F,F,F,F,F,F,F,F,F,F,F,F,F,F,F,F,F,F,F,F,F,F,F,F,F,F,F,W;W,F,F,F,F,F,F,F,F,F,F,F,F,F,F,F,F,F,F,F,F,F,F,F,F,F,F,F,F,W;W,F,F,F,F,F,F,F,F,F,F,F,F,F,F,F,F,F,F,F,F,F,F,F,F,F,F,F,F,W;W,F,F,F,F,F,F,F,F,F,F,F,F,F,F,F,F,F,F,F,F,F,F,F,F,F,F,F,F,W;W,F,F,F,F,F,F,F,F,F,F,F,F,F,F,F,F,F,F,F,F,F,F,F,F,F,F,F,F,W;W,F,F,F,F,F,F,F,F,F,F,F,F,F,F,F,F,F,F,F,F,F,F,F,F,F,F,F,F,W;W,F,F,F,F,F,F,F,F,F,F,F,F,F,F,F,F,F,F,F,F,F,F,F,F,F,F,F,F,W;W,F,F,F,F,F,F,F,F,F,F,F,F,F,F,F,F,F,F,F,F,F,F,F,F,F,F,F,F,W;W,F,F,F,F,F,F,F,F,F,F,F,F,F,F,F,F,F,F,F,F,F,F,F,F,F,F,F,F,W;W,F,F,F,F,F,F,F,F,F,F,F,F,F,F,F,F,F,F,F,F,F,F,F,F,F,F,F,F,W;W,F,F,F,F,F,F,F,F,F,F,F,F,F,F,F,F,F,F,F,F,F,F,F,F,F,F,F,F,W;W,F,F,F,F,F,F,F,F,F,F,F,F,F,F,F,F,F,F,F,F,F,F,F,F,F,F,F,F,W;W,F,F,F,F,F,F,F,F,F,F,F,F,F,F,F,F,F,F,F,F,F,F,F,F,F,F,F,F,W;W,F,F,F,F,F,F,F,F,F,F,F,F,F,F,F,F,F,F,F,F,F,F,F,F,F,F,F,F,W;W,W,W,W,W,W,W,W,W,W,W,W,W,F,F,F,F,F,W,W,W,W,W,W,W,W,W,W,W,W",Standard,Fade,0,1.5,0,1,Sacred
6,2,Normal,신성 제단,0,0,70,34,36,5|7|11,0,,0,0,1.1,false,0,0,0,,,Sacred,,"W,W,W,W,W,W,W,W,W,W,W,W,W,W,W,F,F,F,F,F,W,W,W,W,W,W,W,W,W,W,W,W,W,W;W,F,F,F,F,F,F,F,F,F,F,F,F,F,F,F,F,F,F,F,F,F,F,F,F,F,F,F,F,F,F,F,F,W;W,F,F,F,F,F,F,F,F,F,F,F,F,F,F,F,F,F,F,F,F,F,F,F,F,F,F,F,F,F,F,F,F,W;W,F,F,F,F,F,F,F,F,F,F,F,F,F,F,W,W,F,F,F,F,F,F,F,F,F,F,F,F,F,F,F,F,W;W,F,F,F,F,F,F,F,F,F,F,F,F,F,F,W,W,F,F,F,F,F,F,F,F,F,F,F,F,F,F,F,F,W;W,F,F,F,F,F,F,F,F,F,F,F,F,F,F,F,F,F,F,F,F,F,F,F,F,F,F,F,F,F,F,F,F,W;W,F,F,F,F,F,F,F,F,F,F,F,F,F,F,F,F,F,F,F,F,F,F,F,F,F,F,F,F,F,F,F,F,W;W,F,F,F,F,F,F,F,F,F,F,F,F,F,F,F,F,F,F,F,F,F,F,F,F,F,F,F,F,F,F,F,F,W;W,F,F,F,F,F,F,F,F,F,F,F,F,F,F,F,F,F,F,F,F,F,F,F,F,F,F,F,F,F,F,F,F,W;W,F,F,F,F,F,F,F,mc7r5,F,F,F,F,F,F,F,F,F,F,F,F,F,F,F,F,mc7r5,F,F,F,F,F,F,F,W;W,F,F,F,F,F,F,F,F,F,F,F,F,F,F,F,F,F,F,F,F,F,F,F,F,F,F,F,F,F,F,F,F,W;W,F,F,F,F,F,F,F,F,F,F,F,F,F,F,F,F,F,F,F,F,F,F,F,F,F,F,F,F,F,F,F,F,W;W,F,F,F,F,F,F,F,F,F,F,F,F,F,F,F,F,F,F,F,F,F,F,F,F,F,F,F,F,F,F,F,F,W;W,F,F,F,F,F,F,F,F,F,F,F,F,F,F,F,F,F,F,F,F,F,F,F,F,F,F,F,F,F,F,F,F,W;W,F,F,F,F,F,F,F,F,F,F,F,F,F,F,F,F,F,F,F,F,F,F,F,F,F,F,F,F,F,F,F,F,W;W,F,F,W,W,F,F,F,F,F,F,F,F,F,F,F,F,F,F,F,F,F,F,F,F,F,F,F,F,W,W,F,F,W;W,F,F,W,W,F,F,F,F,F,F,F,F,F,F,W,W,W,F,F,F,F,F,F,F,F,F,F,F,W,W,F,F,W;W,F,F,F,F,F,F,F,F,F,F,F,F,F,F,W,W,W,F,F,F,F,F,F,F,F,F,F,F,F,F,F,F,W;W,F,F,F,F,F,F,F,F,F,F,F,F,F,F,W,W,W,P,F,F,F,F,F,F,F,F,F,F,F,F,F,F,W;W,F,F,F,F,F,F,F,F,F,F,F,F,F,F,F,F,F,F,F,F,F,F,F,F,F,F,F,F,F,F,F,F,W;W,F,F,F,F,F,F,F,F,F,F,F,F,F,F,F,F,F,F,F,F,F,F,F,F,F,F,F,F,F,F,F,F,W;W,F,F,F,F,F,F,F,F,F,F,F,F,F,F,F,F,F,F,F,F,F,F,F,F,F,F,F,F,F,F,F,F,W;W,F,F,F,F,F,F,F,F,F,F,F,F,F,F,F,F,F,F,F,F,F,F,F,F,F,F,F,F,F,F,F,F,W;W,F,F,F,F,F,F,F,F,F,F,F,F,F,F,F,F,F,F,F,F,F,F,F,F,F,F,F,F,F,F,F,F,W;W,F,F,F,F,F,F,F,F,F,F,F,F,F,F,F,F,F,F,F,F,F,F,F,F,F,F,F,F,F,F,F,F,W;W,F,F,F,F,F,F,F,mc7r5,F,F,F,F,F,F,F,F,F,F,F,F,F,F,F,F,mc7r5,F,F,F,F,F,F,F,W;W,F,F,F,F,F,F,F,F,F,F,F,F,F,F,F,F,F,F,F,F,F,F,F,F,F,F,F,F,F,F,F,F,W;W,F,F,F,F,F,F,F,F,F,F,F,F,F,F,F,F,F,F,F,F,F,F,F,F,F,F,F,F,F,F,F,F,W;W,F,F,F,F,F,F,F,F,F,F,F,F,F,F,F,F,F,F,F,F,F,F,F,F,F,F,F,F,F,F,F,F,W;W,F,F,F,F,F,F,F,F,F,F,F,F,F,F,W,W,F,F,F,F,F,F,F,F,F,F,F,F,F,F,F,F,W;W,F,F,F,F,F,F,F,F,F,F,F,F,F,F,W,W,F,F,F,F,F,F,F,F,F,F,F,F,F,F,F,F,W;W,F,F,F,F,F,F,F,F,F,F,F,F,F,F,F,F,F,F,F,F,F,F,F,F,F,F,F,F,F,F,F,F,W;W,F,F,F,F,F,F,F,F,F,F,F,F,F,F,F,F,F,F,F,F,F,F,F,F,F,F,F,F,F,F,F,F,W;W,F,F,F,F,F,F,F,F,F,F,F,F,F,F,F,F,F,F,F,F,F,F,F,F,F,F,F,F,F,F,F,F,W;W,F,F,F,F,F,F,F,F,F,F,F,F,F,F,F,F,F,F,F,F,F,F,F,F,F,F,F,F,F,F,F,F,W;W,W,W,W,W,W,W,W,W,W,W,W,W,W,W,F,F,F,F,F,W,W,W,W,W,W,W,W,W,W,W,W,W,W",Standard,Fade,0,1.5,3,1,Sacred
7,2,Shop,빛의 상점,36,0,70,30,38,6|8|12,0,,0,0,0,false,0,0,0,,,Sacred,,"W,W,W,W,W,W,W,W,W,W,W,W,W,F,F,F,F,F,W,W,W,W,W,W,W,W,W,W,W,W;W,F,F,F,F,F,F,F,F,F,F,F,F,F,F,F,F,F,F,F,F,F,F,F,F,F,F,F,F,W;W,F,F,F,F,F,F,F,F,F,F,F,F,F,F,F,F,F,F,F,F,F,F,F,F,F,F,F,F,W;W,F,F,W,W,W,F,F,F,W,W,W,F,F,W,W,W,F,F,F,F,F,F,F,F,F,F,F,F,W;W,F,F,F,Sw,F,F,F,F,F,Si,F,F,F,F,Sw,F,F,F,F,F,F,F,F,F,F,F,F,F,W;W,F,F,F,F,F,F,F,F,F,F,F,F,F,F,F,F,F,W,W,W,W,W,W,W,W,F,F,F,W;W,F,F,F,F,F,F,F,F,F,F,F,F,F,F,F,F,F,W,F,F,F,F,F,F,F,F,F,F,W;W,F,F,F,F,F,F,F,F,F,F,F,F,F,F,F,F,F,W,F,F,F,F,F,F,F,F,F,F,W;W,F,F,F,F,F,F,F,F,F,F,F,F,F,F,F,F,F,W,F,F,F,F,F,F,F,F,F,F,W;W,F,F,F,F,F,F,F,F,F,F,F,F,F,F,F,F,F,W,F,F,F,F,F,F,F,F,F,F,W;W,F,F,F,F,F,F,F,F,F,F,F,F,F,F,P,F,F,F,F,F,F,F,F,F,F,F,F,F,W;W,F,F,F,F,F,F,F,F,F,F,F,F,F,F,F,F,F,F,F,F,F,F,F,F,F,F,F,F,W;W,F,F,F,F,F,F,F,F,F,F,F,F,F,F,F,F,F,F,F,F,F,F,F,F,F,F,F,F,W;W,F,F,F,F,F,F,F,F,F,F,F,F,F,F,F,F,F,F,F,F,F,F,F,F,F,F,F,F,W;W,F,F,F,F,F,F,F,F,F,F,F,F,F,F,F,F,F,F,F,F,F,F,F,F,F,F,F,F,W;W,F,F,F,F,F,F,F,F,F,F,F,F,F,F,F,F,F,F,F,F,F,F,F,F,F,F,F,F,W;W,F,F,F,F,F,F,F,F,F,F,F,F,F,F,F,F,F,F,F,F,F,F,F,F,F,F,F,F,W;W,F,F,F,F,F,F,F,F,F,F,F,F,F,F,F,F,F,F,F,F,F,F,F,F,F,F,F,F,W;W,F,F,F,F,F,F,F,F,F,F,F,F,F,F,F,F,F,F,F,F,F,F,F,F,F,F,F,F,W;W,F,F,F,F,F,F,F,F,F,F,F,F,F,F,F,F,F,F,F,F,F,F,F,F,F,F,F,F,W;W,F,F,F,F,F,F,F,F,F,F,F,F,F,F,F,F,F,F,F,F,F,F,F,F,F,F,F,F,W;W,F,F,F,F,F,F,F,F,F,F,F,F,F,F,F,F,F,F,F,F,F,F,F,F,F,F,F,F,W;W,F,F,F,F,F,F,F,F,F,F,F,F,F,F,F,F,F,F,F,F,F,F,F,F,F,F,F,F,W;W,F,F,F,F,F,F,F,F,F,F,F,F,F,F,F,F,F,F,F,F,F,F,F,F,F,F,F,F,W;W,F,F,F,F,F,F,F,F,F,F,F,F,F,F,F,F,F,F,F,F,F,F,F,F,F,F,F,F,W;W,F,F,F,F,F,F,F,F,F,F,F,F,F,F,F,F,F,F,F,F,F,F,F,F,F,F,F,F,W;W,F,F,F,F,F,F,F,F,F,F,F,F,F,F,F,F,F,F,F,F,F,F,F,F,F,F,F,F,W;W,F,F,F,F,F,F,F,F,F,F,F,F,F,F,F,F,F,F,F,F,F,F,F,F,F,F,F,F,W;W,F,F,F,F,F,F,F,F,F,F,F,F,F,F,F,F,F,F,F,F,F,F,F,F,F,F,F,F,W;W,F,F,F,F,F,F,F,F,F,F,F,F,F,F,F,F,F,F,F,F,F,F,F,F,F,F,F,F,W;W,F,F,F,F,F,F,F,F,F,F,F,F,F,F,F,F,F,F,F,F,F,F,F,F,F,F,F,F,W;W,F,F,F,F,F,F,F,F,F,F,F,F,F,F,F,F,F,F,F,F,F,F,F,F,F,F,F,F,W;W,F,F,F,F,F,F,F,F,F,F,F,F,F,F,F,F,F,F,F,F,F,F,F,F,F,F,F,F,W;W,F,F,F,F,F,F,F,F,F,F,F,F,F,F,F,F,F,F,F,F,F,F,F,F,F,F,F,F,W;W,F,F,F,F,F,F,F,F,F,F,F,F,F,F,F,F,F,F,F,F,F,F,F,F,F,F,F,F,W;W,F,F,F,F,F,F,F,F,F,F,F,F,F,F,F,F,F,F,F,F,F,F,F,F,F,F,F,F,W;W,F,F,F,F,F,F,F,F,F,F,F,F,F,F,F,F,F,F,F,F,F,F,F,F,F,F,F,F,W;W,W,W,W,W,W,W,W,W,W,W,W,W,F,F,F,F,F,W,W,W,W,W,W,W,W,W,W,W,W",Standard,Fade,0,1.5,0,1,Sacred
8,2,Normal,성소 끝자락,72,0,70,32,32,7|13,0,,0,0,1.1,true,10,0,10,hidden_reward_chest,,Sacred,,"W,W,W,W,W,W,W,W,W,W,W,W,W,W,F,F,F,F,F,W,W,W,W,W,W,W,W,W,W,W,W,W;W,F,F,F,F,F,F,F,F,F,F,F,F,F,F,F,F,F,F,F,F,F,F,F,F,F,F,F,F,F,F,W;W,F,F,F,F,F,F,F,F,F,F,F,F,F,F,F,F,F,F,F,F,F,F,F,F,F,F,F,F,F,F,W;W,F,F,F,F,F,F,F,F,F,F,F,F,F,F,F,F,F,F,F,F,F,F,F,F,F,F,F,F,F,F,W;W,F,F,F,F,F,F,F,F,F,F,F,F,F,F,F,F,F,F,F,F,F,F,F,F,F,F,F,F,F,F,W;W,F,F,F,F,F,F,F,F,F,F,F,F,F,F,F,F,F,F,F,F,F,F,F,F,F,F,F,F,F,F,W;W,F,F,F,F,F,F,F,F,F,F,F,F,F,F,F,F,F,F,F,F,F,F,F,F,F,F,F,F,F,F,W;W,F,F,F,F,F,F,mc7r5,F,F,F,F,F,F,F,F,F,F,F,F,F,F,F,mc7r5,F,F,F,F,F,F,F,W;W,F,F,F,F,F,F,F,F,F,F,F,F,F,F,F,F,F,F,F,F,F,F,F,F,F,F,F,F,F,F,W;W,F,F,F,F,F,F,F,F,F,F,F,F,F,F,F,F,F,F,F,F,F,F,F,F,F,F,F,F,F,F,W;W,F,F,F,F,F,F,F,F,F,F,F,F,F,F,F,F,F,F,F,F,F,F,F,F,F,F,F,F,F,F,W;W,F,F,F,F,F,F,F,F,F,F,F,F,F,F,F,F,F,F,F,F,F,F,F,F,F,F,F,F,F,F,W;W,F,F,F,F,F,F,F,F,F,F,F,F,F,F,F,F,F,F,F,F,F,F,F,F,F,F,F,F,F,F,W;W,F,F,F,F,F,F,F,F,F,F,F,F,F,F,F,F,F,F,F,F,F,F,F,F,F,F,F,F,F,F,W;W,F,F,F,F,W,W,F,F,F,F,F,F,F,F,F,F,F,F,F,F,F,F,W,W,F,F,F,F,F,F,W;W,F,F,F,F,W,W,F,F,F,F,F,F,F,F,F,F,F,F,F,F,F,F,W,W,F,F,F,F,F,F,W;W,F,F,F,F,W,W,F,F,F,F,F,F,F,F,F,P,F,F,F,F,F,F,W,W,F,F,F,F,F,F,W;W,F,F,F,F,F,F,F,F,F,F,F,F,F,F,F,F,F,F,F,F,F,F,F,F,F,F,F,F,F,F,W;W,F,F,F,F,F,F,F,F,F,F,F,F,F,F,F,F,F,F,F,F,F,F,F,F,F,F,F,F,F,F,W;W,F,F,F,F,F,F,F,F,F,F,F,F,F,F,F,F,F,F,F,F,F,F,F,F,F,F,F,F,F,F,W;W,F,F,F,F,F,F,F,F,F,F,F,F,F,F,F,F,F,F,F,F,F,F,F,F,F,F,F,F,F,F,W;W,F,F,F,F,F,F,F,F,F,F,F,F,F,F,F,F,F,F,F,F,F,F,F,F,F,F,F,F,F,F,W;W,F,F,F,F,F,F,mc7r5,F,F,F,F,F,F,F,F,F,F,F,F,F,F,F,mc7r5,F,F,F,F,F,F,F,W;W,F,F,F,F,F,F,F,F,F,F,F,F,F,F,F,F,F,F,F,F,F,F,F,F,F,F,F,F,F,F,W;W,F,F,F,F,F,F,F,F,F,F,F,F,F,F,F,F,F,F,F,F,F,F,F,F,F,F,F,F,F,F,W;W,F,F,F,F,F,F,F,F,F,F,F,F,F,F,F,F,F,F,F,F,F,F,F,F,F,F,F,F,F,F,W;W,F,F,F,F,F,F,F,F,F,F,F,F,F,F,F,F,F,F,F,F,F,F,F,F,F,F,F,F,F,F,W;W,F,F,F,F,F,F,F,F,F,F,F,F,F,F,F,F,F,F,F,F,F,F,F,F,F,F,F,F,F,F,W;W,F,F,F,F,F,F,F,F,F,F,F,F,F,F,F,F,F,F,F,F,F,F,F,F,F,F,F,F,F,F,W;W,F,F,F,F,F,F,F,F,F,F,F,F,F,F,F,F,F,F,F,F,F,F,F,F,F,F,F,F,F,F,W;W,F,F,F,F,F,F,F,F,F,F,F,F,F,F,F,F,F,F,F,F,F,F,F,F,F,F,F,F,F,F,W;W,W,W,W,W,W,W,W,W,W,W,W,W,W,F,F,F,F,F,W,W,W,W,W,W,W,W,W,W,W,W,W",Standard,Fade,0,1.5,3,1,Sacred
9,3,Normal,신성 협곡 I,-72,0,109,36,36,10|14,0,,0,0,1.4,false,0,0,0,,,Sacred,,"W,W,W,W,W,W,W,W,W,W,W,W,W,W,W,W,F,F,F,F,F,W,W,W,W,W,W,W,W,W,W,W,W,W,W,W;W,F,F,F,F,F,F,F,F,F,F,F,F,F,F,F,F,F,F,F,F,F,F,F,F,F,F,F,F,F,F,F,F,F,F,W;W,F,F,F,F,F,F,F,F,F,F,F,F,F,F,F,F,F,F,F,F,F,F,F,F,F,F,F,F,F,F,F,F,F,F,W;W,F,F,F,F,F,F,F,F,F,F,F,F,F,F,F,F,F,F,F,F,F,F,F,F,F,F,F,F,F,F,F,F,F,F,W;W,F,F,F,F,F,F,F,F,F,F,F,F,F,F,F,F,F,F,F,F,F,F,F,F,F,F,F,F,F,F,F,F,F,F,W;W,F,F,F,F,W,W,F,F,F,F,F,F,F,F,F,F,F,F,F,F,F,F,F,F,F,F,F,F,W,W,F,F,F,F,W;W,F,F,F,F,W,W,F,F,F,F,F,F,F,F,F,F,F,F,F,F,F,F,F,F,F,F,F,F,W,W,F,F,F,F,W;W,F,F,F,F,F,F,F,F,F,F,F,F,F,F,F,F,F,F,F,F,F,F,F,F,F,F,F,F,F,F,F,F,F,F,W;W,F,F,F,F,F,F,F,mc6r5,F,F,F,F,F,F,F,F,F,F,F,F,F,F,F,F,F,mc6r5,F,F,F,F,F,F,F,F,W;W,F,F,F,F,F,F,F,F,F,F,F,F,F,F,F,F,F,F,F,F,F,F,F,F,F,F,F,F,F,F,F,F,F,F,W;W,F,F,F,F,F,F,F,F,F,F,F,F,F,F,F,W,W,F,F,F,F,F,F,F,F,F,F,F,F,F,F,F,F,F,W;W,F,F,F,F,F,F,F,F,F,F,F,F,F,F,F,W,W,F,F,F,F,F,F,F,F,F,F,F,F,F,F,F,F,F,W;W,F,F,F,F,F,F,F,F,F,F,F,F,F,F,F,F,F,F,F,F,F,F,F,F,F,F,F,F,F,F,F,F,F,F,W;W,F,F,F,F,F,F,F,F,F,F,F,F,F,F,F,F,F,F,F,F,F,F,F,F,F,F,F,F,F,F,F,F,F,F,W;W,F,F,F,F,F,F,F,F,F,F,F,F,F,F,F,F,F,F,F,F,F,F,F,F,F,F,F,F,F,F,F,F,F,F,W;W,F,F,F,F,F,F,F,F,F,F,F,F,F,F,F,F,F,F,F,F,F,F,F,F,F,F,F,F,F,F,F,F,F,F,W;W,F,F,F,F,F,F,F,F,F,W,W,F,F,F,F,F,F,F,F,F,F,F,F,W,W,F,F,F,F,F,F,F,F,F,W;W,F,F,F,mc6r5,F,F,F,F,F,W,W,F,F,F,F,F,F,F,F,F,F,F,F,W,W,F,F,F,F,mc6r5,F,F,F,F,W;W,F,F,F,F,F,F,F,F,F,F,F,F,F,F,F,F,F,P,F,F,F,F,F,F,F,F,F,F,F,F,F,F,F,F,W;W,F,F,F,F,F,F,F,F,F,F,F,F,F,F,F,F,F,F,F,F,F,F,F,F,F,F,F,F,F,F,F,F,F,F,W;W,F,F,F,F,F,F,F,F,F,F,F,F,F,F,F,F,F,F,F,F,F,F,F,F,F,F,F,F,F,F,F,F,F,F,W;W,F,F,F,F,F,F,F,F,F,F,F,F,F,F,F,F,F,F,F,F,F,F,F,F,F,F,F,F,F,F,F,F,F,F,W;W,F,F,F,F,F,F,F,F,F,F,F,F,F,F,F,F,F,F,F,F,F,F,F,F,F,F,F,F,F,F,F,F,F,F,W;W,F,F,F,F,F,F,F,F,F,F,F,F,F,F,F,F,F,F,F,F,F,F,F,F,F,F,F,F,F,F,F,F,F,F,W;W,F,F,F,F,F,F,F,F,F,F,F,F,F,F,F,W,W,F,F,F,F,F,F,F,F,F,F,F,F,F,F,F,F,F,W;W,F,F,F,F,F,F,F,F,F,F,F,F,F,F,F,W,W,F,F,F,F,F,F,F,F,F,F,F,F,F,F,F,F,F,W;W,F,F,F,F,F,F,F,mc6r5,F,F,F,F,F,F,F,F,F,F,F,F,F,F,F,F,F,mc6r5,F,F,F,F,F,F,F,F,W;W,F,F,F,F,F,F,F,F,F,F,F,F,F,F,F,F,F,F,F,F,F,F,F,F,F,F,F,F,F,F,F,F,F,F,W;W,F,F,F,F,F,F,F,F,F,F,F,F,F,F,F,F,F,F,F,F,F,F,F,F,F,F,F,F,F,F,F,F,F,F,W;W,F,F,F,F,W,W,F,F,F,F,F,F,F,F,F,F,F,F,F,F,F,F,F,F,F,F,F,F,W,W,F,F,F,F,W;W,F,F,F,F,W,W,F,F,F,F,F,F,F,F,F,F,F,F,F,F,F,F,F,F,F,F,F,F,W,W,F,F,F,F,W;W,F,F,F,F,F,F,F,F,F,F,F,F,F,F,F,F,F,F,F,F,F,F,F,F,F,F,F,F,F,F,F,F,F,F,W;W,F,F,F,F,F,F,F,F,F,F,F,F,F,F,F,F,F,F,F,F,F,F,F,F,F,F,F,F,F,F,F,F,F,F,W;W,F,F,F,F,F,F,F,F,F,F,F,F,F,F,F,F,F,F,F,F,F,F,F,F,F,F,F,F,F,F,F,F,F,F,W;W,F,F,F,F,F,F,F,F,F,F,F,F,F,F,F,F,F,F,F,F,F,F,F,F,F,F,F,F,F,F,F,F,F,F,W;W,W,W,W,W,W,W,W,W,W,W,W,W,W,W,W,F,F,F,F,F,W,W,W,W,W,W,W,W,W,W,W,W,W,W,W",Standard,Fade,0,1.5,4,1,Sacred
10,3,Normal,빛의 굴,-36,0,109,36,36,9|11|15,0,,0,0,1.4,false,0,0,0,,,Sacred,,"W,W,W,W,W,W,W,W,W,W,W,W,W,W,W,W,F,F,F,F,F,W,W,W,W,W,W,W,W,W,W,W,W,W,W,W;W,F,F,F,F,F,F,F,F,F,F,F,F,F,F,F,F,F,F,F,F,F,F,F,F,F,F,F,F,F,F,F,F,F,F,W;W,F,F,F,F,F,F,F,F,F,F,F,F,F,F,F,F,F,F,F,F,F,F,F,F,F,F,F,F,F,F,F,F,F,F,W;W,F,F,F,F,F,F,F,F,F,F,F,F,F,F,F,F,F,F,F,F,F,F,F,F,F,F,F,F,F,F,F,F,F,F,W;W,F,F,F,F,F,F,F,F,F,F,F,F,F,F,F,F,F,F,F,F,F,F,F,F,F,F,F,F,F,F,F,F,F,F,W;W,F,F,F,F,F,F,F,F,F,F,F,F,F,F,F,F,F,F,F,F,F,F,F,F,F,F,F,F,F,F,F,F,F,F,W;W,F,F,F,F,F,F,F,F,F,F,F,F,F,F,F,F,F,F,F,F,F,F,F,F,F,F,F,F,F,F,F,F,F,F,W;W,F,F,F,F,F,F,F,F,F,F,F,F,F,F,F,F,F,F,F,F,F,F,F,F,F,F,F,F,F,F,F,F,F,F,W;W,F,F,F,F,F,F,F,mc6r5,F,F,F,F,F,F,F,F,F,F,F,F,F,F,F,F,F,mc6r5,F,F,F,F,F,F,F,F,W;W,F,F,F,F,F,F,F,F,F,F,F,F,F,F,F,F,F,mc6r5,F,F,F,F,F,F,F,F,F,F,F,F,F,F,F,F,W;W,F,F,F,F,F,F,F,F,F,F,F,F,F,F,F,F,F,F,F,F,F,F,F,F,F,F,F,F,F,F,F,F,F,F,W;W,F,F,F,F,F,F,F,F,F,F,F,F,F,F,F,F,F,F,F,F,F,F,F,F,F,F,F,F,F,F,F,F,F,F,W;W,F,F,F,F,F,F,F,F,F,F,F,F,F,F,F,F,F,F,F,F,F,F,F,F,F,F,F,F,F,F,F,F,F,F,W;W,F,F,F,F,F,F,F,F,F,F,F,F,F,F,F,F,F,F,F,F,F,F,F,F,F,F,F,F,F,F,F,F,F,F,W;W,F,F,F,F,F,F,F,F,F,F,F,F,F,F,F,F,F,F,F,F,F,F,F,F,F,F,F,F,F,F,F,F,F,F,W;W,F,F,F,F,F,F,F,F,F,F,F,F,F,F,F,F,F,F,F,F,F,F,F,F,F,F,F,F,F,F,F,F,F,F,W;W,F,F,F,F,F,F,F,F,F,F,F,F,F,F,F,F,F,F,F,F,F,F,F,F,F,F,F,F,F,F,F,F,F,F,W;W,F,F,F,F,F,F,F,F,F,F,F,F,F,F,F,F,F,F,F,F,F,F,F,F,F,F,F,F,F,F,F,F,F,F,W;W,F,F,F,F,F,F,F,F,F,F,F,F,F,F,F,F,F,P,F,F,F,F,F,F,F,F,F,F,F,F,F,F,F,F,W;W,F,F,F,F,F,F,F,F,F,F,F,F,F,F,F,F,F,F,F,F,F,F,F,F,F,F,F,F,F,F,F,F,F,F,W;W,F,F,F,F,F,F,F,F,F,F,F,F,F,F,F,F,F,F,F,F,F,F,F,F,F,F,F,F,F,F,F,F,F,F,W;W,F,F,F,F,F,F,F,F,F,F,F,F,F,F,F,F,F,F,F,F,F,F,F,F,F,F,F,F,F,F,F,F,F,F,W;W,F,F,F,F,F,F,F,F,F,F,F,F,F,F,F,F,F,F,F,F,F,F,F,F,F,F,F,F,F,F,F,F,F,F,W;W,F,F,F,F,F,F,F,F,F,F,F,F,F,F,F,F,F,F,F,F,F,F,F,F,F,F,F,F,F,F,F,F,F,F,W;W,F,F,F,F,F,F,F,F,F,F,F,F,F,F,F,F,F,F,F,F,F,F,F,F,F,F,F,F,F,F,F,F,F,F,W;W,F,F,F,F,F,F,F,F,F,F,F,F,F,F,F,F,F,mc6r5,F,F,F,F,F,F,F,F,F,F,F,F,F,F,F,F,W;W,F,F,F,F,F,F,F,mc6r5,F,F,F,F,F,F,F,F,F,F,F,F,F,F,F,F,F,mc6r5,F,F,F,F,F,F,F,F,W;W,F,F,F,F,F,F,F,F,F,F,F,F,F,F,F,F,F,F,F,F,F,F,F,F,F,F,F,F,F,F,F,F,F,F,W;W,F,F,F,F,F,F,F,F,F,F,F,F,F,F,F,F,F,F,F,F,F,F,F,F,F,F,F,F,F,F,F,F,F,F,W;W,F,F,F,F,F,F,F,F,F,F,F,F,F,F,F,F,F,F,F,F,F,F,F,F,F,F,F,F,F,F,F,F,F,F,W;W,F,F,F,F,F,F,F,F,F,F,F,F,F,F,F,F,F,F,F,F,F,F,F,F,F,F,F,F,F,F,F,F,F,F,W;W,F,F,F,F,F,F,F,F,F,F,F,F,F,F,F,F,F,F,F,F,F,F,F,F,F,F,F,F,F,F,F,F,F,F,W;W,F,F,F,F,F,F,F,F,F,F,F,F,F,F,F,F,F,F,F,F,F,F,F,F,F,F,F,F,F,F,F,F,F,F,W;W,F,F,F,F,F,F,F,F,F,F,F,F,F,F,F,F,F,F,F,F,F,F,F,F,F,F,F,F,F,F,F,F,F,F,W;W,F,F,F,F,F,F,F,F,F,F,F,F,F,F,F,F,F,F,F,F,F,F,F,F,F,F,F,F,F,F,F,F,F,F,W;W,W,W,W,W,W,W,W,W,W,W,W,W,W,W,W,F,F,F,F,F,W,W,W,W,W,W,W,W,W,W,W,W,W,W,W",Standard,Fade,0,1.5,4,1,Sacred
11,3,Normal,성소 중심,0,0,109,36,36,10|12|16,0,,0,0,1.4,false,0,0,0,,,Sacred,,"W,W,W,W,W,W,W,W,W,W,W,W,W,W,W,W,F,F,F,F,F,W,W,W,W,W,W,W,W,W,W,W,W,W,W,W;W,F,F,F,F,F,F,F,F,F,F,F,F,F,F,F,F,F,F,F,F,F,F,F,F,F,F,F,F,F,F,F,F,F,F,W;W,F,F,F,F,F,F,F,F,F,F,F,F,F,F,F,F,F,F,F,F,F,F,F,F,F,F,F,F,F,F,F,F,F,F,W;W,F,F,F,F,F,F,F,F,F,F,F,F,F,F,F,F,F,F,F,F,F,F,F,F,F,F,F,F,F,F,F,F,F,F,W;W,F,F,F,F,F,F,F,F,F,F,F,F,F,F,F,F,F,F,F,F,F,F,F,F,F,F,F,F,F,F,F,F,F,F,W;W,F,F,F,F,F,F,F,F,F,F,F,F,F,F,F,F,F,F,F,F,F,F,F,F,F,F,F,F,F,F,F,F,F,F,W;W,F,F,F,F,F,F,F,F,F,F,F,F,F,F,F,F,W,W,F,F,F,F,F,F,F,F,F,F,F,F,F,F,F,F,W;W,F,F,F,F,F,F,F,F,F,F,F,F,F,F,F,F,W,W,F,F,F,F,F,F,F,F,F,F,F,F,F,F,F,F,W;W,F,F,F,F,F,F,F,F,F,F,F,F,F,F,F,F,mc6r5,F,F,F,F,F,F,F,F,F,F,F,F,F,F,F,F,F,W;W,F,F,F,F,F,F,F,F,F,F,F,F,F,F,F,F,F,F,F,F,F,F,F,F,F,F,F,F,F,F,F,F,F,F,W;W,F,F,F,F,F,F,F,F,F,F,F,F,F,F,F,F,F,F,F,F,F,F,F,F,F,F,F,F,F,F,F,F,F,F,W;W,F,F,F,F,F,F,F,W,W,F,F,mc6r5,F,F,F,F,F,F,F,F,mc6r5,F,F,F,W,F,F,F,F,F,F,F,F,F,W;W,F,F,F,F,F,F,F,W,W,F,F,F,F,F,F,F,F,F,F,F,F,F,F,F,W,F,F,F,F,F,F,F,F,F,W;W,F,F,F,F,F,F,F,F,F,F,F,F,F,F,F,F,F,F,F,F,F,F,F,F,F,F,F,F,F,F,F,F,F,F,W;W,F,F,F,F,F,F,F,F,F,F,F,F,F,F,F,F,F,F,F,F,F,F,F,F,F,F,F,F,F,F,F,F,F,F,W;W,F,F,F,F,F,F,F,F,F,F,F,F,F,F,F,F,F,F,F,F,F,F,F,F,F,F,F,F,F,F,F,F,F,F,W;W,F,F,F,F,F,F,F,F,F,F,F,F,F,F,F,F,F,F,F,F,F,F,F,F,F,F,F,F,F,F,F,F,F,F,W;W,F,F,F,F,W,W,F,mc6r5,F,F,F,F,F,F,F,F,F,F,F,F,F,F,F,F,F,mc6r5,W,W,F,F,F,F,F,F,W;W,F,F,F,F,W,W,F,F,F,F,F,F,F,F,F,F,F,P,F,F,F,F,F,F,F,F,W,W,F,F,F,F,F,F,W;W,F,F,F,F,F,F,F,F,F,F,F,F,F,F,F,F,F,F,F,F,F,F,F,F,F,F,F,F,F,F,F,F,F,F,W;W,F,F,F,F,F,F,F,F,F,F,F,F,F,F,F,F,F,F,F,F,F,F,F,F,F,F,F,F,F,F,F,F,F,F,W;W,F,F,F,F,F,F,F,F,F,F,F,F,F,F,F,F,F,F,F,F,F,F,F,F,F,F,F,F,F,F,F,F,F,F,W;W,F,F,F,F,F,F,F,F,F,F,F,F,F,F,F,F,F,F,F,F,F,F,F,F,F,F,F,F,F,F,F,F,F,F,W;W,F,F,F,F,F,F,F,W,W,F,F,mc6r5,F,F,F,F,F,F,F,F,mc6r5,F,F,F,W,F,F,F,F,F,F,F,F,F,W;W,F,F,F,F,F,F,F,W,W,F,F,F,F,F,F,F,F,F,F,F,F,F,F,F,W,F,F,F,F,F,F,F,F,F,W;W,F,F,F,F,F,F,F,F,F,F,F,F,F,F,F,F,F,F,F,F,F,F,F,F,F,F,F,F,F,F,F,F,F,F,W;W,F,F,F,F,F,F,F,F,F,F,F,F,F,F,F,F,mc6r5,F,F,F,F,F,F,F,F,F,F,F,F,F,F,F,F,F,W;W,F,F,F,F,F,F,F,F,F,F,F,F,F,F,F,F,F,F,F,F,F,F,F,F,F,F,F,F,F,F,F,F,F,F,W;W,F,F,F,F,F,F,F,F,F,F,F,F,F,F,F,F,W,W,F,F,F,F,F,F,F,F,F,F,F,F,F,F,F,F,W;W,F,F,F,F,F,F,F,F,F,F,F,F,F,F,F,F,W,W,F,F,F,F,F,F,F,F,F,F,F,F,F,F,F,F,W;W,F,F,F,F,F,F,F,F,F,F,F,F,F,F,F,F,F,F,F,F,F,F,F,F,F,F,F,F,F,F,F,F,F,F,W;W,F,F,F,F,F,F,F,F,F,F,F,F,F,F,F,F,F,F,F,F,F,F,F,F,F,F,F,F,F,F,F,F,F,F,W;W,F,F,F,F,F,F,F,F,F,F,F,F,F,F,F,F,F,F,F,F,F,F,F,F,F,F,F,F,F,F,F,F,F,F,W;W,F,F,F,F,F,F,F,F,F,F,F,F,F,F,F,F,F,F,F,F,F,F,F,F,F,F,F,F,F,F,F,F,F,F,W;W,F,F,F,F,F,F,F,F,F,F,F,F,F,F,F,F,F,F,F,F,F,F,F,F,F,F,F,F,F,F,F,F,F,F,W;W,W,W,W,W,W,W,W,W,W,W,W,W,W,W,W,F,F,F,F,F,W,W,W,W,W,W,W,W,W,W,W,W,W,W,W",Standard,Fade,0,1.5,4,1,Sacred
12,3,Normal,신성 통로,36,0,109,36,36,11|13|17,0,,0,0,1.4,false,0,0,0,,,Sacred,,"W,W,W,W,W,W,W,W,W,W,W,W,W,W,W,W,F,F,F,F,F,W,W,W,W,W,W,W,W,W,W,W,W,W,W,W;W,F,F,F,F,F,F,F,F,F,F,F,F,F,F,F,F,F,F,F,F,F,F,F,F,F,F,F,F,F,F,F,F,F,F,W;W,F,F,F,F,F,F,F,F,F,F,F,F,F,F,F,F,F,F,F,F,F,F,F,F,F,F,F,F,F,F,F,F,F,F,W;W,F,F,F,F,F,F,F,F,F,F,F,F,F,F,F,F,F,F,F,F,F,F,F,F,F,F,F,F,F,F,F,F,F,F,W;W,F,F,F,F,F,F,F,F,F,F,F,F,F,F,F,F,F,F,F,F,F,F,F,F,F,F,F,F,F,F,F,F,F,F,W;W,F,F,F,F,W,W,W,W,F,F,F,F,F,F,F,F,F,F,F,F,F,F,F,F,F,F,F,F,F,F,F,F,F,F,W;W,F,F,F,F,W,W,W,W,F,F,F,F,F,F,F,F,F,F,F,F,F,F,F,F,F,F,F,F,F,F,F,F,F,F,W;W,F,F,F,F,F,F,F,F,F,F,F,F,F,F,F,F,F,F,F,F,F,F,F,F,F,F,F,F,F,F,F,F,F,F,W;W,F,F,F,F,F,F,F,F,F,F,F,F,F,F,F,F,F,F,F,F,F,F,F,F,F,mc6r5,F,F,F,F,F,F,F,F,W;W,F,F,F,F,F,F,F,F,F,F,F,F,F,F,F,F,F,F,F,F,F,F,F,F,F,F,F,F,F,F,F,F,F,F,W;W,F,F,F,F,F,F,F,F,F,F,F,F,F,F,F,F,F,F,F,F,F,F,F,F,F,F,F,F,F,F,F,F,F,F,W;W,F,F,F,F,F,F,F,F,F,F,F,F,F,F,F,F,F,F,F,F,F,F,F,F,F,F,F,F,F,F,F,F,F,F,W;W,F,F,F,F,F,F,F,F,F,F,F,F,F,F,F,F,F,F,F,F,F,F,F,F,F,F,F,F,F,F,F,F,F,F,W;W,F,F,F,F,F,F,F,F,F,F,F,F,F,F,F,F,F,F,F,F,F,F,F,F,F,F,F,F,F,F,F,F,F,F,W;W,F,F,F,F,mc6r5,F,F,F,F,F,F,F,F,F,F,F,F,F,F,F,F,F,F,F,F,F,F,mc6r5,F,F,F,F,F,F,W;W,F,F,F,F,F,F,F,F,F,F,F,F,F,F,F,F,F,F,F,F,F,F,F,F,F,F,F,F,F,F,F,F,F,F,W;W,F,F,F,F,F,F,F,F,F,F,F,F,F,F,F,F,F,F,F,F,F,F,F,F,F,F,F,F,F,F,F,F,F,F,W;W,F,F,F,F,F,F,F,F,F,F,F,F,F,F,F,F,F,F,F,F,F,F,F,F,F,F,F,F,F,F,F,F,F,F,W;W,F,F,F,F,F,F,F,F,F,F,F,F,F,F,F,F,F,P,F,F,F,F,F,F,F,F,F,F,F,F,F,F,F,F,W;W,F,F,F,F,F,F,F,F,F,F,F,F,F,F,F,F,F,F,F,F,F,F,F,F,F,F,F,F,F,F,F,F,F,F,W;W,F,F,F,F,F,F,F,F,F,F,F,F,F,mc6r5,F,F,F,F,F,F,F,F,F,F,F,F,F,F,F,F,F,F,F,F,W;W,F,F,F,F,F,F,F,F,F,F,F,F,F,F,F,F,F,F,F,F,F,F,F,F,F,F,F,F,F,F,F,F,F,F,W;W,F,F,F,F,F,F,F,F,F,F,F,F,F,F,F,F,F,F,F,F,F,F,F,F,F,F,F,F,F,F,F,F,F,F,W;W,F,F,F,F,F,F,F,F,F,F,F,F,F,F,F,F,F,F,F,F,F,F,F,F,F,F,F,F,F,F,F,F,F,F,W;W,F,F,F,F,F,F,F,F,F,F,F,F,F,F,F,F,F,F,F,F,F,F,F,F,F,F,F,F,F,F,F,F,F,F,W;W,F,F,F,F,F,F,F,F,F,F,F,F,F,F,F,F,F,F,F,F,F,F,F,F,F,F,F,F,F,F,F,F,F,F,W;W,F,F,F,F,mc6r5,F,F,F,F,F,F,F,F,F,F,F,F,F,F,F,F,F,F,F,F,F,mc6r5,F,F,F,F,F,F,F,W;W,F,F,F,F,F,F,F,F,F,F,F,F,F,F,F,F,F,F,F,F,F,F,F,F,F,F,F,F,F,F,F,F,F,F,W;W,F,F,F,F,F,F,F,F,F,F,F,F,F,F,F,F,F,F,F,F,F,F,F,F,F,F,F,F,F,F,F,F,F,F,W;W,F,F,F,F,F,F,F,F,F,F,F,F,F,F,F,F,F,F,F,F,F,F,F,F,F,F,F,F,F,F,F,F,F,F,W;W,F,F,F,F,F,F,F,F,F,F,F,F,F,F,F,F,F,F,F,F,F,F,F,F,F,F,F,F,F,F,F,F,F,F,W;W,F,F,F,F,F,F,F,F,F,F,F,F,F,F,F,F,F,F,F,F,F,F,F,F,F,F,F,F,F,F,F,F,F,F,W;W,F,F,F,F,F,F,F,F,F,F,F,F,F,F,F,F,F,F,F,F,F,F,F,F,F,F,F,F,F,F,F,F,F,F,W;W,F,F,F,F,F,F,F,F,F,F,F,F,F,F,F,F,F,F,F,F,F,F,F,F,F,F,F,F,F,F,F,F,F,F,W;W,F,F,F,F,F,F,F,F,F,F,F,F,F,F,F,F,F,F,F,F,F,F,F,F,F,F,F,F,F,F,F,F,F,F,W;W,W,W,W,W,W,W,W,W,W,W,W,W,W,W,W,F,F,F,F,F,W,W,W,W,W,W,W,W,W,W,W,W,W,W,W",Standard,Fade,0,1.5,4,1,Sacred
13,3,Normal,신성 협곡 II,72,0,109,36,36,12|18,0,,0,0,1.4,false,0,0,0,,,Sacred,,"W,W,W,W,W,W,W,W,W,W,W,W,W,W,W,W,F,F,F,F,F,W,W,W,W,W,W,W,W,W,W,W,W,W,W,W;W,F,F,F,F,F,F,F,F,F,F,F,F,F,F,F,F,F,F,F,F,F,F,F,F,F,F,F,F,F,F,F,F,F,F,W;W,F,F,F,F,F,F,F,F,F,F,F,F,F,F,F,F,F,F,F,F,F,F,F,F,F,F,F,F,F,F,F,F,F,F,W;W,F,F,F,F,F,F,F,F,F,F,F,F,F,F,F,F,F,F,F,F,F,F,F,F,F,F,F,F,F,F,F,F,F,F,W;W,F,F,F,F,F,F,F,F,F,F,F,F,F,F,F,F,F,F,F,F,F,F,F,F,F,F,F,F,F,F,F,F,F,F,W;W,F,F,F,F,F,F,F,F,F,F,F,F,F,F,F,F,F,F,F,F,F,F,F,F,F,F,F,F,F,F,F,F,F,F,W;W,F,F,F,F,F,F,F,mc6r5,F,F,F,F,F,F,F,F,F,F,F,F,F,F,F,F,F,F,F,mc6r5,F,F,F,F,F,F,W;W,F,F,F,F,F,F,F,F,F,F,F,F,F,F,F,F,F,F,F,F,F,F,F,F,F,F,F,F,F,F,F,F,F,F,W;W,F,F,F,F,F,F,F,F,F,F,F,F,F,F,F,F,F,F,F,F,F,F,F,F,F,F,F,F,F,F,F,F,F,F,W;W,F,F,F,F,F,F,F,F,F,F,F,F,F,F,F,F,F,F,F,F,F,F,F,F,F,F,F,F,F,F,F,F,F,F,W;W,F,F,F,F,F,F,F,F,F,F,F,F,F,F,F,F,F,F,F,F,F,F,F,F,F,F,F,F,F,F,F,F,F,F,W;W,F,F,F,F,F,F,F,F,F,F,F,F,F,F,F,F,F,F,F,F,F,F,F,F,F,F,F,F,F,F,F,F,F,F,W;W,F,W,W,W,W,W,W,W,W,W,W,W,W,W,W,F,F,F,F,F,W,W,W,W,W,W,W,W,W,W,W,W,W,F,W;W,F,W,W,W,W,W,W,W,W,W,W,W,W,W,W,F,F,F,F,F,W,W,W,W,W,W,W,W,W,W,W,W,W,F,W;W,F,F,F,F,F,F,F,F,F,F,F,F,F,F,F,F,F,F,F,F,F,F,F,F,F,F,F,F,F,F,F,F,F,F,W;W,F,F,F,F,F,F,F,F,F,F,F,F,F,F,F,F,F,F,F,F,F,F,F,F,F,F,F,F,F,F,F,F,F,F,W;W,F,F,F,F,F,F,F,F,F,F,F,F,F,F,F,F,F,mc6r5,F,F,F,F,F,F,F,F,F,F,F,F,F,F,F,F,W;W,F,F,F,F,F,F,F,F,F,F,F,F,F,F,F,F,F,F,F,F,F,F,F,F,F,F,F,F,F,F,F,F,F,F,W;W,F,F,F,F,F,F,F,F,F,F,F,F,F,F,F,F,F,P,F,F,F,F,F,F,F,F,F,F,F,F,F,F,F,F,W;W,F,F,F,F,F,F,F,F,F,F,F,F,F,F,F,F,F,F,F,F,F,F,F,F,F,F,F,F,F,F,F,F,F,F,W;W,F,F,F,F,F,F,F,F,F,F,F,F,F,F,F,F,F,F,F,F,F,F,F,F,F,F,F,F,F,F,F,F,F,F,W;W,F,F,F,F,F,F,F,F,F,F,F,F,F,F,F,F,F,F,F,F,F,F,F,F,F,F,F,F,F,F,F,F,F,F,W;W,F,F,F,F,F,F,F,F,F,F,F,F,F,F,F,F,F,F,F,F,F,F,F,F,F,F,F,F,F,F,F,F,F,F,W;W,F,W,W,W,W,W,W,W,W,W,W,W,W,W,W,F,F,F,F,F,W,W,W,W,W,W,W,W,W,W,W,W,W,F,W;W,F,W,W,W,W,W,W,W,W,W,W,W,W,W,W,F,F,F,F,F,W,W,W,W,W,W,W,W,W,W,W,W,W,F,W;W,F,F,F,F,F,F,F,F,F,F,F,F,F,F,F,F,F,F,F,F,F,F,F,F,F,F,F,F,F,F,F,F,F,F,W;W,F,F,F,F,F,F,F,F,F,F,F,F,F,F,F,F,F,F,F,F,F,F,F,F,F,F,F,F,F,F,F,F,F,F,W;W,F,F,F,F,F,F,F,F,F,F,F,F,F,F,F,F,F,F,F,F,F,F,F,F,F,F,F,F,F,F,F,F,F,F,W;W,F,F,F,F,F,F,F,mc6r5,F,F,F,F,F,F,F,F,F,F,F,F,F,F,F,F,F,F,F,mc6r5,F,F,F,F,F,F,W;W,F,F,F,F,F,F,F,F,F,F,F,F,F,F,F,F,F,F,F,F,F,F,F,F,F,F,F,F,F,F,F,F,F,F,W;W,F,F,F,F,F,F,F,F,F,F,F,F,F,F,F,F,F,F,F,F,F,F,F,F,F,F,F,F,F,F,F,F,F,F,W;W,F,F,F,F,F,F,F,F,F,F,F,F,F,F,F,F,F,F,F,F,F,F,F,F,F,F,F,F,F,F,F,F,F,F,W;W,F,F,F,F,F,F,F,F,F,F,F,F,F,F,F,F,F,F,F,F,F,F,F,F,F,F,F,F,F,F,F,F,F,F,W;W,F,F,F,F,F,F,F,F,F,F,F,F,F,F,F,F,F,F,F,F,F,F,F,F,F,F,F,F,F,F,F,F,F,F,W;W,F,F,F,F,F,F,F,F,F,F,F,F,F,F,F,F,F,F,F,F,F,F,F,F,F,F,F,F,F,F,F,F,F,F,W;W,W,W,W,W,W,W,W,W,W,W,W,W,W,W,W,F,F,F,F,F,W,W,W,W,W,W,W,W,W,W,W,W,W,W,W",Standard,Fade,0,1.5,4,1,Sacred
14,4,Normal,심층 신성 I,-72,0,147,36,36,15|19,0,,0,0,1.7,false,0,0,0,,,Sacred,,"W,W,W,W,W,W,W,W,W,W,W,W,W,W,W,W,F,F,F,F,F,W,W,W,W,W,W,W,W,W,W,W,W,W,W,W;W,F,F,F,F,F,F,F,F,F,F,F,F,F,F,F,F,F,F,F,F,F,F,F,F,F,F,F,F,F,F,F,F,F,F,W;W,F,F,F,F,F,F,F,F,F,F,F,F,F,F,F,F,F,F,F,F,F,F,F,F,F,F,F,F,F,F,F,F,F,F,W;W,F,F,F,F,F,F,F,F,F,F,F,F,F,F,F,F,F,F,F,F,F,F,F,F,F,F,F,F,F,F,F,F,F,F,W;W,F,F,F,F,F,F,F,F,F,F,F,F,F,F,F,F,F,F,F,F,F,F,F,F,F,F,F,F,F,F,F,F,F,F,W;W,F,F,F,F,F,F,F,F,F,F,F,F,F,F,F,F,F,F,F,F,F,F,F,F,F,F,F,F,F,F,F,F,F,F,W;W,F,F,F,F,F,F,F,F,F,F,F,F,F,F,F,F,F,F,F,F,F,F,F,F,F,F,F,F,F,F,F,F,F,F,W;W,F,F,F,F,F,F,F,F,F,F,F,W,W,F,F,F,F,F,F,W,W,F,F,F,F,F,F,F,F,F,F,F,F,F,W;W,F,F,F,F,mc6r5,F,F,F,F,F,F,W,W,F,F,F,F,F,F,W,W,F,F,F,F,F,F,F,mc6r5,F,F,F,F,F,W;W,F,F,F,F,F,F,F,F,F,F,F,F,F,F,F,F,F,F,F,F,F,F,F,F,F,F,F,F,F,F,F,F,F,F,W;W,F,F,F,F,F,F,F,F,F,F,F,F,F,F,F,F,F,F,F,F,F,F,F,F,F,F,F,F,F,F,F,F,F,F,W;W,F,F,F,F,F,F,F,F,F,F,F,F,F,F,F,F,F,F,F,F,F,F,F,F,F,F,F,F,F,F,F,F,F,F,W;W,F,F,F,F,F,F,F,F,F,F,F,F,F,F,F,F,F,F,F,F,F,F,F,F,F,F,F,F,F,F,F,F,F,F,W;W,F,F,F,F,F,F,F,F,F,F,F,F,F,F,F,F,F,F,F,F,F,F,F,F,F,F,F,F,F,F,F,F,F,F,W;W,F,F,F,F,F,F,F,W,W,F,F,F,F,F,F,F,F,F,F,F,F,F,F,F,W,F,F,F,F,F,F,F,F,F,W;W,F,F,F,F,F,F,F,W,W,F,F,F,F,F,F,F,F,F,F,F,F,F,F,F,W,F,F,F,F,F,F,F,F,F,W;W,F,F,F,F,F,F,F,F,F,F,F,F,F,F,F,F,F,F,F,F,F,F,F,F,F,F,F,F,F,F,F,F,F,F,W;W,F,F,F,F,F,F,F,F,F,F,F,F,F,F,F,F,F,F,F,F,F,F,F,F,F,F,F,F,F,F,F,F,F,F,W;W,F,F,F,F,mc6r5,F,F,F,F,F,F,F,F,F,F,F,F,P,F,F,F,F,F,F,F,F,F,F,mc6r5,F,F,F,F,F,W;W,F,F,F,F,F,F,F,F,F,F,F,F,F,F,F,F,F,F,F,F,F,F,F,F,F,F,F,F,F,F,F,F,F,F,W;W,F,F,F,F,F,F,F,F,F,F,F,F,F,F,F,F,F,F,F,F,F,F,F,F,F,F,F,F,F,F,F,F,F,F,W;W,F,F,F,F,F,F,F,F,F,F,F,F,F,F,F,F,F,F,F,F,F,F,F,F,F,F,F,F,F,F,F,F,F,F,W;W,F,F,F,F,F,F,F,F,F,F,F,F,F,F,F,F,F,F,F,F,F,F,F,F,F,F,F,F,F,F,F,F,F,F,W;W,F,F,F,F,F,F,F,F,F,F,F,F,F,F,F,F,F,F,F,F,F,F,F,F,F,F,F,F,F,F,F,F,F,F,W;W,F,F,F,F,F,F,F,F,F,F,F,F,F,F,F,F,F,F,F,F,F,F,F,F,F,F,F,F,F,F,F,F,F,F,W;W,F,F,F,F,F,F,F,F,F,F,F,F,F,F,F,F,F,F,F,F,F,F,F,F,F,F,F,F,F,F,F,F,F,F,W;W,F,F,F,F,F,F,F,F,F,F,F,F,F,F,F,F,F,F,F,F,F,F,F,F,F,F,F,F,F,F,F,F,F,F,W;W,F,F,F,F,F,F,F,F,F,F,F,F,F,F,F,F,F,F,F,F,F,F,F,F,F,F,F,F,F,F,F,F,F,F,W;W,F,F,F,F,mc6r5,F,F,W,W,F,F,F,F,F,F,F,F,F,F,F,F,F,F,W,W,F,F,F,mc6r5,F,F,F,F,F,W;W,F,F,F,F,F,F,F,W,W,F,F,F,F,F,F,F,F,F,F,F,F,F,F,W,W,F,F,F,F,F,F,F,F,F,W;W,F,F,F,F,F,F,F,F,F,F,F,F,F,F,F,F,F,F,F,F,F,F,F,F,F,F,F,F,F,F,F,F,F,F,W;W,F,F,F,F,F,F,F,F,F,F,F,F,F,F,F,F,F,F,F,F,F,F,F,F,F,F,F,F,F,F,F,F,F,F,W;W,F,F,F,F,F,F,F,F,F,F,F,F,F,F,F,F,F,F,F,F,F,F,F,F,F,F,F,F,F,F,F,F,F,F,W;W,F,F,F,F,F,F,F,F,F,F,F,F,F,F,F,F,F,F,F,F,F,F,F,F,F,F,F,F,F,F,F,F,F,F,W;W,F,F,F,F,F,F,F,F,F,F,F,F,F,F,F,F,F,F,F,F,F,F,F,F,F,F,F,F,F,F,F,F,F,F,W;W,W,W,W,W,W,W,W,W,W,W,W,W,W,W,W,F,F,F,F,F,W,W,W,W,W,W,W,W,W,W,W,W,W,W,W",Standard,Fade,0,1.5,4,1,Sacred
15,4,Normal,빛의 통로 II,-36,0,147,36,36,14|16|20,0,,0,0,1.7,false,0,0,0,,,Sacred,,"W,W,W,W,W,W,W,W,W,W,W,W,W,W,W,W,F,F,F,F,F,W,W,W,W,W,W,W,W,W,W,W,W,W,W,W;W,F,F,F,F,F,F,F,F,F,F,F,F,F,F,F,F,F,F,F,F,F,F,F,F,F,F,F,F,F,F,F,F,F,F,W;W,F,W,W,W,F,F,F,F,F,F,F,F,F,F,F,F,F,F,F,F,F,F,F,F,F,F,F,F,F,W,W,W,F,F,W;W,F,W,W,W,F,F,F,F,F,F,F,F,F,F,F,F,F,F,F,F,F,F,F,F,F,F,F,F,F,W,W,W,F,F,W;W,F,W,W,W,F,F,F,F,F,F,F,F,F,F,F,F,F,F,F,F,F,F,F,F,F,F,F,F,F,W,W,W,F,F,W;W,F,F,F,F,F,F,F,F,F,F,F,F,F,F,F,F,F,F,F,F,F,F,F,F,F,F,F,F,F,F,F,F,F,F,W;W,F,F,F,F,F,F,F,F,F,F,F,F,F,F,F,F,F,F,F,F,F,F,F,F,F,F,F,F,F,F,F,F,F,F,W;W,F,F,F,F,F,F,F,F,F,F,F,F,F,F,F,F,F,F,F,F,F,F,F,F,F,F,F,F,F,F,F,F,F,F,W;W,F,F,F,F,F,F,F,F,F,F,F,F,F,F,F,F,F,F,F,F,F,F,F,F,F,F,F,F,F,F,F,F,F,F,W;W,F,F,F,F,F,F,F,F,mc6r5,F,F,F,F,F,F,F,F,F,F,F,F,F,F,F,mc6r5,F,F,F,F,F,F,F,F,F,W;W,F,F,F,F,F,F,F,F,F,F,F,F,F,F,F,F,F,F,F,F,F,F,F,F,F,F,F,F,F,F,F,F,F,F,W;W,F,F,F,F,F,F,F,F,F,F,F,F,F,F,F,F,F,F,F,F,F,F,F,F,F,F,F,F,F,F,F,F,F,F,W;W,F,F,F,F,F,F,F,F,F,F,F,F,F,F,F,F,F,F,F,F,F,F,F,F,F,F,F,F,F,F,F,F,F,F,W;W,F,F,F,F,F,F,F,F,F,F,F,F,F,F,F,F,F,F,F,F,F,F,F,F,F,F,F,F,F,F,F,F,F,F,W;W,F,F,F,F,F,F,F,F,F,F,F,F,F,F,F,F,F,F,F,F,F,F,F,F,F,F,F,F,F,F,F,F,F,F,W;W,F,F,F,F,F,F,F,F,F,F,F,F,F,F,F,F,F,F,F,F,F,F,F,F,F,F,F,F,F,F,F,F,F,F,W;W,F,F,F,F,F,F,F,F,F,F,F,F,F,F,F,F,F,F,F,F,F,F,F,F,F,F,F,F,F,F,F,F,F,F,W;W,F,F,F,F,F,F,F,F,F,F,F,F,F,F,F,F,F,F,F,F,F,F,F,F,F,F,F,F,F,F,F,F,F,F,W;W,F,F,F,F,F,F,F,mc6r5,F,F,F,F,F,F,F,F,F,P,F,F,F,F,F,F,F,mc6r5,F,F,F,F,F,F,F,F,W;W,F,F,F,F,F,F,F,F,F,F,F,F,F,F,F,F,F,F,F,F,F,F,F,F,F,F,F,F,F,F,F,F,F,F,W;W,F,F,F,F,F,F,F,F,F,F,F,F,F,F,F,F,F,F,F,F,F,F,F,F,F,F,F,F,F,F,F,F,F,F,W;W,F,F,F,F,F,F,F,F,F,F,F,F,F,F,F,F,F,F,F,F,F,F,F,F,F,F,F,F,F,F,F,F,F,F,W;W,F,F,F,F,F,F,F,F,F,F,F,F,F,F,F,F,F,F,F,F,F,F,F,F,F,F,F,F,F,F,F,F,F,F,W;W,F,F,F,F,F,F,F,F,F,F,F,F,F,F,F,F,F,F,F,F,F,F,F,F,F,F,F,F,F,F,F,F,F,F,W;W,F,F,F,F,F,F,F,F,F,F,F,F,F,F,F,F,F,F,F,F,F,F,F,F,F,F,F,F,F,F,F,F,F,F,W;W,F,F,F,F,F,F,F,F,mc6r5,F,F,F,F,F,F,F,F,F,F,F,F,F,F,F,mc6r5,F,F,F,F,F,F,F,F,F,W;W,F,F,F,F,F,F,F,F,F,F,F,F,F,F,F,F,F,F,F,F,F,F,F,F,F,F,F,F,F,F,F,F,F,F,W;W,F,F,F,F,F,F,F,F,F,F,F,F,F,F,F,F,F,F,F,F,F,F,F,F,F,F,F,F,F,F,F,F,F,F,W;W,F,F,F,F,F,F,F,F,F,F,F,F,F,F,F,F,F,F,F,F,F,F,F,F,F,F,F,F,F,F,F,F,F,F,W;W,F,F,F,F,F,F,F,F,F,F,F,F,F,F,F,F,F,F,F,F,F,F,F,F,F,F,F,F,F,F,F,F,F,F,W;W,F,W,W,W,F,F,F,F,F,F,F,F,F,F,F,F,F,F,F,F,F,F,F,F,F,F,F,F,F,W,W,W,F,F,W;W,F,W,W,W,F,F,F,F,F,F,F,F,F,F,F,F,F,F,F,F,F,F,F,F,F,F,F,F,F,W,W,W,F,F,W;W,F,W,W,W,F,F,F,F,F,F,F,F,F,F,F,F,F,F,F,F,F,F,F,F,F,F,F,F,F,W,W,W,F,F,W;W,F,F,F,F,F,F,F,F,F,F,F,F,F,F,F,F,F,F,F,F,F,F,F,F,F,F,F,F,F,F,F,F,F,F,W;W,F,F,F,F,F,F,F,F,F,F,F,F,F,F,F,F,F,F,F,F,F,F,F,F,F,F,F,F,F,F,F,F,F,F,W;W,W,W,W,W,W,W,W,W,W,W,W,W,W,W,W,F,F,F,F,F,W,W,W,W,W,W,W,W,W,W,W,W,W,W,W",Standard,Fade,0,1.5,4,1,Sacred
16,4,Event,신성의 전당,0,0,147,34,36,15|17|21,0,,0,0,0,false,0,0,0,,,Sacred,,"W,W,W,W,W,W,W,W,W,W,W,W,W,W,W,F,F,F,F,F,W,W,W,W,W,W,W,W,W,W,W,W,W,W;W,F,F,F,F,F,F,F,F,F,F,F,F,F,F,F,F,F,F,F,F,F,F,F,F,F,F,F,F,F,F,F,F,W;W,F,F,F,F,F,F,F,F,F,F,F,F,F,F,F,F,F,F,F,F,F,F,F,F,F,F,F,F,F,F,F,F,W;W,F,F,F,F,F,F,F,F,F,F,F,F,F,F,F,F,F,F,F,F,F,F,F,F,F,F,F,F,F,F,F,F,W;W,F,F,F,F,F,F,F,F,F,F,F,F,F,F,F,F,F,F,F,F,F,F,F,F,F,F,F,F,F,F,F,F,W;W,F,F,F,F,F,F,F,F,F,F,F,F,F,F,W,W,F,F,F,F,F,F,F,F,F,F,F,F,F,F,F,F,W;W,F,F,F,F,F,F,F,F,F,F,F,F,F,F,W,W,F,F,F,F,F,F,F,F,F,F,F,F,F,F,F,F,W;W,F,F,F,F,F,F,F,F,F,F,F,F,F,F,F,F,F,F,F,F,F,F,F,F,F,F,F,F,F,F,F,F,W;W,F,F,F,F,F,F,F,F,F,F,F,F,F,F,F,F,F,F,F,F,F,F,F,F,F,F,F,F,F,F,F,F,W;W,F,F,F,F,F,F,W,W,F,F,F,F,F,F,F,F,F,F,F,F,F,F,W,W,F,F,F,F,F,F,F,F,W;W,F,F,F,F,F,F,W,W,F,F,F,F,F,F,F,F,F,F,F,F,F,F,W,W,F,F,F,F,F,F,F,F,W;W,F,F,F,F,F,F,F,F,F,F,F,F,F,F,F,F,F,F,F,F,F,F,F,F,F,F,F,F,F,F,F,F,W;W,F,F,F,F,F,F,F,F,F,F,F,F,F,F,F,F,F,F,F,F,F,F,F,F,F,F,F,F,F,F,F,F,W;W,F,F,F,F,F,F,F,F,F,F,F,F,F,F,F,F,F,F,F,F,F,F,F,F,F,F,F,F,F,F,F,F,W;W,F,F,F,F,F,F,F,F,F,F,F,F,F,F,F,F,F,F,F,F,F,F,F,F,F,F,F,F,F,F,F,F,W;W,F,F,F,F,F,F,F,F,F,F,F,F,F,F,F,F,F,F,F,F,F,F,F,F,F,F,F,F,F,F,F,F,W;W,F,F,F,W,W,F,F,F,F,F,F,F,F,F,F,F,F,F,F,F,F,F,F,F,F,W,W,F,F,F,F,F,W;W,F,F,F,W,W,F,F,F,F,F,F,F,F,F,F,F,F,F,F,F,F,F,F,F,F,W,W,F,F,F,F,F,W;W,F,F,F,F,F,F,F,F,F,F,F,F,F,F,F,F,F,F,F,F,F,F,F,F,F,F,F,F,F,F,F,F,W;W,F,F,F,F,F,F,F,F,F,F,F,F,F,F,F,F,F,F,F,F,F,F,F,F,F,F,F,F,F,F,F,F,W;W,F,F,F,F,F,F,F,F,F,F,F,F,F,F,F,F,F,F,F,F,F,F,F,F,F,F,F,F,F,F,F,F,W;W,F,F,F,F,F,F,F,F,F,F,F,F,F,F,F,F,F,F,F,F,F,F,F,F,F,F,F,F,F,F,F,F,W;W,F,F,F,F,F,F,F,F,F,F,F,F,F,F,F,F,F,F,F,F,F,F,F,F,F,F,F,F,F,F,F,F,W;W,F,F,F,F,F,F,W,W,F,F,F,F,F,F,F,F,F,F,F,F,F,F,W,W,F,F,F,F,F,F,F,F,W;W,F,F,F,F,F,F,W,W,F,F,F,F,F,F,F,F,F,F,F,F,F,F,W,W,F,F,F,F,F,F,F,F,W;W,F,F,F,F,F,F,F,F,F,F,F,F,F,F,F,F,F,F,F,F,F,F,F,F,F,F,F,F,F,F,F,F,W;W,F,F,F,F,F,F,F,F,F,F,F,F,F,F,F,F,F,F,F,F,F,F,F,F,F,F,F,F,F,F,F,F,W;W,F,F,F,F,F,F,F,F,F,F,F,F,F,F,F,F,F,F,F,F,F,F,F,F,F,F,F,F,F,F,F,F,W;W,F,F,F,F,F,F,F,F,F,F,F,F,F,F,W,W,F,F,F,F,F,F,F,F,F,F,F,F,F,F,F,F,W;W,F,F,F,F,F,F,F,F,F,F,F,F,F,F,W,W,F,F,F,F,F,F,F,F,F,F,F,F,F,F,F,F,W;W,F,F,F,F,F,F,F,F,F,F,F,F,F,F,F,F,F,F,F,F,F,F,F,F,F,F,F,F,F,F,F,F,W;W,F,F,F,F,F,F,F,F,F,F,F,F,F,F,F,F,F,F,F,F,F,F,F,F,F,F,F,F,F,F,F,F,W;W,F,F,F,F,F,F,F,F,F,F,F,F,F,F,F,F,P,F,F,F,F,F,F,F,F,F,F,F,F,F,F,F,W;W,F,F,F,F,F,F,F,F,F,F,F,F,F,F,F,F,F,F,F,F,F,F,F,F,F,F,F,F,F,F,F,F,W;W,F,F,F,F,F,F,F,F,F,F,F,F,F,F,F,F,F,F,F,F,F,F,F,F,F,F,F,F,F,F,F,F,W;W,W,W,W,W,W,W,W,W,W,W,W,W,W,W,F,F,F,F,F,W,W,W,W,W,W,W,W,W,W,W,W,W,W",Standard,Fade,0,1.5,0,1,Sacred
17,4,Normal,성소 협곡 II,36,0,147,36,36,16|18|22,0,,0,0,1.7,false,0,0,0,,,Sacred,,"W,W,W,W,W,W,W,W,W,W,W,W,W,W,W,W,F,F,F,F,F,W,W,W,W,W,W,W,W,W,W,W,W,W,W,W;W,F,F,F,F,F,F,F,F,F,F,F,F,F,F,F,F,F,F,F,F,F,F,F,F,F,F,F,F,F,F,F,F,F,F,W;W,F,F,F,F,F,F,F,F,F,F,F,F,F,F,F,F,F,F,F,F,F,F,F,F,F,F,F,F,F,F,F,F,F,F,W;W,F,F,F,F,F,F,F,F,F,F,F,F,F,F,F,F,F,F,F,F,F,F,F,F,F,F,F,F,F,F,F,F,F,F,W;W,F,F,F,F,F,F,F,F,F,F,F,F,F,F,F,F,F,F,F,F,F,F,F,F,F,F,F,F,F,F,F,F,F,F,W;W,F,F,F,F,F,F,F,F,F,F,F,F,F,F,F,F,F,F,F,F,F,F,F,F,F,F,F,F,F,F,F,F,F,F,W;W,F,F,F,F,F,F,F,F,F,F,F,F,F,F,F,F,F,F,F,F,F,F,F,F,F,F,F,F,F,F,F,F,F,F,W;W,F,F,F,F,F,F,F,F,F,F,F,F,F,F,F,F,F,F,F,F,F,F,F,F,F,F,F,F,F,F,F,F,F,F,W;W,F,F,F,mc6r5,F,F,F,F,F,F,F,F,F,F,F,F,F,F,F,F,F,F,F,F,F,F,F,F,mc6r5,F,F,F,F,F,W;W,F,F,F,F,F,F,F,F,F,F,F,W,W,F,F,F,F,F,F,F,F,F,W,W,F,F,F,F,F,F,F,F,F,F,W;W,F,F,F,F,F,F,F,F,F,F,F,W,W,F,F,F,F,mc6r5,F,F,F,F,W,W,F,F,F,F,F,F,F,F,F,F,W;W,F,F,F,F,F,F,F,F,F,F,F,W,W,F,F,F,F,F,F,F,F,F,W,W,F,F,F,F,F,F,F,F,F,F,W;W,F,F,F,F,F,F,F,F,F,F,F,W,W,F,F,F,F,F,F,F,F,F,W,W,F,F,F,F,F,F,F,F,F,F,W;W,F,F,F,F,F,F,F,F,F,F,F,W,W,F,F,F,F,F,F,F,F,F,W,W,F,F,F,F,F,F,F,F,F,F,W;W,F,F,F,F,F,F,F,F,F,F,F,W,W,F,F,F,F,F,F,F,F,F,W,W,F,F,F,F,F,F,F,F,F,F,W;W,F,F,F,F,F,F,F,F,F,F,F,W,W,F,F,F,F,F,F,F,F,F,W,W,F,F,F,F,F,F,F,F,F,F,W;W,F,F,F,F,F,F,F,F,F,F,F,W,W,F,F,F,F,F,F,F,F,F,W,W,F,F,F,F,F,F,F,F,F,F,W;W,F,F,F,F,F,F,F,F,F,F,F,W,W,F,F,F,F,F,F,F,F,F,W,W,F,F,F,F,F,F,F,F,F,F,W;W,F,F,F,F,F,F,F,F,F,F,F,W,W,F,F,F,F,P,F,F,F,F,W,W,F,F,F,F,F,F,F,F,F,F,W;W,F,F,F,F,F,F,F,F,F,F,F,W,W,F,F,F,F,F,F,F,F,F,W,W,F,F,F,F,F,F,F,F,F,F,W;W,F,F,F,F,F,F,F,F,F,F,F,W,W,F,F,F,F,F,F,F,F,F,W,W,F,F,F,F,F,F,F,F,F,F,W;W,F,F,F,F,F,F,F,F,F,F,F,W,W,F,F,F,F,F,F,F,F,F,W,W,F,F,F,F,F,F,F,F,F,F,W;W,F,F,F,F,F,F,F,F,F,F,F,W,W,F,F,F,F,F,F,F,F,F,W,W,F,F,F,F,F,F,F,F,F,F,W;W,F,F,F,F,F,F,F,F,F,F,F,W,W,F,F,F,F,F,F,F,F,F,W,W,F,F,F,F,F,F,F,F,F,F,W;W,F,F,F,F,F,F,F,F,F,F,F,W,W,F,F,F,F,mc6r5,F,F,F,F,W,W,F,F,F,F,F,F,F,F,F,F,W;W,F,F,F,F,F,F,F,F,F,F,F,W,W,F,F,F,F,F,F,F,F,F,W,W,F,F,F,F,F,F,F,F,F,F,W;W,F,F,F,mc6r5,F,F,F,F,F,F,F,W,W,F,F,F,F,F,F,F,F,F,W,W,F,F,F,F,mc6r5,F,F,F,F,F,W;W,F,F,F,F,F,F,F,F,F,F,F,F,F,F,F,F,F,F,F,F,F,F,F,F,F,F,F,F,F,F,F,F,F,F,W;W,F,F,F,F,F,F,F,F,F,F,F,F,F,F,F,F,F,F,F,F,F,F,F,F,F,F,F,F,F,F,F,F,F,F,W;W,F,F,F,F,F,F,F,F,F,F,F,F,F,F,F,F,F,F,F,F,F,F,F,F,F,F,F,F,F,F,F,F,F,F,W;W,F,F,F,F,F,F,F,F,F,F,F,F,F,F,F,F,F,F,F,F,F,F,F,F,F,F,F,F,F,F,F,F,F,F,W;W,F,F,F,F,F,F,F,F,F,F,F,F,F,F,F,F,F,F,F,F,F,F,F,F,F,F,F,F,F,F,F,F,F,F,W;W,F,F,F,F,F,F,F,F,F,F,F,F,F,F,F,F,F,F,F,F,F,F,F,F,F,F,F,F,F,F,F,F,F,F,W;W,F,F,F,F,F,F,F,F,F,F,F,F,F,F,F,F,F,F,F,F,F,F,F,F,F,F,F,F,F,F,F,F,F,F,W;W,F,F,F,F,F,F,F,F,F,F,F,F,F,F,F,F,F,F,F,F,F,F,F,F,F,F,F,F,F,F,F,F,F,F,W;W,W,W,W,W,W,W,W,W,W,W,W,W,W,W,W,F,F,F,F,F,W,W,W,W,W,W,W,W,W,W,W,W,W,W,W",Standard,Fade,0,1.5,4,1,Sacred
18,4,Normal,심층 신성 II,72,0,147,36,36,17|23,0,,0,0,1.7,false,0,0,0,,,Sacred,,"W,W,W,W,W,W,W,W,W,W,W,W,W,W,W,W,F,F,F,F,F,W,W,W,W,W,W,W,W,W,W,W,W,W,W,W;W,F,F,F,F,F,F,F,F,F,F,F,F,F,F,F,F,F,F,F,F,F,F,F,F,F,F,F,F,F,F,F,F,F,F,W;W,F,F,F,F,F,F,F,F,F,F,F,F,F,F,F,F,F,F,F,F,F,F,F,F,F,F,F,F,F,F,F,F,F,F,W;W,F,F,F,F,F,F,F,F,F,F,F,F,F,F,F,F,F,F,F,F,F,F,F,F,F,F,F,F,F,F,F,F,F,F,W;W,F,F,F,W,W,F,F,F,F,F,F,W,W,F,F,F,F,F,F,W,W,F,F,F,F,F,F,W,W,F,F,F,F,F,W;W,F,F,F,W,W,F,F,F,F,F,F,W,W,F,F,F,F,F,F,W,W,F,F,F,F,F,F,W,W,F,F,F,F,F,W;W,F,F,F,F,F,F,F,F,F,F,F,F,F,F,F,F,F,F,F,F,F,F,F,F,F,F,F,F,F,F,F,F,F,F,W;W,F,F,F,F,F,F,F,F,F,F,F,F,F,F,F,F,F,F,F,F,F,F,F,F,F,F,F,F,F,F,F,F,F,F,W;W,F,F,F,F,F,F,F,mc6r5,F,F,F,F,F,F,F,F,F,F,F,F,F,F,F,F,F,mc6r5,F,F,F,F,F,F,F,F,W;W,F,F,F,F,F,F,F,F,F,F,F,F,F,F,F,F,F,F,F,F,F,F,F,F,F,F,F,F,F,F,F,F,F,F,W;W,F,F,F,F,F,F,F,F,F,F,F,F,F,F,F,F,F,F,F,F,F,F,F,F,F,F,F,F,F,F,F,F,F,F,W;W,F,F,F,F,F,F,F,F,F,F,F,F,F,F,F,F,F,F,F,F,F,F,F,F,F,F,F,F,F,F,F,F,F,F,W;W,F,F,F,F,F,F,F,F,F,F,F,F,F,F,F,F,F,F,F,F,F,F,F,F,F,F,F,F,F,F,F,F,F,F,W;W,F,F,F,F,F,F,F,F,F,F,F,F,F,F,F,F,F,F,F,F,F,F,F,F,F,F,F,F,F,F,F,F,F,F,W;W,F,F,F,F,F,F,F,F,F,F,F,F,F,F,F,F,F,F,F,F,F,F,F,F,F,F,F,F,F,F,F,F,F,F,W;W,F,F,F,F,F,F,F,F,F,F,F,F,F,F,F,F,F,F,F,F,F,F,F,F,F,F,F,F,F,F,F,F,F,F,W;W,F,F,F,F,F,F,F,F,F,F,F,F,F,F,F,F,F,F,F,F,F,F,F,F,F,F,F,F,F,F,F,F,F,F,W;W,F,F,F,F,F,F,F,F,F,F,F,F,F,F,F,F,F,F,F,F,F,F,F,F,F,F,F,F,F,F,F,F,F,F,W;W,F,F,F,mc6r5,F,F,F,F,F,F,F,F,F,F,F,F,F,P,F,F,F,F,F,F,F,F,F,F,F,mc6r5,F,F,F,F,W;W,F,F,F,F,F,F,F,F,F,F,F,F,F,F,F,F,F,F,F,F,F,F,F,F,F,F,F,F,F,F,F,F,F,F,W;W,F,F,F,F,F,F,F,F,F,F,F,F,F,F,F,F,F,F,F,F,F,F,F,F,F,F,F,F,F,F,F,F,F,F,W;W,F,F,F,F,F,F,F,F,F,F,F,F,F,F,F,F,F,F,F,F,F,F,F,F,F,F,F,F,F,F,F,F,F,F,W;W,F,F,F,F,F,F,F,F,F,F,F,F,F,F,F,F,F,F,F,F,F,F,F,F,F,F,F,F,F,F,F,F,F,F,W;W,F,F,F,F,F,F,F,F,F,F,F,F,F,F,F,F,F,F,F,F,F,F,F,F,F,F,F,F,F,F,F,F,F,F,W;W,F,F,F,F,F,F,F,F,F,F,F,F,F,F,F,F,F,F,F,F,F,F,F,F,F,F,F,F,F,F,F,F,F,F,W;W,F,F,F,F,F,F,F,F,F,F,F,F,F,F,F,F,F,F,F,F,F,F,F,F,F,F,F,F,F,F,F,F,F,F,W;W,F,F,F,F,F,F,F,mc6r5,F,F,F,F,F,F,F,F,F,F,F,F,F,F,F,F,F,mc6r5,F,F,F,F,F,F,F,F,W;W,F,F,F,F,F,F,F,F,F,F,F,F,F,F,F,F,F,F,F,F,F,F,F,F,F,F,F,F,F,F,F,F,F,F,W;W,F,F,F,F,F,F,F,W,W,F,F,F,F,F,F,W,W,F,F,F,F,F,F,W,W,F,F,F,F,F,F,F,F,F,W;W,F,F,F,F,F,F,F,W,W,F,F,F,F,F,F,W,W,F,F,F,F,F,F,W,W,F,F,F,F,F,F,F,F,F,W;W,F,F,F,F,F,F,F,F,F,F,F,F,F,F,F,F,F,F,F,F,F,F,F,F,F,F,F,F,F,F,F,F,F,F,W;W,F,F,F,F,F,F,F,F,F,F,F,F,F,F,F,F,F,F,F,F,F,F,F,F,F,F,F,F,F,F,F,F,F,F,W;W,F,F,F,F,F,F,F,F,F,F,F,F,F,F,F,F,F,F,F,F,F,F,F,F,F,F,F,F,F,F,F,F,F,F,W;W,F,F,F,F,F,F,F,F,F,F,F,F,F,F,F,F,F,F,F,F,F,F,F,F,F,F,F,F,F,F,F,F,F,F,W;W,F,F,F,F,F,F,F,F,F,F,F,F,F,F,F,F,F,F,F,F,F,F,F,F,F,F,F,F,F,F,F,F,F,F,W;W,W,W,W,W,W,W,W,W,W,W,W,W,W,W,W,F,F,F,F,F,W,W,W,W,W,W,W,W,W,W,W,W,W,W,W",Standard,Fade,0,1.5,4,1,Sacred
19,5,Elite,신성 정예 서,-84,0,190,40,46,20,0,,0,0,2.6,false,0,0,0,,,Sacred,,"W,W,W,W,W,W,W,W,W,W,W,W,W,W,W,W,W,W,F,F,F,F,F,W,W,W,W,W,W,W,W,W,W,W,W,W,W,W,W,W;W,F,F,F,F,F,F,F,F,F,F,F,F,F,F,F,F,F,F,F,F,F,F,F,F,F,F,F,F,F,F,F,F,F,F,F,F,F,F,W;W,F,F,F,F,F,F,F,F,F,F,F,F,F,F,F,F,F,F,F,F,F,F,F,F,F,F,F,F,F,F,F,F,F,F,F,F,F,F,W;W,F,F,F,F,F,F,F,F,F,F,F,F,F,F,F,F,F,F,F,F,F,F,F,F,F,F,F,F,F,F,F,F,F,F,F,F,F,F,W;W,F,F,F,F,F,F,F,F,F,F,F,F,F,F,F,F,F,F,F,F,F,F,F,F,F,F,F,F,F,F,F,F,F,F,F,F,F,F,W;W,F,F,F,F,W,W,F,F,F,F,F,F,F,F,F,F,F,F,F,F,F,F,F,F,F,F,F,F,F,F,F,F,W,W,F,F,F,F,W;W,F,F,F,F,W,W,F,F,F,F,F,F,F,F,F,F,F,F,F,F,F,F,F,F,F,F,F,F,F,F,F,F,W,W,F,F,F,F,W;W,F,F,F,F,F,F,F,F,F,F,F,F,F,F,F,F,F,F,F,F,F,F,F,F,F,F,F,F,F,F,F,F,F,F,F,F,F,F,W;W,F,F,F,F,F,F,F,F,F,F,F,F,F,F,F,F,F,F,F,F,F,F,F,F,F,F,F,F,F,F,F,F,F,F,F,F,F,F,W;W,F,F,F,F,F,F,F,F,F,F,F,F,F,F,F,F,F,F,F,Me6r5,F,F,F,F,F,F,F,F,F,F,F,F,F,F,F,F,F,F,W;W,F,F,F,F,F,F,F,F,F,F,F,F,F,F,F,F,F,F,F,F,F,F,F,F,F,F,F,F,F,F,F,F,F,F,F,F,F,F,W;W,F,F,F,F,F,F,F,F,F,F,F,F,F,F,F,F,F,F,F,F,F,F,F,F,F,F,F,F,F,F,F,F,F,F,F,F,F,F,W;W,F,F,F,F,F,F,F,F,F,F,F,mc5r5,F,F,F,F,F,F,F,F,F,F,F,F,F,mc5r5,F,F,F,F,F,F,F,F,F,F,F,F,W;W,F,F,F,F,F,F,F,F,F,F,F,F,F,F,F,F,F,F,F,F,F,F,F,F,F,F,F,F,F,F,F,F,F,F,F,F,F,F,W;W,F,F,F,F,F,F,F,F,F,F,F,F,F,F,F,F,F,W,W,F,F,F,F,F,F,F,F,F,F,F,F,F,F,F,F,F,F,F,W;W,F,F,F,F,F,F,F,F,F,F,F,F,F,F,F,F,F,W,W,F,F,F,F,F,F,F,F,F,F,F,F,F,F,F,F,F,F,F,W;W,F,F,F,F,F,F,F,F,F,F,F,F,F,F,F,F,F,F,F,F,F,F,F,F,F,F,F,F,F,F,F,F,F,F,F,F,F,F,W;W,F,F,F,F,F,F,F,F,F,F,F,F,F,F,F,F,F,F,F,F,F,F,F,F,F,F,F,F,F,F,F,F,F,F,F,F,F,F,W;W,F,F,F,F,F,F,F,F,F,F,F,F,F,F,F,F,F,F,F,F,F,F,F,F,F,F,F,F,F,F,F,F,F,F,F,F,F,F,W;W,F,F,F,F,F,F,F,F,F,F,F,F,F,F,F,F,F,F,F,F,F,F,F,F,F,F,F,F,F,F,F,F,F,F,F,F,F,F,W;W,F,F,F,F,F,F,F,F,F,F,F,F,F,F,F,F,F,F,F,F,F,F,F,F,F,F,F,F,F,F,F,F,F,F,F,F,F,F,W;W,F,F,F,F,F,F,F,F,F,F,W,W,F,F,F,F,F,F,F,F,F,F,F,F,F,F,W,W,F,F,F,F,F,F,F,F,F,F,W;W,F,F,F,F,F,F,F,F,F,F,W,W,F,F,F,F,F,F,F,F,F,F,F,F,F,F,W,W,F,F,F,F,F,F,F,F,F,F,W;W,F,F,F,F,F,mc5r5,F,F,F,F,F,F,F,F,F,F,F,F,F,F,F,F,F,F,F,F,F,F,F,F,F,mc5r5,F,F,F,F,F,F,W;W,F,F,F,F,F,F,F,F,F,F,F,F,F,F,F,F,F,F,F,F,F,F,F,F,F,F,F,F,F,F,F,F,F,F,F,F,F,F,W;W,F,F,F,F,F,F,F,F,F,F,F,F,F,F,F,F,F,F,F,F,F,F,F,F,F,F,F,F,F,F,F,F,F,F,F,F,F,F,W;W,F,F,F,F,F,F,F,F,F,F,F,F,F,F,F,F,F,F,F,F,F,F,F,F,F,F,F,F,F,F,F,F,F,F,F,F,F,F,W;W,F,F,F,F,F,F,F,F,F,F,F,F,F,F,F,F,F,F,F,F,F,F,F,F,F,F,F,F,F,F,F,F,F,F,F,F,F,F,W;W,F,F,F,F,F,F,F,F,F,F,F,F,F,F,F,F,F,F,F,F,F,F,F,F,F,F,F,F,F,F,F,F,F,F,F,F,F,F,W;W,F,F,F,F,F,F,F,F,F,F,F,F,F,F,F,F,F,F,F,F,F,F,F,F,F,F,F,F,F,F,F,F,F,F,F,F,F,F,W;W,F,F,F,F,F,F,F,F,F,F,F,F,F,F,F,F,F,W,W,F,F,F,F,F,F,F,F,F,F,F,F,F,F,F,F,F,F,F,W;W,F,F,F,F,F,F,F,F,F,F,F,F,F,F,F,F,F,W,W,F,F,F,F,F,F,F,F,F,F,F,F,F,F,F,F,F,F,F,W;W,F,F,F,F,F,F,F,F,F,F,F,F,F,F,F,F,F,F,F,F,F,F,F,F,F,F,F,F,F,F,F,F,F,F,F,F,F,F,W;W,F,F,F,F,F,F,F,F,F,F,F,F,F,F,F,F,F,F,F,P,F,F,F,F,F,F,F,F,F,F,F,F,F,F,F,F,F,F,W;W,F,F,F,F,F,F,F,F,F,F,F,F,F,F,F,F,F,F,F,F,F,F,F,F,F,F,F,F,F,F,F,F,F,F,F,F,F,F,W;W,F,F,F,F,F,F,F,F,F,F,F,F,F,F,F,F,F,F,F,F,F,F,F,F,F,F,F,F,F,F,F,F,F,F,F,F,F,F,W;W,F,F,F,F,F,F,F,F,F,F,F,F,F,F,F,F,F,F,F,Me6r5,F,F,F,F,F,F,F,F,F,F,F,F,F,F,F,F,F,F,W;W,F,F,F,F,F,F,F,F,F,F,F,F,F,F,F,F,F,F,F,F,F,F,F,F,F,F,F,F,F,F,F,F,F,F,F,F,F,F,W;W,F,F,F,F,F,F,F,F,F,F,F,F,F,F,F,F,F,F,F,F,F,F,F,F,F,F,F,F,F,F,F,F,F,F,F,F,F,F,W;W,F,F,F,F,W,W,F,F,F,F,F,F,F,F,F,F,F,F,F,F,F,F,F,F,F,F,F,F,F,F,F,F,W,W,F,F,F,F,W;W,F,F,F,F,W,W,F,F,F,F,F,F,F,F,F,F,F,F,F,F,F,F,F,F,F,F,F,F,F,F,F,F,W,W,F,F,F,F,W;W,F,F,F,F,F,F,F,F,F,F,F,F,F,F,F,F,F,F,F,F,F,F,F,F,F,F,F,F,F,F,F,F,F,F,F,F,F,F,W;W,F,F,F,F,F,F,F,F,F,F,F,F,F,F,F,F,F,F,F,F,F,F,F,F,F,F,F,F,F,F,F,F,F,F,F,F,F,F,W;W,F,F,F,F,F,F,F,F,F,F,F,F,F,F,F,F,F,F,F,F,F,F,F,F,F,F,F,F,F,F,F,F,F,F,F,F,F,F,W;W,F,F,F,F,F,F,F,F,F,F,F,F,F,F,F,F,F,F,F,F,F,F,F,F,F,F,F,F,F,F,F,F,F,F,F,F,F,F,W;W,W,W,W,W,W,W,W,W,W,W,W,W,W,W,W,W,W,F,F,F,F,F,W,W,W,W,W,W,W,W,W,W,W,W,W,W,W,W,W",Standard,Fade,0,1.5,5,1,Sacred
20,5,Normal,성소 서편,-42,0,190,40,40,19|21|24,0,,0,0,2.0,false,0,0,0,,,Sacred,,"W,W,W,W,W,W,W,W,W,W,W,W,W,W,W,W,W,W,F,F,F,F,F,W,W,W,W,W,W,W,W,W,W,W,W,W,W,W,W,W;W,F,F,F,F,F,F,F,F,F,F,F,F,F,F,F,F,F,F,F,F,F,F,F,F,F,F,F,F,F,F,F,F,F,F,F,F,F,F,W;W,F,F,F,F,F,F,F,F,F,F,F,F,F,F,F,F,F,F,F,F,F,F,F,F,F,F,F,F,F,F,F,F,F,F,F,F,F,W,W;W,F,F,F,F,F,F,F,F,F,F,F,F,F,F,F,F,F,F,F,F,F,F,F,F,F,F,F,F,F,F,F,F,F,F,F,F,F,F,W;W,F,F,F,F,F,F,F,F,F,F,F,F,F,F,F,F,F,F,F,F,F,F,F,F,F,F,F,F,F,F,F,F,F,F,F,F,F,F,W;W,F,F,F,F,F,F,F,F,F,F,F,F,F,F,F,F,F,F,F,F,F,F,F,F,F,F,F,F,F,F,F,F,F,F,F,F,F,F,W;W,F,F,F,F,F,F,F,F,F,F,F,F,F,F,F,F,F,F,F,F,F,F,F,F,F,F,F,F,F,F,F,F,F,F,F,F,F,F,W;W,F,F,F,F,F,F,F,F,F,F,F,F,F,F,F,F,F,F,F,F,F,F,F,F,F,F,F,F,F,F,F,F,F,F,F,F,F,F,W;W,F,F,F,F,F,F,F,mc7r5,W,F,F,F,F,F,F,F,F,F,F,mc7r5,F,F,F,W,W,F,F,F,F,mc7r5,F,F,F,F,F,F,F,F,W;W,F,F,F,F,F,F,F,W,W,F,F,F,F,F,F,F,F,F,F,F,F,F,F,W,W,F,F,F,F,F,F,F,F,F,F,F,F,F,W;W,F,F,F,F,F,F,F,F,F,F,F,F,F,F,F,F,F,F,F,F,F,F,F,F,F,F,F,F,F,F,F,F,F,F,F,F,F,F,W;W,F,F,F,F,F,F,F,F,F,F,F,F,F,F,F,F,F,F,F,F,F,F,F,F,F,F,F,F,F,F,F,F,F,F,F,F,F,F,W;W,F,F,F,F,F,F,F,F,F,F,F,F,F,F,F,F,F,F,F,F,F,F,F,F,F,F,F,F,F,F,F,F,F,F,F,F,F,F,W;W,F,F,F,F,F,F,F,F,F,F,F,F,F,F,F,F,F,F,F,F,F,F,F,F,F,F,F,F,F,F,F,F,F,F,F,F,F,F,W;W,F,F,F,F,F,F,F,F,F,F,F,F,F,F,F,F,F,F,F,F,F,F,F,F,F,F,F,F,F,F,F,F,F,F,F,F,F,F,W;W,F,F,F,F,F,F,F,F,F,F,F,F,F,F,F,F,F,F,F,F,F,F,F,F,F,F,F,F,F,F,F,F,F,F,F,F,F,F,W;W,F,F,F,F,F,F,F,F,F,F,F,F,F,F,F,W,W,F,F,F,F,F,F,F,F,F,F,F,F,F,F,F,F,F,F,F,F,F,W;W,F,F,F,F,F,F,F,F,F,F,F,F,F,F,F,W,W,F,F,F,F,F,F,F,F,F,F,F,F,F,F,F,F,F,F,F,F,F,W;W,F,F,F,F,F,F,F,F,F,F,F,F,F,F,F,F,F,F,F,F,F,F,F,F,F,F,F,F,F,F,F,F,F,F,F,F,F,F,W;W,F,F,F,F,F,F,F,F,F,F,F,F,F,F,F,F,F,F,F,F,F,F,F,F,F,F,F,F,F,F,F,F,F,F,F,F,F,F,W;W,F,F,F,F,F,mc7r5,F,F,F,F,F,F,F,F,F,F,F,F,F,P,F,F,F,F,F,F,F,F,F,F,F,mc7r5,F,F,F,F,F,F,W;W,F,F,F,F,F,F,F,F,F,F,F,F,F,F,F,F,F,F,F,F,F,F,F,F,F,F,F,F,F,F,F,F,F,F,F,F,F,F,W;W,F,F,F,F,F,F,F,F,F,F,F,F,F,F,F,F,F,F,F,F,F,F,F,F,F,F,F,F,F,F,F,F,F,F,F,F,F,F,W;W,F,F,F,F,F,F,F,F,F,F,F,F,F,F,F,F,F,F,F,F,F,F,F,F,F,F,F,F,F,F,F,F,F,F,F,F,F,F,W;W,F,F,F,F,F,F,F,W,W,F,F,F,F,F,F,F,F,F,F,F,F,F,F,F,F,F,F,F,F,W,W,F,F,F,F,F,F,F,W;W,F,F,F,F,F,F,F,W,W,F,F,F,F,F,F,F,F,F,F,F,F,F,F,F,F,F,F,F,F,W,W,F,F,F,F,F,F,F,W;W,F,F,F,F,F,F,F,F,F,F,F,F,F,F,F,F,F,F,F,F,F,F,F,F,F,F,F,F,F,F,F,F,F,F,F,F,F,F,W;W,F,F,F,F,F,F,F,F,F,F,F,F,F,F,F,F,F,F,F,F,F,F,F,F,F,F,F,F,F,F,F,F,F,F,F,F,F,F,W;W,F,F,F,F,F,F,F,F,F,F,F,F,F,F,F,F,F,F,F,F,F,F,F,F,F,F,F,F,F,F,F,F,F,F,F,F,F,F,W;W,F,F,F,F,F,F,F,F,F,F,F,F,F,F,F,F,F,F,F,F,F,F,F,F,F,F,F,F,F,F,F,F,F,F,F,F,F,F,W;W,F,F,F,F,F,F,F,mc7r5,F,F,F,F,F,F,F,F,F,F,F,mc7r5,F,F,F,F,F,F,F,F,F,mc7r5,F,F,F,F,F,F,F,F,W;W,F,F,F,F,F,F,F,F,F,F,F,F,F,F,F,F,F,F,F,F,F,F,F,F,F,F,F,F,F,F,F,F,F,F,F,F,F,F,W;W,F,F,F,F,F,F,F,F,F,F,F,F,F,F,F,W,W,F,F,F,F,F,F,F,F,F,F,F,F,W,W,F,F,F,F,F,F,F,W;W,F,F,F,F,F,F,F,F,F,F,F,F,F,F,F,W,W,F,F,F,F,F,F,F,F,F,F,F,F,W,W,F,F,F,F,F,F,F,W;W,F,F,F,F,F,F,F,F,F,F,F,F,F,F,F,F,F,F,F,F,F,F,F,F,F,F,F,F,F,F,F,F,F,F,F,F,F,F,W;W,F,F,F,F,F,F,F,F,F,F,F,F,F,F,F,F,F,F,F,F,F,F,F,F,F,F,F,F,F,F,F,F,F,F,F,F,F,W,W;W,F,F,F,F,F,F,F,F,F,F,F,F,F,F,F,F,F,F,F,F,F,F,F,F,F,F,F,F,F,F,F,F,F,F,F,F,F,F,W;W,F,F,F,F,F,F,F,F,F,F,F,F,F,F,F,F,F,F,F,F,F,F,F,F,F,F,F,F,F,F,F,F,F,F,F,F,F,F,W;W,F,F,F,F,F,F,F,F,F,F,F,F,F,F,F,F,F,F,F,F,F,F,F,F,F,F,F,F,F,F,F,F,F,F,F,F,F,F,W;W,W,W,W,W,W,W,W,W,W,W,W,W,W,W,W,W,W,F,F,F,F,F,W,W,W,W,W,W,W,W,W,W,W,W,W,W,W,W,W",Standard,Fade,0,1.5,4,1,Sacred
21,5,Normal,빛의 광장,0,0,190,40,40,20|22|25,0,,0,0,2.0,false,0,0,0,,,Sacred,,"W,W,W,W,W,W,W,W,W,W,W,W,W,W,W,W,W,W,F,F,F,F,F,W,W,W,W,W,W,W,W,W,W,W,W,W,W,W,W,W;W,F,F,F,F,F,F,F,F,F,F,F,F,F,F,F,F,F,F,F,F,F,F,F,F,F,F,F,F,F,F,F,F,F,F,F,F,F,F,W;W,F,F,F,F,F,F,F,F,F,F,F,F,F,F,F,F,F,F,F,F,F,F,F,F,F,F,F,F,F,F,F,F,F,F,F,F,F,F,W;W,F,F,F,F,F,F,F,F,F,F,F,F,F,F,F,F,F,F,F,F,F,F,F,F,F,F,F,F,F,F,F,F,F,F,F,F,F,F,W;W,F,F,F,F,F,F,F,F,F,F,F,F,F,F,F,F,F,F,F,F,F,F,F,F,F,F,F,F,F,F,F,F,F,F,F,F,F,F,W;W,F,F,F,F,F,F,F,F,F,F,F,F,F,F,F,F,F,F,F,F,F,F,F,F,F,F,F,F,F,F,F,F,F,F,F,F,F,F,W;W,F,F,F,F,F,mc7r5,F,F,F,F,F,F,F,F,F,F,F,F,F,mc7r5,F,F,F,F,F,F,F,F,F,F,F,mc7r5,F,F,F,F,F,F,W;W,F,F,F,F,F,F,F,F,F,F,F,F,F,F,F,F,F,F,F,F,F,F,F,F,F,F,F,F,F,F,F,F,F,F,F,F,F,F,W;W,F,F,F,F,F,F,F,F,F,F,F,F,F,F,F,F,F,F,F,F,F,F,F,F,F,F,F,F,F,F,F,F,F,F,F,F,F,F,W;W,F,F,F,F,F,F,F,F,F,F,F,F,F,F,F,F,F,F,F,F,F,F,F,F,F,F,F,F,F,F,F,F,F,F,F,F,F,F,W;W,F,F,F,F,F,F,F,F,F,F,F,F,F,F,F,F,F,F,W,W,F,F,F,F,F,F,F,F,F,F,F,F,F,F,F,F,F,F,W;W,F,F,F,F,F,F,F,F,F,F,F,F,F,F,F,F,F,F,W,W,F,F,F,F,F,F,F,F,F,F,F,F,F,F,F,F,F,F,W;W,F,F,F,F,F,F,F,F,F,F,F,F,F,F,F,F,F,F,F,F,F,F,F,F,F,F,F,F,F,F,F,F,F,F,F,F,F,F,W;W,F,F,F,F,F,F,F,F,F,F,F,F,F,F,F,F,F,F,F,F,F,F,F,F,F,F,F,F,F,F,F,F,F,F,F,F,F,F,W;W,F,F,F,F,F,F,F,F,F,F,F,F,F,F,F,F,F,F,F,F,F,F,F,F,F,F,F,F,F,F,F,F,F,F,F,F,F,F,W;W,F,F,F,F,F,F,F,F,F,F,F,F,F,F,F,F,F,F,F,F,F,F,F,F,F,F,F,F,F,F,F,F,F,F,F,F,F,F,W;W,F,F,F,F,F,F,F,F,F,F,F,F,F,F,F,F,F,F,F,F,F,F,F,F,F,F,F,F,F,F,F,F,F,F,F,F,F,F,W;W,F,F,F,F,F,F,F,F,F,F,F,F,F,F,F,F,F,F,F,F,F,F,F,F,F,F,F,F,F,F,F,F,F,F,F,F,F,F,W;W,F,F,F,F,F,F,F,F,F,F,F,F,F,F,F,F,F,F,F,F,F,F,F,F,F,F,F,F,F,F,F,F,F,F,F,F,F,F,W;W,F,F,F,F,F,F,F,F,F,W,W,F,F,F,F,F,F,F,F,F,F,F,F,F,F,F,F,W,W,F,F,F,F,F,F,F,F,F,W;W,F,F,F,F,F,mc7r5,F,F,F,W,W,F,F,F,F,F,F,F,F,P,F,F,F,F,F,F,F,W,W,F,F,mc7r5,F,F,F,F,F,F,W;W,F,F,F,F,F,F,F,F,F,F,F,F,F,F,F,F,F,F,F,F,F,F,F,F,F,F,F,F,F,F,F,F,F,F,F,F,F,F,W;W,F,F,F,F,F,F,F,F,F,F,F,F,F,F,F,F,F,F,F,F,F,F,F,F,F,F,F,F,F,F,F,F,F,F,F,F,F,F,W;W,F,F,F,F,F,F,F,F,F,F,F,F,F,F,F,F,F,F,F,F,F,F,F,F,F,F,F,F,F,F,F,F,F,F,F,F,F,F,W;W,F,F,F,F,F,F,F,F,F,F,F,F,F,F,F,F,F,F,F,F,F,F,F,F,F,F,F,F,F,F,F,F,F,F,F,F,F,F,W;W,F,F,F,F,F,F,F,F,F,F,F,F,F,F,F,F,F,F,F,F,F,F,F,F,F,F,F,F,F,F,F,F,F,F,F,F,F,F,W;W,F,F,F,F,F,F,F,F,F,F,F,F,F,F,F,F,F,F,F,F,F,F,F,F,F,F,F,F,F,F,F,F,F,F,F,F,F,F,W;W,F,F,F,F,F,F,F,F,F,F,F,F,F,F,F,F,F,F,F,F,F,F,F,F,F,F,F,F,F,F,F,F,F,F,F,F,F,F,W;W,F,F,F,F,F,F,F,F,F,F,F,F,F,F,F,F,F,F,W,W,F,F,F,F,F,F,F,F,F,F,F,F,F,F,F,F,F,F,W;W,F,F,F,F,F,F,F,F,F,F,F,F,F,F,F,F,F,F,W,W,F,F,F,F,F,F,F,F,F,F,F,F,F,F,F,F,F,F,W;W,F,F,F,F,F,F,F,F,F,F,F,F,F,F,F,F,F,F,F,F,F,F,F,F,F,F,F,F,F,F,F,F,F,F,F,F,F,F,W;W,F,F,F,F,F,F,F,F,F,F,F,F,F,F,F,F,F,F,F,F,F,F,F,F,F,F,F,F,F,F,F,F,F,F,F,F,F,F,W;W,F,F,F,F,F,mc7r5,F,F,F,F,F,F,F,F,F,F,F,F,F,mc7r5,F,F,F,F,F,F,F,F,F,F,F,mc7r5,F,F,F,F,F,F,W;W,F,F,F,F,F,F,F,F,F,F,F,F,F,F,F,F,F,F,F,F,F,F,F,F,F,F,F,F,F,F,F,F,F,F,F,F,F,F,W;W,F,F,F,F,F,F,F,F,F,F,F,F,F,F,F,F,F,F,F,F,F,F,F,F,F,F,F,F,F,F,F,F,F,F,F,F,F,F,W;W,F,F,F,F,F,F,F,F,F,F,F,F,F,F,F,F,F,F,F,F,F,F,F,F,F,F,F,F,F,F,F,F,F,F,F,F,F,F,W;W,F,F,F,F,F,F,F,F,F,F,F,F,F,F,F,F,F,F,F,F,F,F,F,F,F,F,F,F,F,F,F,F,F,F,F,F,F,F,W;W,F,F,F,F,F,F,F,F,F,F,F,F,F,F,F,F,F,F,F,F,F,F,F,F,F,F,F,F,F,F,F,F,F,F,F,F,F,F,W;W,F,F,F,F,F,F,F,F,F,F,F,F,F,F,F,F,F,F,F,F,F,F,F,F,F,F,F,F,F,F,F,F,F,F,F,F,F,F,W;W,W,W,W,W,W,W,W,W,W,W,W,W,W,W,W,W,W,F,F,F,F,F,W,W,W,W,W,W,W,W,W,W,W,W,W,W,W,W,W",Standard,Fade,0,1.5,4,1,Sacred
22,5,Normal,성소 동편,42,0,190,40,40,21|23|26,0,,0,0,2.0,false,0,0,0,,,Sacred,,"W,W,W,W,W,W,W,W,W,W,W,W,W,W,W,W,W,W,F,F,F,F,F,W,W,W,W,W,W,W,W,W,W,W,W,W,W,W,W,W;W,F,F,F,F,F,F,F,F,F,F,F,F,F,F,F,F,F,F,F,F,F,F,F,F,F,F,F,F,F,F,F,F,F,F,F,F,F,F,W;W,F,F,F,F,F,F,F,F,F,F,F,F,F,F,F,F,F,F,F,F,F,F,F,F,F,F,F,F,F,F,F,F,F,F,F,F,F,F,W;W,F,F,F,F,F,F,F,F,F,F,F,F,F,F,F,F,F,F,F,F,F,F,F,F,F,F,F,F,F,F,F,F,F,F,F,F,F,F,W;W,F,F,F,F,F,F,F,F,F,F,F,F,F,F,F,F,F,F,F,F,F,F,F,F,F,F,F,F,F,F,F,F,F,F,F,F,F,F,W;W,F,F,F,F,F,F,F,F,F,F,F,F,F,F,F,F,F,F,F,F,F,F,F,F,F,F,F,F,F,F,F,F,F,F,F,F,F,F,W;W,F,F,F,F,F,W,W,W,F,F,F,F,F,F,F,F,F,F,F,F,F,F,F,F,F,F,F,F,F,W,W,W,F,F,F,F,F,F,W;W,F,F,F,F,F,W,W,W,F,F,F,F,F,F,F,F,F,F,F,F,F,F,F,F,F,F,F,F,F,W,W,W,F,F,F,F,F,F,W;W,F,F,F,F,F,W,W,W,F,F,F,F,F,F,F,F,F,mc7r5,F,F,F,F,F,F,F,F,F,F,F,W,W,W,F,F,F,F,F,F,W;W,F,F,F,F,F,F,F,F,F,F,F,F,F,F,F,F,F,F,F,F,F,F,F,F,F,F,F,F,F,F,F,F,F,F,F,F,F,F,W;W,F,F,F,F,F,F,F,F,F,F,F,F,F,F,F,F,F,F,F,F,F,F,F,F,F,F,F,F,F,F,F,F,F,F,F,F,F,F,W;W,F,F,F,F,F,F,F,F,F,F,F,F,F,F,F,F,F,F,F,F,F,F,F,F,F,F,F,F,F,F,F,F,F,F,F,F,F,F,W;W,F,F,F,F,F,F,F,F,F,F,F,mc7r5,F,F,F,F,F,F,F,F,F,F,F,F,F,mc7r5,F,F,F,F,F,F,F,F,F,F,F,F,W;W,F,F,F,F,F,F,F,F,F,F,F,F,F,F,F,F,F,F,F,F,F,F,F,F,F,F,F,F,F,F,F,F,F,F,F,F,F,F,W;W,F,F,F,F,F,F,F,F,F,F,F,F,F,F,F,F,F,F,F,F,F,F,F,F,F,F,F,F,F,F,F,F,F,F,F,F,F,F,W;W,F,F,F,F,F,F,F,F,F,F,F,F,F,F,F,F,F,F,F,F,F,F,F,F,F,F,F,F,F,F,F,F,F,F,F,F,F,F,W;W,F,F,F,F,F,F,F,F,F,F,F,F,F,F,F,F,F,F,F,F,F,F,F,F,F,F,F,F,F,F,F,F,F,F,F,F,F,F,W;W,F,F,F,F,F,F,F,F,F,F,F,F,F,F,F,F,F,F,F,F,F,F,F,F,F,F,F,F,F,F,F,F,F,F,F,F,F,F,W;W,F,F,F,F,F,mc7r5,F,F,F,F,F,F,F,F,F,F,F,F,F,F,F,F,F,F,F,F,F,F,F,mc7r5,F,F,F,F,F,F,F,F,W;W,F,F,F,F,F,F,F,F,F,F,F,F,F,F,F,F,F,F,F,F,F,F,F,F,F,F,F,F,F,F,F,F,F,F,F,F,F,F,W;W,F,F,F,F,F,F,F,F,F,F,F,F,F,F,F,F,F,F,F,P,F,F,F,F,F,F,F,F,F,F,F,F,F,F,F,F,F,F,W;W,F,F,F,F,F,F,F,F,F,F,F,F,F,F,F,F,F,F,F,F,F,F,F,F,F,F,F,F,F,F,F,F,F,F,F,F,F,F,W;W,F,F,F,F,F,F,F,F,F,F,F,F,F,F,F,F,F,F,F,F,F,F,F,F,F,F,F,F,F,F,F,F,F,F,F,F,F,F,W;W,F,F,F,F,F,F,F,F,F,F,F,F,F,F,F,F,F,F,F,F,F,F,F,F,F,F,F,F,F,F,F,F,F,F,F,F,F,F,W;W,F,F,F,F,F,F,F,F,F,F,F,F,F,F,F,F,F,F,F,F,F,F,F,F,F,F,F,F,F,F,F,F,F,F,F,F,F,F,W;W,F,F,F,F,F,F,F,F,F,F,F,F,F,F,F,F,F,F,F,F,F,F,F,F,F,F,F,F,F,F,F,F,F,F,F,F,F,F,W;W,F,F,F,F,F,F,F,F,F,F,F,mc7r5,F,F,F,F,F,F,F,F,F,F,F,F,F,mc7r5,F,F,F,F,F,F,F,F,F,F,F,F,W;W,F,F,F,F,F,F,F,F,F,F,F,F,F,F,F,F,F,F,F,F,F,F,F,F,F,F,F,F,F,F,F,F,F,F,F,F,F,F,W;W,F,F,F,F,F,F,F,F,F,F,F,F,F,F,F,F,F,mc7r5,F,F,F,F,F,F,F,F,F,F,F,F,F,F,F,F,F,F,F,F,W;W,F,F,F,F,F,W,W,W,F,F,F,F,F,F,F,F,F,F,F,F,F,F,F,F,F,F,F,W,W,W,F,F,F,F,F,F,F,F,W;W,F,F,F,F,F,W,W,W,F,F,F,F,F,F,F,F,F,F,F,F,F,F,F,F,F,F,F,W,W,W,F,F,F,F,F,F,F,F,W;W,F,F,F,F,F,W,W,W,F,F,F,F,F,F,F,F,F,F,F,F,F,F,F,F,F,F,F,W,W,W,F,F,F,F,F,F,F,F,W;W,F,F,F,F,F,F,F,F,F,F,F,F,F,F,F,F,F,F,F,F,F,F,F,F,F,F,F,F,F,F,F,F,F,F,F,F,F,F,W;W,F,F,F,F,F,F,F,F,F,F,F,F,F,F,F,F,F,F,F,F,F,F,F,F,F,F,F,F,F,F,F,F,F,F,F,F,F,F,W;W,F,F,F,F,F,F,F,F,F,F,F,F,F,F,F,F,F,F,F,F,F,F,F,F,F,F,F,F,F,F,F,F,F,F,F,F,F,F,W;W,F,F,F,F,F,F,F,F,F,F,F,F,F,F,F,F,F,F,F,F,F,F,F,F,F,F,F,F,F,F,F,F,F,F,F,F,F,F,W;W,F,F,F,F,F,F,F,F,F,F,F,F,F,F,F,F,F,F,F,F,F,F,F,F,F,F,F,F,F,F,F,F,F,F,F,F,F,F,W;W,F,F,F,F,F,F,F,F,F,F,F,F,F,F,F,F,F,F,F,F,F,F,F,F,F,F,F,F,F,F,F,F,F,F,F,F,F,F,W;W,F,F,F,F,F,F,F,F,F,F,F,F,F,F,F,F,F,F,F,F,F,F,F,F,F,F,F,F,F,F,F,F,F,F,F,F,F,F,W;W,W,W,W,W,W,W,W,W,W,W,W,W,W,W,W,W,W,F,F,F,F,F,W,W,W,W,W,W,W,W,W,W,W,W,W,W,W,W,W",Standard,Fade,0,1.5,4,1,Sacred
23,5,Elite,신성 정예 동,84,0,190,40,46,22,0,,0,0,2.6,false,0,0,0,,,Sacred,,"W,W,W,W,W,W,W,W,W,W,W,W,W,W,W,W,W,W,F,F,F,F,F,W,W,W,W,W,W,W,W,W,W,W,W,W,W,W,W,W;W,F,F,F,F,F,F,F,F,F,F,F,F,F,F,F,F,F,F,F,F,F,F,F,F,F,F,F,F,F,F,F,F,F,F,F,F,F,F,W;W,F,W,W,F,F,F,F,F,F,F,F,F,F,F,F,F,F,F,F,F,F,F,F,F,F,F,F,F,F,F,F,F,F,F,W,W,F,F,W;W,F,W,W,F,F,F,F,F,F,F,F,F,F,F,F,F,F,F,F,F,F,F,F,F,F,F,F,F,F,F,F,F,F,F,W,W,F,F,W;W,F,F,F,F,F,F,F,F,F,F,F,F,F,F,F,F,F,F,F,F,F,F,F,F,F,F,F,F,F,F,F,F,F,F,F,F,F,F,W;W,F,F,F,F,F,F,F,F,F,F,F,F,F,F,F,F,F,F,F,F,F,F,F,F,F,F,F,F,F,F,F,F,F,F,F,F,F,F,W;W,F,F,F,F,F,F,F,F,F,F,F,F,F,F,F,F,F,F,F,F,F,F,F,F,F,F,F,F,F,F,F,F,F,F,F,F,F,F,W;W,F,F,F,F,F,F,F,F,F,Me6r5,F,F,F,F,F,F,F,F,F,F,F,F,F,F,F,F,F,Me6r5,F,F,F,F,F,F,F,F,F,F,W;W,F,F,F,F,F,F,F,W,W,W,W,F,F,F,F,F,F,F,F,F,F,F,F,F,F,W,W,W,W,F,F,F,F,F,F,F,F,F,W;W,F,F,F,F,F,F,F,W,W,W,W,F,F,F,F,F,F,F,F,F,F,F,F,F,F,W,W,W,W,F,F,F,F,F,F,F,F,F,W;W,F,F,F,F,F,F,F,W,W,W,W,F,F,F,F,F,F,F,F,F,F,F,F,F,F,W,W,W,W,F,F,F,F,F,F,F,F,F,W;W,F,F,F,F,F,F,F,W,W,W,W,F,F,F,F,F,F,F,F,F,F,F,F,F,F,W,W,W,W,F,F,F,F,F,F,F,F,F,W;W,F,F,F,F,F,F,F,F,F,F,F,F,F,F,F,F,F,F,F,F,F,F,F,F,F,F,F,F,F,F,F,F,F,F,F,F,F,F,W;W,F,F,F,F,F,F,F,F,F,F,F,F,F,F,F,F,F,F,F,F,F,F,F,F,F,F,F,F,F,F,F,F,F,F,F,F,F,F,W;W,F,F,F,F,F,F,F,F,F,F,F,F,F,F,F,F,F,F,F,F,F,F,F,F,F,F,F,F,F,F,F,F,F,F,F,F,F,F,W;W,F,F,F,F,F,F,F,F,F,F,F,F,F,F,F,F,F,F,F,F,F,F,F,F,F,F,F,F,F,F,F,F,F,F,F,F,F,F,W;W,F,F,F,F,F,F,F,F,F,F,F,F,F,F,F,F,F,F,F,F,F,F,F,F,F,F,F,F,F,F,F,F,F,F,F,F,F,F,W;W,F,F,F,F,F,F,F,F,F,F,F,F,F,F,F,F,F,F,F,F,F,F,F,F,F,F,F,F,F,F,F,F,F,F,F,F,F,F,W;W,F,F,F,F,F,F,F,F,F,F,F,F,F,F,F,F,F,F,F,mc5r5,F,F,F,F,F,F,F,F,F,F,F,F,F,F,F,F,F,F,W;W,F,F,F,F,F,F,F,F,F,F,F,F,F,F,F,F,F,F,F,F,F,F,F,F,F,F,F,F,F,F,F,F,F,F,F,F,F,F,W;W,F,F,F,F,F,F,F,F,F,F,F,F,F,F,F,F,F,F,F,F,F,F,F,F,F,F,F,F,F,F,F,F,F,F,F,F,F,F,W;W,F,F,F,F,F,F,F,F,F,F,F,F,F,F,F,F,F,F,F,F,F,F,F,F,F,F,F,F,F,F,F,F,F,F,F,F,F,F,W;W,F,F,F,F,F,F,F,F,F,F,F,F,F,F,F,F,F,F,F,F,F,F,F,F,F,F,F,F,F,F,F,F,F,F,F,F,F,F,W;W,F,F,F,F,F,F,F,mc5r5,F,F,F,F,F,F,F,F,F,F,F,F,F,F,F,F,F,F,F,F,F,mc5r5,F,F,F,F,F,F,F,F,W;W,F,F,F,F,F,F,F,F,F,F,F,F,F,F,F,F,F,F,F,F,F,F,F,F,F,F,F,F,F,F,F,F,F,F,F,F,F,F,W;W,F,F,F,F,F,F,F,F,F,F,F,F,F,F,F,F,F,F,F,F,F,F,F,F,F,F,F,F,F,F,F,F,F,F,F,F,F,F,W;W,F,F,F,F,F,F,F,F,F,F,F,F,F,F,F,F,F,F,F,F,F,F,F,F,F,F,F,F,F,F,F,F,F,F,F,F,F,F,W;W,F,F,F,F,F,F,F,F,F,F,F,F,F,F,F,F,F,F,F,F,F,F,F,F,F,F,F,F,F,F,F,F,F,F,F,F,F,F,W;W,F,F,F,F,F,F,F,F,F,F,F,F,F,F,F,F,F,F,F,mc5r5,F,F,F,F,F,F,F,F,F,F,F,F,F,F,F,F,F,F,W;W,F,F,F,F,F,F,F,F,F,F,F,F,F,F,F,F,F,F,F,F,F,F,F,F,F,F,F,F,F,F,F,F,F,F,F,F,F,F,W;W,F,F,F,F,F,F,F,F,F,F,F,F,F,F,F,F,F,F,F,F,F,F,F,F,F,F,F,F,F,F,F,F,F,F,F,F,F,F,W;W,F,F,F,F,F,F,F,F,F,F,F,F,F,F,F,F,F,F,F,F,F,F,F,F,F,F,F,F,F,F,F,F,F,F,F,F,F,F,W;W,F,F,F,F,F,F,F,F,F,F,F,F,F,F,F,F,F,F,F,F,F,F,F,F,F,F,F,F,F,F,F,F,F,F,F,F,F,F,W;W,F,F,F,F,F,F,F,F,F,F,F,F,F,F,F,F,F,F,F,P,F,F,F,F,F,F,F,F,F,F,F,F,F,F,F,F,F,F,W;W,F,F,F,F,F,F,F,F,F,F,F,F,F,F,F,F,F,F,F,F,F,F,F,F,F,F,F,F,F,F,F,F,F,F,F,F,F,F,W;W,F,F,F,F,F,F,F,F,F,F,F,F,F,F,F,F,F,F,F,F,F,F,F,F,F,F,F,F,F,F,F,F,F,F,F,F,F,F,W;W,F,F,F,F,F,F,F,F,F,F,F,F,F,F,F,F,F,F,F,F,F,F,F,F,F,F,F,F,F,F,F,F,F,F,F,F,F,F,W;W,F,F,F,F,F,F,F,F,F,F,F,F,F,F,F,F,F,F,F,F,F,F,F,F,F,F,F,F,F,F,F,F,F,F,F,F,F,F,W;W,F,F,F,F,F,F,F,F,F,F,F,F,F,F,F,F,F,F,F,F,F,F,F,F,F,F,F,F,F,F,F,F,F,F,F,F,F,F,W;W,F,F,F,F,F,F,F,F,F,F,F,F,F,F,F,F,F,F,F,F,F,F,F,F,F,F,F,F,F,F,F,F,F,F,F,F,F,F,W;W,F,F,F,F,F,F,F,F,F,F,F,F,F,F,F,F,F,F,F,F,F,F,F,F,F,F,F,F,F,F,F,F,F,F,F,F,F,F,W;W,F,F,F,F,F,F,F,F,F,F,F,F,F,F,F,F,F,F,F,F,F,F,F,F,F,F,F,F,F,F,F,F,F,F,F,F,F,F,W;W,F,W,W,F,F,F,F,F,F,F,F,F,F,F,F,F,F,F,F,F,F,F,F,F,F,F,F,F,F,F,F,F,F,F,W,W,F,F,W;W,F,W,W,F,F,F,F,F,F,F,F,F,F,F,F,F,F,F,F,F,F,F,F,F,F,F,F,F,F,F,F,F,F,F,W,W,F,F,W;W,F,F,F,F,F,F,F,F,F,F,F,F,F,F,F,F,F,F,F,F,F,F,F,F,F,F,F,F,F,F,F,F,F,F,F,F,F,F,W;W,W,W,W,W,W,W,W,W,W,W,W,W,W,W,W,W,W,F,F,F,F,F,W,W,W,W,W,W,W,W,W,W,W,W,W,W,W,W,W",Standard,Fade,0,1.5,5,1,Sacred
24,6,Normal,신성 성벽,-42,0,235,40,40,25|27,0,,0,0,2.2,false,0,0,0,,,Sacred,,"W,W,W,W,W,W,W,W,W,W,W,W,W,W,W,W,W,W,F,F,F,F,F,W,W,W,W,W,W,W,W,W,W,W,W,W,W,W,W,W;W,F,F,F,F,F,F,F,F,F,F,F,F,F,F,F,F,F,F,F,F,F,F,F,F,F,F,F,F,F,F,F,F,F,F,F,F,F,F,W;W,F,F,F,F,F,F,F,F,F,F,F,F,F,F,F,F,F,F,F,F,F,F,F,F,F,F,F,F,F,F,F,F,F,F,F,F,F,F,W;W,F,F,F,F,F,F,F,F,F,F,F,F,F,F,F,F,F,F,F,F,F,F,F,F,F,F,F,F,F,F,F,F,F,F,F,F,F,F,W;W,F,F,F,F,F,F,F,F,F,F,F,F,F,F,F,F,F,F,F,F,F,F,F,F,F,F,F,F,F,F,F,F,F,F,F,F,F,F,W;W,F,F,F,F,F,F,F,F,F,F,F,F,F,F,F,F,F,F,F,F,F,F,F,F,F,F,F,F,F,F,F,F,F,F,F,F,F,F,W;W,F,F,F,F,F,F,F,F,F,F,F,F,F,F,F,F,F,F,F,F,F,F,F,F,F,F,F,F,F,F,F,F,F,F,F,F,F,F,W;W,F,F,F,F,F,F,F,F,F,F,F,F,F,F,F,F,F,F,F,F,F,F,F,F,F,F,F,F,F,F,F,F,F,F,F,F,F,F,W;W,F,F,F,F,F,F,F,mc7r5,F,F,F,F,F,F,F,F,F,F,F,mc7r5,F,F,F,F,F,F,F,F,F,F,F,mc7r5,F,F,F,F,F,F,W;W,F,F,F,F,F,F,F,F,F,F,F,F,F,F,F,F,F,F,F,F,F,F,F,F,F,F,F,F,F,F,F,F,F,F,F,F,F,F,W;W,F,F,F,F,F,F,F,F,F,F,F,F,F,F,F,F,F,F,F,F,F,F,F,F,F,F,F,F,F,F,F,F,F,F,F,F,F,F,W;W,F,F,F,F,F,F,F,F,F,F,F,F,F,F,F,F,F,F,F,F,F,F,F,F,F,F,F,F,F,F,F,F,F,F,F,F,F,F,W;W,F,F,F,F,F,F,F,F,F,F,F,F,F,F,F,F,F,F,F,F,F,F,F,F,F,F,F,F,F,F,F,F,F,F,F,F,F,F,W;W,F,F,F,F,F,F,F,F,F,F,F,F,F,F,F,F,F,F,F,F,F,F,F,F,F,F,F,F,F,F,F,F,F,F,F,F,F,F,W;W,F,W,W,W,W,W,W,W,W,W,W,F,F,F,F,F,F,F,F,F,F,F,F,F,F,F,F,W,W,W,W,W,W,W,W,F,F,F,W;W,F,W,W,W,W,W,W,W,W,W,W,F,F,F,F,F,F,F,F,F,F,F,F,F,F,F,F,W,W,W,W,W,W,W,W,F,F,F,W;W,F,F,F,F,F,F,F,F,F,F,F,F,F,F,F,F,F,F,F,F,F,F,F,F,F,F,F,F,F,F,F,F,F,F,F,F,F,F,W;W,F,F,F,F,F,F,F,F,F,F,F,F,F,F,F,F,F,F,F,F,F,F,F,F,F,F,F,F,F,F,F,F,F,F,F,F,F,F,W;W,F,F,F,F,F,F,F,F,F,F,F,F,F,F,F,F,F,F,F,F,F,F,F,F,F,F,F,F,F,F,F,F,F,F,F,F,F,F,W;W,F,F,F,F,F,F,F,F,F,F,F,F,F,F,F,F,F,F,F,F,F,F,F,F,F,F,F,F,F,F,F,F,F,F,F,F,F,F,W;W,F,F,F,F,F,F,F,mc7r5,F,F,F,F,F,F,F,F,F,F,F,P,F,F,F,F,F,F,F,F,F,F,F,mc7r5,F,F,F,F,F,F,W;W,F,F,F,F,F,F,F,F,F,F,F,F,F,F,F,F,F,F,F,F,F,F,F,F,F,F,F,F,F,F,F,F,F,F,F,F,F,F,W;W,F,F,F,F,F,F,F,F,F,F,F,F,F,F,F,F,F,F,F,F,F,F,F,F,F,F,F,F,F,F,F,F,F,F,F,F,F,F,W;W,F,F,F,F,F,F,F,F,F,F,F,F,F,F,F,F,F,F,F,F,F,F,F,F,F,F,F,F,F,F,F,F,F,F,F,F,F,F,W;W,F,F,F,F,F,F,F,F,F,F,F,F,F,F,F,F,F,F,F,F,F,F,F,F,F,F,F,F,F,F,F,F,F,F,F,F,F,F,W;W,F,F,F,F,F,F,F,F,F,F,F,F,F,F,F,F,F,F,F,F,F,F,F,F,F,F,F,F,F,F,F,F,F,F,F,F,F,F,W;W,F,F,F,F,F,F,F,F,F,F,F,F,F,F,F,F,F,F,F,F,F,F,F,F,F,F,F,F,F,F,F,F,F,F,F,F,F,F,W;W,F,F,F,F,F,F,F,F,F,F,F,F,F,F,F,F,F,F,F,F,F,F,F,F,F,F,F,F,F,F,F,F,F,F,F,F,F,F,W;W,F,F,F,F,F,F,F,F,F,F,F,F,F,F,F,F,F,F,F,F,F,F,F,F,F,F,F,F,F,F,F,F,F,F,F,F,F,F,W;W,F,F,F,F,F,F,F,F,F,F,F,F,F,F,F,F,F,F,F,F,F,F,F,F,F,F,F,F,F,F,F,F,F,F,F,F,F,F,W;W,F,F,F,F,F,F,F,mc7r5,F,F,F,F,F,F,F,F,F,F,F,mc7r5,F,F,F,F,F,F,F,F,F,F,F,mc7r5,F,F,F,F,F,F,W;W,F,F,F,F,F,F,F,F,F,F,F,F,F,F,F,F,F,F,F,F,F,F,F,F,F,F,F,F,F,F,F,F,F,F,F,F,F,F,W;W,F,F,F,F,F,F,F,F,F,F,F,F,F,F,F,F,F,F,F,F,F,F,F,F,F,F,F,F,F,F,F,F,F,F,F,F,F,F,W;W,F,F,F,F,F,F,F,F,F,F,F,F,F,F,F,F,F,F,F,F,F,F,F,F,F,F,F,F,F,F,F,F,F,F,F,F,F,F,W;W,F,F,F,F,F,F,F,F,F,F,F,F,F,F,F,F,F,F,F,F,F,F,F,F,F,F,F,F,F,F,F,F,F,F,F,F,F,F,W;W,F,F,F,F,F,F,F,F,F,F,F,F,F,F,F,F,F,F,F,F,F,F,F,F,F,F,F,F,F,F,F,F,F,F,F,F,F,F,W;W,F,F,F,F,F,F,F,F,F,F,F,F,F,F,F,F,F,F,F,F,F,F,F,F,F,F,F,F,F,F,F,F,F,F,F,F,F,F,W;W,F,F,F,F,F,F,F,F,F,F,F,F,F,F,F,F,F,F,F,F,F,F,F,F,F,F,F,F,F,F,F,F,F,F,F,F,F,F,W;W,F,F,F,F,F,F,F,F,F,F,F,F,F,F,F,F,F,F,F,F,F,F,F,F,F,F,F,F,F,F,F,F,F,F,F,F,F,F,W;W,W,W,W,W,W,W,W,W,W,W,W,W,W,W,W,W,W,F,F,F,F,F,W,W,W,W,W,W,W,W,W,W,W,W,W,W,W,W,W",Standard,Fade,0,1.5,4,1,Sacred
25,6,Normal,빛의 광장 II,0,0,235,40,40,24|26|28,0,,0,0,2.2,false,0,0,0,,,Sacred,,"W,W,W,W,W,W,W,W,W,W,W,W,W,W,W,W,W,W,F,F,F,F,F,W,W,W,W,W,W,W,W,W,W,W,W,W,W,W,W,W;W,F,F,F,F,F,F,F,F,F,F,F,F,F,F,F,F,F,F,F,F,F,F,F,F,F,F,F,F,F,F,F,F,F,F,F,F,F,F,W;W,F,W,W,W,F,F,F,F,F,F,F,F,F,F,F,F,F,F,F,F,F,F,F,F,F,F,F,F,F,F,F,F,F,W,W,W,F,F,W;W,F,W,W,W,F,F,F,F,F,F,F,F,F,F,F,F,F,F,F,F,F,F,F,F,F,F,F,F,F,F,F,F,F,W,W,W,F,F,W;W,F,W,W,W,F,F,F,F,F,F,F,F,F,F,F,F,F,F,F,F,F,F,F,F,F,F,F,F,F,F,F,F,F,W,W,W,F,F,W;W,F,F,F,F,F,F,F,F,F,F,F,F,F,F,F,F,F,F,F,F,F,F,F,F,F,F,F,F,F,F,F,F,F,F,F,F,F,F,W;W,F,F,F,F,F,F,F,F,F,F,F,F,F,F,F,F,F,F,F,F,F,F,F,F,F,F,F,F,F,F,F,F,F,F,F,F,F,F,W;W,F,F,F,F,F,F,F,F,F,F,F,F,F,F,F,F,F,F,F,F,F,F,F,F,F,F,F,F,F,F,F,F,F,F,F,F,F,F,W;W,F,F,F,F,F,F,F,mc7r5,F,F,F,F,F,F,F,F,F,F,F,mc7r5,F,F,F,F,F,F,F,F,F,mc7r5,F,F,F,F,F,F,F,F,W;W,F,F,F,F,F,F,F,F,F,F,F,F,F,F,F,F,F,F,F,F,F,F,F,F,F,F,F,F,F,F,F,F,F,F,F,F,F,F,W;W,F,F,F,F,F,F,F,F,F,F,F,F,F,F,F,F,F,F,F,F,F,F,F,F,F,F,F,F,F,F,F,F,F,F,F,F,F,F,W;W,F,F,F,F,F,F,F,F,F,F,F,F,F,F,F,F,F,F,F,F,F,F,F,F,F,F,F,F,F,F,F,F,F,F,F,F,F,F,W;W,F,F,F,F,F,F,F,F,F,F,F,F,F,F,F,F,F,F,F,F,F,F,F,F,F,F,F,F,F,F,F,F,F,F,F,F,F,F,W;W,F,F,F,F,F,F,F,F,F,F,F,F,F,F,F,F,F,F,F,F,F,F,F,F,F,F,F,F,F,F,F,F,F,F,F,F,F,F,W;W,F,F,F,F,F,F,F,F,F,F,F,F,F,F,F,F,F,F,F,F,F,F,F,F,F,F,F,F,F,F,F,F,F,F,F,F,F,F,W;W,F,F,F,F,F,F,F,F,F,F,F,F,F,F,F,F,F,F,F,F,F,F,F,F,F,F,F,F,F,F,F,F,F,F,F,F,F,F,W;W,F,F,F,F,F,F,F,F,F,F,F,F,F,F,F,F,F,F,F,F,F,F,F,F,F,F,F,F,F,F,F,F,F,F,F,F,F,F,W;W,F,F,F,F,F,F,F,F,F,F,F,F,F,F,F,F,F,F,F,F,F,F,F,F,F,F,F,F,F,F,F,F,F,F,F,F,F,F,W;W,F,W,W,F,F,F,F,F,F,F,F,F,F,F,F,F,F,F,F,F,F,F,F,F,F,F,F,F,F,F,F,F,F,F,W,W,F,F,W;W,F,W,W,F,F,F,F,F,F,F,F,F,F,F,F,F,F,F,F,F,F,F,F,F,F,F,F,F,F,F,F,F,F,F,W,W,F,F,W;W,F,W,W,F,F,mc7r5,F,F,F,F,F,F,F,F,F,F,F,F,F,P,F,F,F,F,F,F,F,F,F,F,F,mc7r5,F,F,W,W,F,F,W;W,F,F,F,F,F,F,F,F,F,F,F,F,F,F,F,F,F,F,F,F,F,F,F,F,F,F,F,F,F,F,F,F,F,F,F,F,F,F,W;W,F,F,F,F,F,F,F,F,F,F,F,F,F,F,F,F,F,F,F,F,F,F,F,F,F,F,F,F,F,F,F,F,F,F,F,F,F,F,W;W,F,F,F,F,F,F,F,F,F,F,F,F,F,F,F,F,F,F,F,F,F,F,F,F,F,F,F,F,F,F,F,F,F,F,F,F,F,F,W;W,F,F,F,F,F,F,F,F,F,F,F,F,F,F,F,F,F,F,F,F,F,F,F,F,F,F,F,F,F,F,F,F,F,F,F,F,F,F,W;W,F,F,F,F,F,F,F,F,F,F,F,F,F,F,F,F,F,F,F,F,F,F,F,F,F,F,F,F,F,F,F,F,F,F,F,F,F,F,W;W,F,F,F,F,F,F,F,F,F,F,F,F,F,F,F,F,F,F,F,F,F,F,F,F,F,F,F,F,F,F,F,F,F,F,F,F,F,F,W;W,F,F,F,F,F,F,F,F,F,F,F,F,F,F,F,F,F,F,F,F,F,F,F,F,F,F,F,F,F,F,F,F,F,F,F,F,F,F,W;W,F,F,F,F,F,F,F,F,F,F,F,F,F,F,F,F,F,F,F,F,F,F,F,F,F,F,F,F,F,F,F,F,F,F,F,F,F,F,W;W,F,F,F,F,F,F,F,F,F,F,F,F,F,F,F,F,F,F,F,F,F,F,F,F,F,F,F,F,F,F,F,F,F,F,F,F,F,F,W;W,F,F,F,F,F,F,F,mc7r5,F,F,F,F,F,F,F,F,F,F,F,mc7r5,F,F,F,F,F,F,F,F,F,mc7r5,F,F,F,F,F,F,F,F,W;W,F,F,F,F,F,F,F,F,F,F,F,F,F,F,F,F,F,F,F,F,F,F,F,F,F,F,F,F,F,F,F,F,F,F,F,F,F,F,W;W,F,F,F,F,F,F,F,F,F,F,F,F,F,F,F,F,F,F,F,F,F,F,F,F,F,F,F,F,F,F,F,F,F,F,F,F,F,F,W;W,F,F,F,F,F,F,F,F,F,F,F,F,F,F,F,F,F,F,F,F,F,F,F,F,F,F,F,F,F,F,F,F,F,F,F,F,F,F,W;W,F,W,W,W,F,F,F,F,F,F,F,F,F,F,F,F,F,F,F,F,F,F,F,F,F,F,F,F,F,F,F,F,F,W,W,W,F,F,W;W,F,W,W,W,F,F,F,F,F,F,F,F,F,F,F,F,F,F,F,F,F,F,F,F,F,F,F,F,F,F,F,F,F,W,W,W,F,F,W;W,F,W,W,W,F,F,F,F,F,F,F,F,F,F,F,F,F,F,F,F,F,F,F,F,F,F,F,F,F,F,F,F,F,W,W,W,F,F,W;W,F,F,F,F,F,F,F,F,F,F,F,F,F,F,F,F,F,F,F,F,F,F,F,F,F,F,F,F,F,F,F,F,F,F,F,F,F,F,W;W,F,F,F,F,F,F,F,F,F,F,F,F,F,F,F,F,F,F,F,F,F,F,F,F,F,F,F,F,F,F,F,F,F,F,F,F,F,F,W;W,W,W,W,W,W,W,W,W,W,W,W,W,W,W,W,W,W,F,F,F,F,F,W,W,W,W,W,W,W,W,W,W,W,W,W,W,W,W,W",Standard,Fade,0,1.5,4,1,Sacred
26,6,Normal,성소 이해,42,0,235,40,40,25|29,0,,0,0,2.2,false,0,0,0,,,Sacred,,"W,W,W,W,W,W,W,W,W,W,W,W,W,W,W,W,W,W,F,F,F,F,F,W,W,W,W,W,W,W,W,W,W,W,W,W,W,W,W,W;W,F,F,F,F,F,F,F,F,F,F,F,F,F,F,F,F,F,F,F,F,F,F,F,F,F,F,F,F,F,F,F,F,F,F,F,F,F,F,W;W,F,F,F,F,F,F,F,F,F,F,F,F,F,F,F,F,F,F,F,F,F,F,F,F,F,F,F,F,F,F,F,F,F,F,F,F,F,F,W;W,F,F,F,F,F,F,F,W,W,F,F,F,F,F,F,F,F,F,F,F,F,F,F,F,F,F,F,F,F,F,F,F,F,F,F,F,F,F,W;W,F,F,F,F,F,F,F,F,F,F,F,F,F,F,F,F,F,F,F,F,F,F,F,F,F,F,F,F,F,F,F,F,F,F,F,F,F,F,W;W,F,F,F,F,F,F,F,F,F,F,F,F,F,F,F,F,F,F,F,F,F,F,F,F,F,F,F,F,F,F,F,F,F,F,F,F,F,F,W;W,F,F,F,F,F,F,F,F,F,F,F,F,F,F,W,F,F,F,F,F,F,F,F,F,F,F,F,F,F,F,F,F,F,F,F,F,F,F,W;W,F,F,F,F,F,F,mc7r5,F,F,F,F,F,F,F,W,F,F,F,F,mc7r5,F,F,F,F,F,F,F,F,F,F,mc7r5,F,F,F,F,F,F,F,W;W,F,F,F,F,F,F,F,F,F,F,F,F,F,F,F,F,F,F,F,F,F,F,F,F,F,F,F,F,F,F,F,F,F,F,F,F,F,F,W;W,F,F,F,F,W,W,F,F,F,F,F,F,F,F,F,F,F,F,F,F,F,F,F,F,F,F,F,F,F,F,F,F,F,F,F,F,F,F,W;W,F,F,F,F,W,W,F,F,F,F,F,F,F,F,F,F,F,F,F,F,F,F,F,F,F,F,F,F,F,F,F,F,F,F,F,F,F,F,W;W,F,F,F,F,F,F,F,F,F,F,F,F,F,F,F,F,F,F,F,F,F,F,W,W,W,F,F,F,F,F,F,F,F,F,F,F,F,F,W;W,F,F,F,F,F,F,F,F,F,F,F,F,F,F,F,F,F,F,F,F,F,F,F,F,F,F,F,F,F,F,F,F,F,F,F,F,F,F,W;W,F,F,F,F,F,F,F,F,F,F,F,F,F,F,F,F,F,F,F,F,F,F,F,F,F,F,F,F,F,F,F,F,F,F,F,F,F,F,W;W,F,F,F,F,F,F,F,F,F,F,F,F,F,F,F,F,F,F,F,F,F,F,F,F,F,F,F,F,F,F,F,F,F,F,F,F,F,F,W;W,F,F,F,F,F,F,F,F,F,F,F,F,F,F,F,F,F,F,F,F,F,F,F,F,F,F,F,F,F,F,F,F,F,F,F,F,F,F,W;W,F,F,F,F,F,F,F,F,F,F,F,F,F,F,F,F,F,F,F,F,F,F,F,F,F,F,F,F,F,F,F,F,F,F,F,F,F,F,W;W,F,F,F,F,F,F,F,F,F,F,F,F,F,F,F,F,F,F,F,F,F,F,F,F,F,F,F,F,F,F,F,F,F,F,F,F,F,F,W;W,F,F,F,F,F,F,F,F,F,W,W,F,F,F,F,F,F,F,F,F,F,F,F,F,F,F,F,F,F,F,F,F,F,F,F,F,F,F,W;W,F,F,F,F,F,F,F,F,F,W,W,F,F,F,F,F,F,F,F,F,F,F,F,F,F,F,F,F,F,F,F,F,F,F,F,F,F,F,W;W,F,F,F,F,F,F,mc7r5,F,F,F,F,F,F,F,F,F,F,F,F,P,F,F,F,F,F,F,F,W,W,F,mc7r5,F,F,F,F,F,F,F,W;W,F,F,F,F,F,F,F,F,F,F,F,F,F,F,F,F,F,F,F,F,F,F,F,F,F,F,F,W,W,F,F,F,F,F,F,F,F,F,W;W,F,F,F,F,F,F,F,F,F,F,F,F,F,F,F,F,F,F,F,F,F,F,F,F,F,F,F,F,F,F,F,F,F,F,F,F,F,F,W;W,F,F,F,F,F,F,F,F,F,F,F,F,F,F,F,F,F,F,F,F,F,F,F,F,F,F,F,F,F,F,F,F,F,F,F,F,F,F,W;W,F,F,F,F,F,F,F,F,F,F,F,F,F,F,F,F,F,F,F,F,F,F,F,F,F,F,F,F,F,F,F,F,F,F,F,F,F,F,W;W,F,F,F,F,F,F,F,F,F,F,F,F,F,F,F,F,F,F,F,F,F,F,F,F,F,F,F,F,F,F,F,F,F,F,F,F,F,F,W;W,F,F,F,F,F,F,F,F,F,F,F,F,F,F,F,F,F,F,F,F,F,F,F,F,F,F,F,F,F,F,F,F,F,F,F,F,F,F,W;W,F,F,F,F,F,F,F,F,F,F,F,F,F,F,F,F,F,F,F,F,F,F,F,F,F,F,F,F,F,F,F,F,F,F,F,F,F,F,W;W,F,F,F,F,F,F,F,F,F,F,F,F,F,F,F,F,F,F,F,F,F,W,F,F,F,F,F,F,F,F,F,F,F,F,F,F,F,F,W;W,F,F,F,F,F,F,F,F,F,F,F,F,F,F,F,F,F,F,F,F,F,F,F,F,F,F,F,F,F,F,F,F,F,F,F,F,F,F,W;W,F,F,F,F,F,F,F,F,F,F,F,F,F,F,F,F,F,F,F,F,F,F,F,F,F,F,F,F,F,F,F,F,F,F,F,F,F,F,W;W,F,F,F,F,F,F,mc7r5,W,W,F,F,F,F,F,F,F,F,F,F,mc7r5,F,F,F,F,F,W,W,F,F,F,mc7r5,F,F,F,F,F,F,F,W;W,F,F,F,F,F,F,F,W,W,F,F,F,F,F,F,F,F,F,F,F,F,F,F,F,F,W,W,F,F,F,F,F,F,F,F,F,F,F,W;W,F,F,F,F,F,F,F,F,F,F,F,F,F,F,F,F,F,F,F,F,F,F,F,F,F,F,F,F,F,F,F,F,F,F,F,F,F,F,W;W,F,F,F,F,F,F,F,F,F,F,F,F,F,F,F,F,F,F,F,F,F,F,F,F,F,F,F,F,F,F,F,F,F,F,F,F,F,F,W;W,F,F,F,F,F,F,F,F,F,F,F,F,F,F,F,F,F,F,F,F,F,F,F,F,F,F,F,F,F,F,F,F,F,F,F,F,F,F,W;W,F,F,F,F,F,F,F,F,F,F,F,F,F,F,F,F,F,F,F,F,F,F,F,F,F,F,F,F,F,F,F,F,F,F,F,F,F,F,W;W,F,F,F,F,F,F,F,F,F,F,F,F,F,F,F,F,F,F,F,F,F,F,F,F,F,F,F,F,F,F,F,F,F,F,F,F,F,F,W;W,F,F,F,F,F,F,F,F,F,F,F,F,F,F,F,F,F,F,F,F,F,F,F,F,F,F,F,F,F,F,F,F,F,F,F,F,F,F,W;W,W,W,W,W,W,W,W,W,W,W,W,W,W,W,W,W,W,F,F,F,F,F,W,W,W,W,W,W,W,W,W,W,W,W,W,W,W,W,W",Standard,Fade,0,1.5,4,1,Sacred
27,7,Normal,신성 미로,-42,0,277,40,40,28|30,0,,0,0,2.5,false,0,0,0,,,Sacred,,"W,W,W,W,W,W,W,W,W,W,W,W,W,W,W,W,W,W,F,F,F,F,F,W,W,W,W,W,W,W,W,W,W,W,W,W,W,W,W,W;W,F,F,F,F,F,F,F,F,F,F,F,F,F,F,F,F,F,F,F,F,F,F,F,F,F,F,F,F,F,F,F,F,F,F,F,F,F,F,W;W,F,F,F,F,F,F,F,F,F,F,F,F,F,F,F,F,F,F,F,F,F,F,F,F,F,F,F,F,F,F,F,F,F,F,F,F,F,F,W;W,F,F,F,F,F,F,F,F,F,F,F,F,F,F,F,F,F,F,F,F,F,F,F,F,F,F,F,F,F,F,F,F,F,F,F,F,F,F,W;W,F,F,F,F,F,F,F,F,F,F,F,F,F,F,F,F,F,F,F,F,F,F,F,F,F,F,F,F,F,F,F,F,F,F,F,F,F,F,W;W,F,F,F,F,F,F,F,F,F,F,F,F,F,F,F,F,F,F,F,F,F,F,F,F,F,F,F,F,F,F,F,F,F,F,F,F,F,F,W;W,F,F,F,F,F,F,F,F,F,F,F,F,F,F,F,F,F,F,F,F,F,F,F,F,F,F,F,F,F,F,F,F,F,F,F,F,F,F,W;W,F,F,F,F,mc7r5,F,F,F,F,F,F,F,F,F,F,F,F,F,F,F,F,F,F,F,F,F,F,F,F,F,F,F,F,mc7r5,F,F,F,F,W;W,F,F,F,F,F,F,F,W,W,F,F,F,F,F,F,F,F,F,F,F,F,F,F,W,W,F,F,F,F,F,F,F,F,F,F,F,F,F,W;W,F,F,F,F,F,F,F,W,W,F,F,F,F,F,F,F,F,F,F,F,F,F,F,W,W,F,F,F,F,F,F,F,F,F,F,F,F,F,W;W,F,F,F,F,F,F,F,F,F,F,F,F,F,F,F,F,F,F,F,mc7r5,F,F,F,F,F,F,F,F,F,F,F,F,F,F,F,F,F,F,W;W,F,F,F,F,F,F,F,F,F,F,F,F,F,F,F,F,F,F,F,F,F,F,F,F,F,F,F,F,F,F,F,F,F,F,F,F,F,F,W;W,F,F,F,F,F,F,F,F,F,F,F,F,F,F,F,F,F,F,F,F,F,F,F,F,F,F,F,F,F,F,F,F,F,F,F,F,F,F,W;W,F,F,F,F,F,F,F,F,F,F,F,F,F,F,F,F,F,F,F,F,F,F,F,F,F,F,F,F,F,F,F,F,F,F,F,F,F,F,W;W,F,F,F,F,F,F,F,F,F,F,F,F,F,F,F,F,F,F,F,F,F,F,F,F,F,F,F,F,F,F,F,F,F,F,F,F,F,F,W;W,F,F,F,F,F,F,F,F,F,F,F,F,F,F,F,F,F,F,F,F,F,F,F,F,F,F,F,F,F,F,F,F,F,F,F,F,F,F,W;W,F,F,F,F,F,F,F,F,F,F,F,F,F,F,F,W,W,F,F,F,F,F,F,F,F,F,F,F,F,F,F,F,F,F,F,F,F,F,W;W,F,F,F,F,F,F,F,F,F,F,F,F,F,F,F,W,W,F,F,F,F,F,F,F,F,F,F,F,F,F,F,F,F,F,F,F,F,F,W;W,F,F,F,F,F,F,F,F,F,F,F,F,F,F,F,F,F,F,F,F,F,F,F,F,F,F,F,F,F,F,F,F,F,F,F,F,F,F,W;W,F,F,F,F,F,F,F,F,F,F,F,F,F,F,F,F,F,F,F,F,F,F,F,F,F,F,F,F,F,F,F,F,F,F,F,F,F,F,W;W,F,F,F,F,mc7r5,F,F,F,F,F,F,F,F,F,F,F,F,F,F,P,F,F,F,F,F,F,F,F,F,F,F,F,F,mc7r5,F,F,F,F,W;W,F,F,F,F,F,F,F,F,F,F,F,F,F,F,F,F,F,F,F,F,F,F,F,F,F,F,F,F,F,F,F,F,F,F,F,F,F,F,W;W,F,F,F,F,F,F,F,F,F,F,F,F,F,F,F,F,F,F,F,F,F,F,F,F,F,F,F,F,F,F,F,F,F,F,F,F,F,F,W;W,F,F,F,F,F,F,F,F,F,F,F,F,F,F,F,F,F,F,F,F,F,F,F,F,F,F,F,F,F,F,F,F,F,F,F,F,F,F,W;W,F,F,F,F,F,F,F,W,W,F,F,F,F,F,F,F,F,F,F,F,F,F,F,F,F,F,F,F,F,W,W,F,F,F,F,F,F,F,W;W,F,F,F,F,F,F,F,W,W,F,F,F,F,F,F,F,F,F,F,F,F,F,F,F,F,F,F,F,F,W,W,F,F,F,F,F,F,F,W;W,F,F,F,F,F,F,F,F,F,F,F,F,F,F,F,F,F,F,F,F,F,F,F,F,F,F,F,F,F,F,F,F,F,F,F,F,F,F,W;W,F,F,F,F,F,F,F,F,F,F,F,F,F,F,F,F,F,F,F,F,F,F,F,F,F,F,F,F,F,F,F,F,F,F,F,F,F,F,W;W,F,F,F,F,F,F,F,F,F,F,F,F,F,F,F,F,F,F,F,mc7r5,F,F,F,F,F,F,F,F,F,F,F,F,F,F,F,F,F,F,W;W,F,F,F,F,F,F,F,F,F,F,F,F,F,F,F,F,F,F,F,F,F,F,F,F,F,F,F,F,F,F,F,F,F,F,F,F,F,F,W;W,F,F,F,F,F,F,F,F,F,F,F,F,F,F,F,F,F,F,F,F,F,F,F,F,F,F,F,F,F,F,F,F,F,F,F,F,F,F,W;W,F,F,F,F,mc7r5,F,F,F,F,F,F,F,F,F,F,F,F,F,F,F,F,F,F,F,F,F,F,F,F,F,F,F,F,mc7r5,F,F,F,F,W;W,F,F,F,F,F,F,F,F,F,F,F,F,F,F,F,W,W,F,F,F,F,F,F,F,F,F,F,F,F,W,W,F,F,F,F,F,F,F,W;W,F,F,F,F,F,F,F,F,F,F,F,F,F,F,F,W,W,F,F,F,F,F,F,F,F,F,F,F,F,W,W,F,F,F,F,F,F,F,W;W,F,F,F,F,F,F,F,F,F,F,F,F,F,F,F,F,F,F,F,F,F,F,F,F,F,F,F,F,F,F,F,F,F,F,F,F,F,F,W;W,F,F,F,F,F,F,F,F,F,F,F,F,F,F,F,F,F,F,F,F,F,F,F,F,F,F,F,F,F,F,F,F,F,F,F,F,F,F,W;W,F,F,F,F,F,F,F,F,F,F,F,F,F,F,F,F,F,F,F,F,F,F,F,F,F,F,F,F,F,F,F,F,F,F,F,F,F,F,W;W,F,F,F,F,F,F,F,F,F,F,F,F,F,F,F,F,F,F,F,F,F,F,F,F,F,F,F,F,F,F,F,F,F,F,F,F,F,F,W;W,F,F,F,F,F,F,F,F,F,F,F,F,F,F,F,F,F,F,F,F,F,F,F,F,F,F,F,F,F,F,F,F,F,F,F,F,F,F,W;W,W,W,W,W,W,W,W,W,W,W,W,W,W,W,W,W,W,F,F,F,F,F,W,W,W,W,W,W,W,W,W,W,W,W,W,W,W,W,W",Standard,Fade,0,1.5,4,1,Sacred
28,7,Normal,빛의 광장 III,0,0,277,40,40,27|29|31,0,,0,0,2.5,false,0,0,0,,,Sacred,,"W,W,W,W,W,W,W,W,W,W,W,W,W,W,W,W,W,W,F,F,F,F,F,W,W,W,W,W,W,W,W,W,W,W,W,W,W,W,W,W;W,F,F,F,F,F,F,F,F,F,F,F,F,F,F,F,F,F,F,F,F,F,F,F,F,F,F,F,F,F,F,F,F,F,F,F,F,F,F,W;W,F,F,F,F,F,F,F,F,F,F,F,F,F,F,F,F,F,F,F,F,F,F,F,F,F,F,F,F,F,F,F,F,F,F,F,F,F,F,W;W,F,F,F,F,F,F,F,F,F,F,F,F,F,F,F,F,F,F,F,F,F,F,F,F,F,F,F,F,F,F,F,F,F,F,F,F,F,F,W;W,F,F,F,F,F,F,F,F,F,F,F,F,F,F,F,F,F,F,F,F,F,F,F,F,F,F,F,F,F,F,F,F,F,F,F,F,F,F,W;W,F,F,F,F,F,F,F,F,F,F,F,F,F,F,F,F,F,F,F,F,F,F,F,F,F,F,F,F,F,F,F,F,F,F,F,F,F,F,W;W,F,F,F,F,F,F,F,F,F,F,F,F,F,F,F,F,F,F,F,F,F,F,F,F,F,F,F,F,F,F,F,F,F,F,F,F,F,F,W;W,F,F,F,F,F,F,mc7r5,F,F,F,F,F,F,F,F,F,F,F,F,mc7r5,F,F,F,F,F,F,F,F,F,F,mc7r5,F,F,F,F,F,F,F,W;W,F,F,F,F,F,F,F,F,F,F,F,F,F,F,F,F,F,F,F,F,F,F,F,F,F,F,F,F,F,F,F,F,F,F,F,F,F,F,W;W,F,F,F,F,F,F,F,F,F,F,F,F,F,F,F,F,W,W,W,W,W,W,F,F,F,F,F,F,F,F,F,F,F,F,F,F,F,F,W;W,F,F,F,F,F,F,F,F,F,F,F,F,F,F,F,F,W,W,W,W,W,W,F,F,F,F,F,F,F,F,F,F,F,F,F,F,F,F,W;W,F,F,F,F,F,F,F,F,F,F,F,F,F,F,F,F,F,F,F,F,F,F,F,F,F,F,F,F,F,F,F,F,F,F,F,F,F,F,W;W,F,F,F,F,F,F,F,F,F,F,F,F,F,F,F,F,F,F,F,F,F,F,F,F,F,F,F,F,F,F,F,F,F,F,F,F,F,F,W;W,F,F,F,F,F,F,F,F,F,F,F,F,F,F,F,F,F,F,F,F,F,F,F,F,F,F,F,F,F,F,F,F,F,F,F,F,F,F,W;W,F,F,F,F,F,F,F,F,F,F,F,F,F,F,F,F,F,F,F,F,F,F,F,F,F,F,F,F,F,F,F,F,F,F,F,F,F,F,W;W,F,F,F,F,F,F,F,F,F,F,F,F,F,F,F,F,F,F,F,F,F,F,F,F,F,F,F,F,F,F,F,F,F,F,F,F,F,F,W;W,F,F,F,F,F,F,F,F,F,F,F,F,F,F,F,F,F,F,F,F,F,F,F,F,F,F,F,F,F,F,F,F,F,F,F,F,F,F,W;W,F,F,F,F,F,F,F,F,W,W,F,F,F,F,F,F,F,F,F,F,F,F,F,F,F,F,F,W,W,F,F,F,F,F,F,F,F,F,W;W,F,F,F,F,F,F,F,F,W,W,F,F,F,F,F,F,F,F,F,F,F,F,F,F,F,F,F,W,W,F,F,F,F,F,F,F,F,F,W;W,F,F,F,F,F,F,F,F,W,W,F,F,F,F,F,F,F,F,F,F,F,F,F,F,F,F,F,W,W,F,F,F,F,F,F,F,F,F,W;W,F,F,F,F,F,F,mc7r5,F,W,W,F,F,F,F,F,F,F,F,F,P,F,F,F,F,F,F,F,W,W,F,mc7r5,F,F,F,F,F,F,F,W;W,F,F,F,F,F,F,F,F,W,W,F,F,F,F,F,F,F,F,F,F,F,F,F,F,F,F,F,W,W,F,F,F,F,F,F,F,F,F,W;W,F,F,F,F,F,F,F,F,W,W,F,F,F,F,F,F,F,F,F,F,F,F,F,F,F,F,F,W,W,F,F,F,F,F,F,F,F,F,W;W,F,F,F,F,F,F,F,F,F,F,F,F,F,F,F,F,F,F,F,F,F,F,F,F,F,F,F,F,F,F,F,F,F,F,F,F,F,F,W;W,F,F,F,F,F,F,F,F,F,F,F,F,F,F,F,F,F,F,F,F,F,F,F,F,F,F,F,F,F,F,F,F,F,F,F,F,F,F,W;W,F,F,F,F,F,F,F,F,F,F,F,F,F,F,F,F,F,F,F,F,F,F,F,F,F,F,F,F,F,F,F,F,F,F,F,F,F,F,W;W,F,F,F,F,F,F,F,F,F,F,F,F,F,F,F,F,F,F,F,F,F,F,F,F,F,F,F,F,F,F,F,F,F,F,F,F,F,F,W;W,F,F,F,F,F,F,F,F,F,F,F,F,F,F,F,F,F,F,F,F,F,F,F,F,F,F,F,F,F,F,F,F,F,F,F,F,F,F,W;W,F,F,F,F,F,F,F,F,F,F,F,F,F,F,F,F,W,W,W,W,W,W,F,F,F,F,F,F,F,F,F,F,F,F,F,F,F,F,W;W,F,F,F,F,F,F,F,F,F,F,F,F,F,F,F,F,W,W,W,W,W,W,F,F,F,F,F,F,F,F,F,F,F,F,F,F,F,F,W;W,F,F,F,F,F,F,F,F,F,F,F,F,F,F,F,F,F,F,F,F,F,F,F,F,F,F,F,F,F,F,F,F,F,F,F,F,F,F,W;W,F,F,F,F,F,F,mc7r5,F,F,F,F,F,F,F,F,F,F,F,F,mc7r5,F,F,F,F,F,F,F,F,F,F,mc7r5,F,F,F,F,F,F,F,W;W,F,F,F,F,F,F,F,F,F,F,F,F,F,F,F,F,F,F,F,F,F,F,F,F,F,F,F,F,F,F,F,F,F,F,F,F,F,F,W;W,F,F,F,F,F,F,F,F,F,F,F,F,F,F,F,F,F,F,F,F,F,F,F,F,F,F,F,F,F,F,F,F,F,F,F,F,F,F,W;W,F,F,F,F,F,F,F,F,F,F,F,F,F,F,F,F,F,F,F,F,F,F,F,F,F,F,F,F,F,F,F,F,F,F,F,F,F,F,W;W,F,F,F,F,F,F,F,F,F,F,F,F,F,F,F,F,F,F,F,F,F,F,F,F,F,F,F,F,F,F,F,F,F,F,F,F,F,F,W;W,F,F,F,F,F,F,F,F,F,F,F,F,F,F,F,F,F,F,F,F,F,F,F,F,F,F,F,F,F,F,F,F,F,F,F,F,F,F,W;W,F,F,F,F,F,F,F,F,F,F,F,F,F,F,F,F,F,F,F,F,F,F,F,F,F,F,F,F,F,F,F,F,F,F,F,F,F,F,W;W,F,F,F,F,F,F,F,F,F,F,F,F,F,F,F,F,F,F,F,F,F,F,F,F,F,F,F,F,F,F,F,F,F,F,F,F,F,F,W;W,W,W,W,W,W,W,W,W,W,W,W,W,W,W,W,W,W,F,F,F,F,F,W,W,W,W,W,W,W,W,W,W,W,W,W,W,W,W,W",Standard,Fade,0,1.5,4,1,Sacred
29,7,Normal,신성의 요새,42,0,277,40,40,28|32,0,,0,0,2.5,false,0,0,0,,,Sacred,,"W,W,W,W,W,W,W,W,W,W,W,W,W,W,W,W,W,W,F,F,F,F,F,W,W,W,W,W,W,W,W,W,W,W,W,W,W,W,W,W;W,F,F,F,F,F,F,F,F,F,F,F,F,F,F,F,F,F,F,F,F,F,F,F,F,F,F,F,F,F,F,F,F,F,F,F,F,F,F,W;W,F,F,F,F,F,F,F,F,F,F,F,F,F,F,F,F,F,F,F,F,F,F,F,F,F,F,F,F,F,F,F,F,F,F,F,F,F,F,W;W,F,F,F,F,F,F,F,F,F,F,F,F,F,F,F,F,F,F,F,F,F,F,F,F,F,F,F,F,F,F,F,F,F,F,F,F,F,F,W;W,F,F,F,F,F,F,F,F,F,F,F,F,F,F,F,F,F,F,F,F,F,F,F,F,F,F,F,F,F,F,F,F,F,F,F,F,F,F,W;W,F,F,F,F,F,F,F,F,F,F,F,F,F,F,F,F,F,F,F,F,F,F,F,F,F,F,F,F,F,F,F,F,F,F,F,F,F,F,W;W,F,F,F,F,F,F,F,F,F,F,F,F,F,W,W,F,F,F,F,F,F,W,W,F,F,F,F,F,F,F,F,F,F,F,F,F,F,F,W;W,F,F,F,F,F,F,F,F,F,F,F,F,F,W,W,F,F,F,F,F,F,W,W,F,F,F,F,F,F,F,F,F,F,F,F,F,F,F,W;W,F,F,F,F,F,F,mc7r5,F,F,F,F,F,F,W,W,F,F,F,F,F,F,W,W,F,F,F,F,F,F,F,mc7r5,F,F,F,F,F,F,F,W;W,F,F,F,F,F,F,F,F,F,F,F,F,F,W,W,F,F,F,F,F,F,W,W,F,F,F,F,F,F,F,F,F,F,F,F,F,F,F,W;W,F,F,F,F,F,F,F,F,F,F,F,F,F,F,F,F,F,F,F,F,F,F,F,F,F,F,F,F,F,F,F,F,F,F,F,F,F,F,W;W,F,F,F,F,F,F,F,F,F,F,F,F,F,F,F,F,F,F,F,F,F,F,F,F,F,F,F,F,F,F,F,F,F,F,F,F,F,F,W;W,F,F,F,F,F,F,F,F,F,F,F,F,F,F,F,F,F,F,F,mc7r5,F,F,F,F,F,F,F,F,F,F,F,F,F,F,F,F,F,F,W;W,F,F,F,F,F,F,F,F,F,F,F,F,F,F,F,F,F,F,F,F,F,F,F,F,F,F,F,F,F,F,F,F,F,F,F,F,F,F,W;W,F,F,F,F,F,F,F,F,F,F,F,F,F,F,F,F,F,F,F,F,F,F,F,F,F,F,F,F,F,F,F,F,F,F,F,F,F,F,W;W,F,F,F,F,F,F,F,F,F,F,F,F,F,F,F,F,F,F,F,F,F,F,F,F,F,F,F,F,F,F,F,F,F,F,F,F,F,F,W;W,F,F,F,F,F,F,F,F,F,F,F,F,F,F,F,F,F,F,F,F,F,F,F,F,F,F,F,F,F,F,F,F,F,F,F,F,F,F,W;W,F,F,F,F,F,F,F,F,F,F,F,F,F,F,F,F,F,F,F,F,F,F,F,F,F,F,F,F,F,F,F,F,F,F,F,F,F,F,W;W,F,F,F,F,F,F,F,F,F,F,F,F,F,F,F,F,F,F,F,F,F,F,F,F,F,F,F,F,F,F,F,F,F,F,F,F,F,F,W;W,F,F,F,F,F,F,F,F,F,F,F,F,F,F,F,F,F,F,F,F,F,F,F,F,F,F,F,F,F,F,F,F,F,F,F,F,F,F,W;W,F,F,F,F,F,F,mc7r5,F,F,F,F,F,F,F,F,F,F,F,F,P,F,F,F,F,F,F,F,F,F,F,mc7r5,F,F,F,F,F,F,F,W;W,F,F,F,F,F,F,F,F,F,F,F,F,F,F,F,F,F,F,F,F,F,F,F,F,F,F,F,F,F,F,F,F,F,F,F,F,F,F,W;W,F,F,F,F,F,F,F,F,F,F,F,F,F,F,F,F,F,F,F,F,F,F,F,F,F,F,F,F,F,F,F,F,F,F,F,F,F,F,W;W,F,F,F,F,F,F,F,F,F,F,F,F,F,F,F,F,F,F,F,F,F,F,F,F,F,F,F,F,F,F,F,F,F,F,F,F,F,F,W;W,F,F,F,F,F,F,F,F,F,F,F,F,F,F,F,F,F,F,F,F,F,F,F,F,F,F,F,F,F,F,F,F,F,F,F,F,F,F,W;W,F,F,F,F,F,F,F,F,F,F,F,F,F,F,F,F,F,F,F,F,F,F,F,F,F,F,F,F,F,F,F,F,F,F,F,F,F,F,W;W,F,F,F,F,F,F,F,F,F,F,F,F,F,F,F,F,F,F,F,mc7r5,F,F,F,F,F,F,F,F,F,F,F,F,F,F,F,F,F,F,W;W,F,F,F,F,F,F,F,F,F,F,F,F,F,F,F,F,F,F,F,F,F,F,F,F,F,F,F,F,F,F,F,F,F,F,F,F,F,F,W;W,F,F,F,F,F,F,F,F,F,F,F,F,F,W,W,F,F,F,F,F,F,W,W,F,F,F,F,F,F,F,F,F,F,F,F,F,F,F,W;W,F,F,F,F,F,F,F,F,F,F,F,F,F,W,W,F,F,F,F,F,F,W,W,F,F,F,F,F,F,F,F,F,F,F,F,F,F,F,W;W,F,F,F,F,F,F,mc7r5,F,F,F,F,F,F,F,F,F,F,F,F,F,F,F,F,F,F,F,F,F,F,F,mc7r5,F,F,F,F,F,F,F,W;W,F,F,F,F,F,F,F,F,F,F,F,F,F,F,F,F,F,F,F,F,F,F,F,F,F,F,F,F,F,F,F,F,F,F,F,F,F,F,W;W,F,F,F,F,F,F,F,F,F,F,F,F,F,F,F,F,F,F,F,F,F,F,F,F,F,F,F,F,F,F,F,F,F,F,F,F,F,F,W;W,F,F,F,F,F,F,F,F,F,F,F,F,F,F,F,F,F,F,F,F,F,F,F,F,F,F,F,F,F,F,F,F,F,F,F,F,F,F,W;W,F,F,F,F,F,F,F,F,F,F,F,F,F,F,F,F,F,F,F,F,F,F,F,F,F,F,F,F,F,F,F,F,F,F,F,F,F,F,W;W,F,F,F,F,F,F,F,F,F,F,F,F,F,F,F,F,F,F,F,F,F,F,F,F,F,F,F,F,F,F,F,F,F,F,F,F,F,F,W;W,F,F,F,F,F,F,F,F,F,F,F,F,F,F,F,F,F,F,F,F,F,F,F,F,F,F,F,F,F,F,F,F,F,F,F,F,F,F,W;W,F,F,F,F,F,F,F,F,F,F,F,F,F,F,F,F,F,F,F,F,F,F,F,F,F,F,F,F,F,F,F,F,F,F,F,F,F,F,W;W,F,F,F,F,F,F,F,F,F,F,F,F,F,F,F,F,F,F,F,F,F,F,F,F,F,F,F,F,F,F,F,F,F,F,F,F,F,F,W;W,W,W,W,W,W,W,W,W,W,W,W,W,W,W,W,W,W,F,F,F,F,F,W,W,W,W,W,W,W,W,W,W,W,W,W,W,W,W,W",Standard,Fade,0,1.5,4,1,Sacred
30,8,Elite,신성 정예 서 II,-44,0,322,40,46,31,0,,0,0,3.6,false,0,0,0,,,Sacred,,"W,W,W,W,W,W,W,W,W,W,W,W,W,W,W,W,W,W,F,F,F,F,F,W,W,W,W,W,W,W,W,W,W,W,W,W,W,W,W,W;W,F,F,F,F,F,F,F,F,F,F,F,F,F,F,F,F,F,F,F,F,F,F,F,F,F,F,F,F,F,F,F,F,F,F,F,F,F,F,W;W,F,W,W,F,F,F,F,F,F,F,F,F,F,F,F,F,F,F,F,F,F,F,F,F,F,F,F,F,F,F,F,F,F,F,W,W,F,F,W;W,F,W,W,F,F,F,F,F,F,F,F,F,F,F,F,F,F,F,F,F,F,F,F,F,F,F,F,F,F,F,F,F,F,F,W,W,F,F,W;W,F,F,F,F,F,F,F,F,F,F,F,F,F,F,F,F,F,F,F,F,F,F,F,F,F,F,F,F,F,F,F,F,F,F,F,F,F,F,W;W,F,F,F,F,F,F,F,F,F,F,F,F,F,F,F,F,F,F,F,F,F,F,F,F,F,F,F,F,F,F,F,F,F,F,F,F,F,F,W;W,F,F,F,F,F,F,F,F,F,F,F,F,F,F,F,F,F,F,F,F,F,F,F,F,F,F,F,F,F,F,F,F,F,F,F,F,F,F,W;W,F,F,F,F,F,F,F,F,F,F,F,F,F,F,F,F,F,F,F,F,F,F,F,F,F,F,F,F,F,F,F,F,F,F,F,F,F,F,W;W,F,F,F,F,F,F,F,F,F,F,F,F,F,F,F,F,F,F,F,F,F,F,F,F,F,F,F,F,F,F,F,F,F,F,F,F,F,F,W;W,F,F,F,F,F,F,F,F,F,F,F,F,F,F,F,F,F,F,F,Me6r5,F,F,F,F,F,F,F,F,F,F,F,F,F,F,F,F,F,F,W;W,F,F,F,F,F,F,F,F,F,F,F,F,F,F,F,F,F,F,F,F,F,F,F,F,F,F,F,F,F,F,F,F,F,F,F,F,F,F,W;W,F,F,F,F,F,F,F,F,F,F,F,F,F,F,F,F,F,F,F,F,F,F,F,F,F,F,F,F,F,F,F,F,F,F,F,F,F,F,W;W,F,F,F,F,F,F,F,F,F,F,F,F,F,F,F,F,F,F,F,F,F,F,F,F,F,F,F,F,F,F,F,F,F,F,F,F,F,F,W;W,F,F,F,F,F,F,F,F,F,F,F,F,F,F,F,F,F,F,F,F,F,F,F,F,F,F,F,F,F,F,F,F,F,F,F,F,F,F,W;W,F,F,F,F,F,F,F,F,F,F,F,mc5r5,F,F,F,F,F,F,F,F,F,F,F,F,F,mc5r5,F,F,F,F,F,F,F,F,F,F,F,F,W;W,F,F,F,F,F,F,F,F,F,F,F,F,F,F,F,F,F,F,F,F,F,F,F,F,F,F,F,F,F,F,F,F,F,F,F,F,F,F,W;W,F,F,F,F,F,F,F,F,F,F,F,F,F,F,F,F,F,F,F,F,F,F,F,F,F,F,F,F,F,F,F,F,F,F,F,F,F,F,W;W,F,F,F,F,W,W,W,W,F,F,F,F,F,F,F,F,F,F,F,F,F,F,F,F,F,F,F,F,W,W,W,W,F,F,F,F,F,F,W;W,F,F,F,F,W,W,W,W,F,F,F,F,F,F,F,F,F,F,F,F,F,F,F,F,F,F,F,F,W,W,W,W,F,F,F,F,F,F,W;W,F,F,F,F,W,W,W,W,F,F,F,F,F,F,F,F,F,F,F,F,F,F,F,F,F,F,F,F,W,W,W,W,F,F,F,F,F,F,W;W,F,F,F,F,W,W,W,W,F,F,F,F,F,F,F,F,F,F,F,F,F,F,F,F,F,F,F,F,W,W,W,W,F,F,F,F,F,F,W;W,F,F,F,F,F,F,F,F,F,F,F,F,F,F,F,F,F,F,F,F,F,F,F,F,F,F,F,F,F,F,F,F,F,F,F,F,F,F,W;W,F,F,F,F,F,F,F,F,F,F,F,F,F,F,F,F,F,F,F,F,F,F,F,F,F,F,F,F,F,F,F,F,F,F,F,F,F,F,W;W,F,F,F,F,mc5r5,F,F,F,F,F,F,F,F,F,F,F,F,F,F,F,F,F,F,F,F,F,F,F,F,F,F,F,mc5r5,F,F,F,F,F,W;W,F,F,F,F,F,F,F,F,F,F,F,F,F,F,F,F,F,F,F,F,F,F,F,F,F,F,F,F,F,F,F,F,F,F,F,F,F,F,W;W,F,F,F,F,W,W,W,W,F,F,F,F,F,F,F,F,F,F,F,F,F,F,F,F,F,F,F,F,W,W,W,W,F,F,F,F,F,F,W;W,F,F,F,F,W,W,W,W,F,F,F,F,F,F,F,F,F,F,F,F,F,F,F,F,F,F,F,F,W,W,W,W,F,F,F,F,F,F,W;W,F,F,F,F,W,W,W,W,F,F,F,F,F,F,F,F,F,F,F,F,F,F,F,F,F,F,F,F,W,W,W,W,F,F,F,F,F,F,W;W,F,F,F,F,W,W,W,W,F,F,F,F,F,F,F,F,F,F,F,F,F,F,F,F,F,F,F,F,W,W,W,W,F,F,F,F,F,F,W;W,F,F,F,F,F,F,F,F,F,F,F,F,F,F,F,F,F,F,F,F,F,F,F,F,F,F,F,F,F,F,F,F,F,F,F,F,F,F,W;W,F,F,F,F,F,F,F,F,F,F,F,F,F,F,F,F,F,F,F,F,F,F,F,F,F,F,F,F,F,F,F,F,F,F,F,F,F,F,W;W,F,F,F,F,F,F,F,F,F,F,F,F,F,F,F,F,F,F,F,F,F,F,F,F,F,F,F,F,F,F,F,F,F,F,F,F,F,F,W;W,F,F,F,F,F,F,F,F,F,F,F,F,F,F,F,F,F,F,F,F,F,F,F,F,F,F,F,F,F,F,F,F,F,F,F,F,F,F,W;W,F,F,F,F,F,F,F,F,F,F,F,F,F,F,F,F,F,F,F,P,F,F,F,F,F,F,F,F,F,F,F,F,F,F,F,F,F,F,W;W,F,F,F,F,F,F,F,F,F,F,F,F,F,F,F,F,F,F,F,F,F,F,F,F,F,F,F,F,F,F,F,F,F,F,F,F,F,F,W;W,F,F,F,F,F,F,F,F,F,F,F,F,F,F,F,F,F,F,F,F,F,F,F,F,F,F,F,F,F,F,F,F,F,F,F,F,F,F,W;W,F,F,F,F,F,F,F,F,F,F,F,F,F,F,F,F,F,F,F,Me6r5,F,F,F,F,F,F,F,F,F,F,F,F,F,F,F,F,F,F,W;W,F,F,F,F,F,F,F,F,F,F,F,F,F,F,F,F,F,F,F,F,F,F,F,F,F,F,F,F,F,F,F,F,F,F,F,F,F,F,W;W,F,F,F,F,F,F,F,F,F,F,F,F,F,F,F,F,F,F,F,F,F,F,F,F,F,F,F,F,F,F,F,F,F,F,F,F,F,F,W;W,F,F,F,F,F,F,F,F,F,F,F,F,F,F,F,F,F,F,F,F,F,F,F,F,F,F,F,F,F,F,F,F,F,F,F,F,F,F,W;W,F,F,F,F,F,F,F,F,F,F,F,F,F,F,F,F,F,F,F,F,F,F,F,F,F,F,F,F,F,F,F,F,F,F,F,F,F,F,W;W,F,F,F,F,F,F,F,F,F,F,F,F,F,F,F,F,F,F,F,F,F,F,F,F,F,F,F,F,F,F,F,F,F,F,F,F,F,F,W;W,F,W,W,F,F,F,F,F,F,F,F,F,F,F,F,F,F,F,F,F,F,F,F,F,F,F,F,F,F,F,F,F,F,F,W,W,F,F,W;W,F,W,W,F,F,F,F,F,F,F,F,F,F,F,F,F,F,F,F,F,F,F,F,F,F,F,F,F,F,F,F,F,F,F,W,W,F,F,W;W,F,F,F,F,F,F,F,F,F,F,F,F,F,F,F,F,F,F,F,F,F,F,F,F,F,F,F,F,F,F,F,F,F,F,F,F,F,F,W;W,W,W,W,W,W,W,W,W,W,W,W,W,W,W,W,W,W,F,F,F,F,F,W,W,W,W,W,W,W,W,W,W,W,W,W,W,W,W,W",Standard,Fade,0,1.5,5,1,Sacred
31,8,Normal,이데 신성 전비,0,0,322,42,42,30|32|33,0,,0,0,2.8,false,0,0,0,,,Sacred,,"W,W,W,W,W,W,W,W,W,W,W,W,W,W,W,W,W,W,W,F,F,F,F,F,W,W,W,W,W,W,W,W,W,W,W,W,W,W,W,W,W,W;W,F,F,F,F,F,F,F,F,F,F,F,F,F,F,F,F,F,F,F,F,F,F,F,F,F,F,F,F,F,F,F,F,F,F,F,F,F,F,F,F,W;W,F,W,W,F,F,F,F,F,F,F,F,F,F,F,F,F,F,F,F,F,F,F,F,F,F,F,F,F,F,F,F,F,F,F,F,F,W,W,F,F,W;W,F,W,W,F,F,F,F,F,F,F,F,F,F,F,F,F,F,F,F,F,F,F,F,F,F,F,F,F,F,F,F,F,F,F,F,F,W,W,F,F,W;W,F,F,F,F,F,F,F,F,F,F,F,F,F,F,F,F,F,W,W,F,F,F,F,F,F,F,F,F,F,F,F,F,F,F,F,F,F,F,F,F,W;W,F,F,F,F,F,F,F,F,F,F,F,F,F,F,F,F,F,W,W,F,F,F,F,F,F,F,F,F,F,F,F,F,F,F,F,F,F,F,F,F,W;W,F,F,F,F,F,F,F,F,F,F,F,F,F,F,F,F,F,F,F,F,F,F,F,F,F,F,F,F,F,F,F,F,F,F,F,F,F,F,F,F,W;W,F,F,F,F,F,F,mc7r5,F,F,F,F,F,F,F,F,F,F,F,F,F,mc7r5,F,F,F,F,F,F,F,F,F,F,F,mc7r5,F,F,F,F,F,F,F,W;W,F,F,F,F,F,F,F,F,F,F,F,F,F,F,F,F,F,F,F,F,F,F,F,F,F,F,F,F,F,F,F,F,F,F,F,F,F,F,F,F,W;W,F,F,F,F,F,F,F,F,F,F,F,F,F,F,F,F,F,F,F,F,F,F,F,F,F,F,F,F,F,F,F,F,F,F,F,F,F,F,F,F,W;W,F,F,F,F,F,F,F,F,F,W,W,F,F,F,F,F,F,F,F,F,F,F,F,F,F,F,F,W,W,F,F,F,F,F,F,F,F,F,F,F,W;W,F,F,F,F,F,F,F,F,F,W,W,F,F,F,F,F,F,F,F,F,F,F,F,F,F,F,F,W,W,F,F,F,F,F,F,F,F,F,F,F,W;W,F,F,F,F,F,F,F,F,F,F,F,F,F,F,F,F,F,F,F,F,F,F,F,F,F,F,F,F,F,F,F,F,F,F,F,F,F,F,F,F,W;W,F,F,F,F,F,F,F,F,F,F,F,F,F,F,F,F,F,F,F,F,F,F,F,F,F,F,F,F,F,F,F,F,F,F,F,F,F,F,F,F,W;W,F,F,F,F,F,F,F,F,F,F,F,F,F,F,F,F,F,F,F,F,F,F,F,F,F,F,F,F,F,F,F,F,F,F,F,F,F,F,F,F,W;W,F,F,F,F,F,F,F,F,F,F,F,F,F,F,F,F,F,F,F,F,F,F,F,F,F,F,F,F,F,F,F,F,F,F,F,F,F,F,F,F,W;W,F,F,F,F,F,F,F,F,F,F,F,F,F,F,F,F,F,F,F,F,F,F,F,F,F,F,F,F,F,F,F,F,F,F,F,F,F,F,F,F,W;W,F,F,F,F,F,F,F,F,F,F,F,F,F,F,F,F,F,F,F,F,F,F,F,F,F,F,F,F,F,F,F,F,F,F,F,F,F,F,F,F,W;W,F,F,F,W,W,F,F,F,F,F,F,F,F,F,F,F,F,F,F,F,F,F,F,F,F,F,F,F,F,F,F,F,F,W,W,F,F,F,F,F,W;W,F,F,F,W,W,F,F,F,F,F,F,F,F,F,F,F,F,F,F,F,F,F,F,F,F,F,F,F,F,F,F,F,F,W,W,F,F,F,F,F,W;W,F,F,F,F,F,F,F,F,F,F,F,F,F,F,F,F,F,F,F,F,F,F,F,F,F,F,F,F,F,F,F,F,F,F,F,F,F,F,F,F,W;W,F,F,F,F,F,F,mc7r5,F,F,F,F,F,F,F,F,F,F,F,F,F,F,F,F,F,F,F,F,F,F,F,F,F,mc7r5,F,F,F,F,F,F,F,W;W,F,F,F,F,F,F,F,F,F,F,F,F,F,F,F,F,F,F,F,F,F,F,F,F,F,F,F,F,F,F,F,F,F,F,F,F,F,F,F,F,W;W,F,F,F,F,F,F,F,F,F,F,F,F,F,F,F,F,F,F,F,F,F,F,F,F,F,F,F,F,F,F,F,F,F,F,F,F,F,F,F,F,W;W,F,F,F,F,F,F,F,F,F,F,F,F,F,F,F,F,F,F,F,F,F,F,F,F,F,F,F,F,F,F,F,F,F,F,F,F,F,F,F,F,W;W,F,F,F,F,F,F,F,F,F,F,F,F,F,F,F,F,F,F,F,F,P,F,F,F,F,F,F,F,F,F,F,F,F,F,F,F,F,F,F,F,W;W,F,F,F,F,F,F,F,F,F,F,F,F,F,F,F,F,F,F,F,F,F,F,F,F,F,F,F,F,F,F,F,F,F,F,F,F,F,F,F,F,W;W,F,F,F,F,F,F,F,F,F,F,F,F,F,F,F,F,F,F,F,F,F,F,F,F,F,F,F,F,F,F,F,F,F,F,F,F,F,F,F,F,W;W,F,F,F,F,F,F,F,F,F,W,W,F,F,F,F,F,F,F,F,F,F,F,F,F,F,F,F,F,W,F,F,F,F,F,F,F,F,F,F,F,W;W,F,F,F,F,F,F,F,F,F,W,W,F,F,F,F,F,F,F,F,F,F,F,F,F,F,F,F,W,W,F,F,F,F,F,F,F,F,F,F,F,W;W,F,F,F,F,F,F,F,F,F,F,F,F,F,F,F,F,F,F,F,F,F,F,F,F,F,F,F,F,F,F,F,F,F,F,F,F,F,F,F,F,W;W,F,F,F,F,F,F,F,F,F,F,F,F,F,F,F,F,F,F,F,F,F,F,F,F,F,F,F,F,F,F,F,F,F,F,F,F,F,F,F,F,W;W,F,F,F,F,F,F,F,F,F,F,F,F,F,F,F,F,F,F,F,F,F,F,F,F,F,F,F,F,F,F,F,F,F,F,F,F,F,F,F,F,W;W,F,F,F,F,F,F,mc7r5,F,F,F,F,F,F,F,F,F,F,F,F,F,mc7r5,F,F,F,F,F,F,F,F,F,F,F,mc7r5,F,F,F,F,F,F,F,W;W,F,F,F,F,F,F,F,F,F,F,F,F,F,F,F,F,F,W,W,F,F,F,F,F,F,F,F,F,F,F,F,F,F,F,F,F,F,F,F,F,W;W,F,F,F,F,F,F,F,F,F,F,F,F,F,F,F,F,F,W,W,F,F,F,F,F,F,F,F,F,F,F,F,F,F,F,F,F,F,F,F,F,W;W,F,F,F,F,F,F,F,F,F,F,F,F,F,F,F,F,F,F,F,F,F,F,F,F,F,F,F,F,F,F,F,F,F,F,F,F,F,F,F,F,W;W,F,W,W,F,F,F,F,F,F,F,F,F,F,F,F,F,F,F,F,F,F,F,F,F,F,F,F,F,F,F,F,F,F,F,F,F,W,W,F,F,W;W,F,W,W,F,F,F,F,F,F,F,F,F,F,F,F,F,F,F,F,F,F,F,F,F,F,F,F,F,F,F,F,F,F,F,F,F,W,W,F,F,W;W,F,F,F,F,F,F,F,F,F,F,F,F,F,F,F,F,F,F,F,F,F,F,F,F,F,F,F,F,F,F,F,F,F,F,F,F,F,F,F,F,W;W,F,F,F,F,F,F,F,F,F,F,F,F,F,F,F,F,F,F,F,F,F,F,F,F,F,F,F,F,F,F,F,F,F,F,F,F,F,F,F,F,W;W,W,W,W,W,W,W,W,W,W,W,W,W,W,W,W,W,W,W,F,F,F,F,F,W,W,W,W,W,W,W,W,W,W,W,W,W,W,W,W,W,W",Standard,Fade,0,1.5,4,1,Sacred
32,8,Elite,성소 폭소,44,0,322,40,46,31,0,,0,0,3.6,false,0,0,0,,,Sacred,,"W,W,W,W,W,W,W,W,W,W,W,W,W,W,W,W,W,W,F,F,F,F,F,W,W,W,W,W,W,W,W,W,W,W,W,W,W,W,W,W;W,F,F,F,F,F,F,F,F,F,F,F,F,F,F,F,F,F,F,F,F,F,F,F,F,F,F,F,F,F,F,F,F,F,F,F,F,F,F,W;W,F,F,F,F,F,F,F,F,F,F,F,F,F,F,F,F,F,F,F,F,F,F,F,F,F,F,F,F,F,F,F,F,F,F,F,F,F,F,W;W,F,F,F,F,F,F,F,F,F,F,F,F,F,F,F,F,F,F,F,F,F,F,F,F,F,F,F,F,F,F,F,F,F,F,F,F,F,F,W;W,F,F,F,F,F,F,F,F,F,F,F,F,F,F,F,F,F,F,F,F,F,F,F,F,F,F,F,F,F,F,F,F,F,F,F,F,F,F,W;W,F,F,F,F,F,F,F,F,F,F,F,F,F,F,F,F,F,F,F,F,F,F,F,F,F,F,F,F,F,F,F,F,F,F,F,F,F,F,W;W,F,F,F,F,F,F,F,F,F,F,F,F,F,F,F,F,F,F,F,F,F,F,F,F,F,F,F,F,F,F,F,F,F,F,F,F,F,F,W;W,F,F,F,F,F,F,F,F,F,F,F,F,F,F,F,F,F,F,F,F,F,F,F,F,F,F,F,F,F,F,F,F,F,F,F,F,F,F,W;W,F,F,F,F,F,F,F,F,F,F,F,F,F,F,F,F,F,F,F,F,F,F,F,F,F,F,F,F,F,F,F,F,F,F,F,F,F,F,W;W,F,F,F,F,F,F,F,F,F,F,F,F,F,F,F,F,F,F,F,F,F,F,F,F,F,F,F,F,F,F,F,F,F,F,F,F,F,F,W;W,F,F,F,F,F,F,F,F,F,F,F,F,F,F,F,F,F,F,F,Me6r5,F,F,F,F,F,F,F,F,F,F,F,F,F,F,F,F,F,F,W;W,F,F,F,F,F,F,F,F,F,W,W,F,F,F,F,F,F,F,F,F,F,F,F,F,F,F,F,W,W,F,F,F,F,F,F,F,F,F,W;W,F,F,F,F,F,F,F,F,F,W,W,F,F,F,F,F,F,F,F,F,F,F,F,F,F,F,F,W,W,F,F,F,F,F,F,F,F,F,W;W,F,F,F,F,F,F,F,F,F,F,F,F,F,F,F,F,F,F,F,F,F,F,F,F,F,F,F,F,F,F,F,F,F,F,F,F,F,F,W;W,F,F,F,F,F,F,F,F,F,F,F,F,F,F,F,F,F,F,F,F,F,F,F,F,F,F,F,F,F,F,F,F,F,F,F,F,F,F,W;W,F,F,F,F,F,F,F,F,F,F,F,F,F,F,F,F,F,F,F,F,F,F,F,F,F,F,F,F,F,F,F,F,F,F,F,F,F,F,W;W,F,F,F,F,F,F,F,F,F,F,F,F,F,F,F,mc5r5,F,F,F,F,F,mc5r5,F,F,F,F,F,F,F,F,F,F,F,F,F,F,F,F,W;W,F,F,F,F,F,F,F,F,F,F,F,F,F,F,F,F,F,F,F,F,F,F,F,F,F,F,F,F,F,F,F,F,F,F,F,F,F,F,W;W,F,F,F,F,F,F,F,F,F,F,F,F,F,F,F,F,F,F,F,F,F,F,F,F,F,F,F,F,F,F,F,F,F,F,F,F,F,F,W;W,F,F,F,F,F,F,F,F,F,F,F,F,F,F,F,F,F,F,F,F,F,F,F,F,F,F,F,F,F,F,F,F,F,F,F,F,F,F,W;W,F,F,F,F,F,F,F,F,F,F,F,F,F,F,F,F,F,F,F,F,F,F,F,F,F,F,F,F,F,F,F,F,F,F,F,F,F,F,W;W,F,F,F,F,F,F,F,F,F,F,F,F,F,F,F,F,F,F,F,F,F,F,F,F,F,F,F,F,F,F,F,F,F,F,F,F,F,F,W;W,F,F,F,F,F,W,W,F,F,F,F,F,F,F,F,F,F,F,F,F,F,F,F,F,F,F,F,F,F,F,W,W,F,F,F,F,F,F,W;W,F,F,F,F,F,W,W,F,F,F,mc5r5,F,F,F,F,F,F,F,F,F,F,F,F,F,F,F,mc5r5,F,F,F,W,W,F,F,F,F,F,F,W;W,F,F,F,F,F,F,F,F,F,F,F,F,F,F,F,F,F,F,F,F,F,F,F,F,F,F,F,F,F,F,F,F,F,F,F,F,F,F,W;W,F,F,F,F,F,F,F,F,F,F,F,F,F,F,F,F,F,F,F,F,F,F,F,F,F,F,F,F,F,F,F,F,F,F,F,F,F,F,W;W,F,F,F,F,F,F,F,F,F,F,F,F,F,F,F,F,F,F,F,F,F,F,F,F,F,F,F,F,F,F,F,F,F,F,F,F,F,F,W;W,F,F,F,F,F,F,F,F,F,F,F,F,F,F,F,F,F,F,F,F,F,F,F,F,F,F,F,F,F,F,F,F,F,F,F,F,F,F,W;W,F,F,F,F,F,F,F,F,F,F,F,F,F,F,F,F,F,F,F,F,F,F,F,F,F,F,F,F,F,F,F,F,F,F,F,F,F,F,W;W,F,F,F,F,F,F,F,F,F,F,F,F,F,F,F,F,F,F,F,F,F,F,F,F,F,F,F,F,F,F,F,F,F,F,F,F,F,F,W;W,F,F,F,F,F,F,F,F,F,F,F,F,F,F,F,F,F,F,F,F,F,F,F,F,F,F,F,F,F,F,F,F,F,F,F,F,F,F,W;W,F,F,F,F,F,F,F,F,F,F,F,F,F,F,F,F,F,F,F,F,F,F,F,F,F,F,F,F,F,F,F,F,F,F,F,F,F,F,W;W,F,F,F,F,F,F,F,F,F,W,W,F,F,F,F,F,F,F,F,F,F,F,F,F,F,F,F,W,W,F,F,F,F,F,F,F,F,F,W;W,F,F,F,F,F,F,F,F,F,W,W,F,F,F,F,F,F,F,F,P,F,F,F,F,F,F,F,W,W,F,F,F,F,F,F,F,F,F,W;W,F,F,F,F,F,F,F,F,F,F,F,F,F,F,F,F,F,F,F,F,F,F,F,F,F,F,F,F,F,F,F,F,F,F,F,F,F,F,W;W,F,F,F,F,F,F,F,F,F,F,F,F,F,F,F,F,F,F,F,F,F,F,F,F,F,F,F,F,F,F,F,F,F,F,F,F,F,F,W;W,F,F,F,F,F,F,F,F,F,F,F,F,F,F,F,F,F,F,F,Me6r5,F,F,F,F,F,F,F,F,F,F,F,F,F,F,F,F,F,F,W;W,F,F,F,F,F,F,F,F,F,F,F,F,F,F,F,F,F,F,F,F,F,F,F,F,F,F,F,F,F,F,F,F,F,F,F,F,F,F,W;W,F,F,F,F,F,F,F,F,F,F,F,F,F,F,F,F,F,F,F,F,F,F,F,F,F,F,F,F,F,F,F,F,F,F,F,F,F,F,W;W,F,F,F,F,F,F,F,F,F,F,F,F,F,F,F,F,F,F,F,F,F,F,F,F,F,F,F,F,F,F,F,F,F,F,F,F,F,F,W;W,F,F,F,F,F,F,F,F,F,F,F,F,F,F,F,F,F,F,F,F,F,F,F,F,F,F,F,F,F,F,F,F,F,F,F,F,F,F,W;W,F,F,F,F,F,F,F,F,F,F,F,F,F,F,F,F,F,F,F,F,F,F,F,F,F,F,F,F,F,F,F,F,F,F,F,F,F,F,W;W,F,F,F,F,F,F,F,F,F,F,F,F,F,F,F,F,F,F,F,F,F,F,F,F,F,F,F,F,F,F,F,F,F,F,F,F,F,F,W;W,F,F,F,F,F,F,F,F,F,F,F,F,F,F,F,F,F,F,F,F,F,F,F,F,F,F,F,F,F,F,F,F,F,F,F,F,F,F,W;W,F,F,F,F,F,F,F,F,F,F,F,F,F,F,F,F,F,F,F,F,F,F,F,F,F,F,F,F,F,F,F,F,F,F,F,F,F,F,W;W,W,W,W,W,W,W,W,W,W,W,W,W,W,W,W,W,W,F,F,F,F,F,W,W,W,W,W,W,W,W,W,W,W,W,W,W,W,W,W",Standard,Fade,0,1.5,5,1,Sacred
33,9,Event,보스 전 신성 전당,0,0,365,34,36,34,0,,0,0,0,false,0,0,0,,,Sacred,,"W,W,W,W,W,W,W,W,W,W,W,W,W,W,W,F,F,F,F,F,W,W,W,W,W,W,W,W,W,W,W,W,W,W;W,F,F,F,F,F,F,F,F,F,F,F,F,F,F,F,F,F,F,F,F,F,F,F,F,F,F,F,F,F,F,F,F,W;W,F,F,F,F,F,F,F,F,F,F,F,F,F,F,F,F,F,F,F,F,F,F,F,F,F,F,F,F,F,F,F,F,W;W,F,F,W,W,W,F,F,F,F,F,F,F,F,F,F,F,F,F,F,F,F,F,F,F,F,F,W,W,W,F,F,F,W;W,F,F,W,W,W,F,F,F,F,F,F,F,F,F,F,F,F,F,F,F,F,F,F,F,F,F,W,W,W,F,F,F,W;W,F,F,W,W,W,F,F,F,F,F,F,F,F,F,F,F,F,F,F,F,F,F,F,F,F,F,W,W,W,F,F,F,W;W,F,F,F,F,F,F,F,F,F,F,F,F,F,F,F,F,F,F,F,F,F,F,F,F,F,F,F,F,F,F,F,F,W;W,F,F,F,F,F,F,F,F,F,F,F,F,F,F,F,F,F,F,F,F,F,F,F,F,F,F,F,F,F,F,F,F,W;W,F,F,F,F,F,F,F,F,F,F,F,F,F,F,F,F,F,F,F,F,F,F,F,F,F,F,F,F,F,F,F,F,W;W,F,F,F,F,F,F,F,F,F,F,F,F,F,F,F,F,F,F,F,F,F,F,F,F,F,F,F,F,F,F,F,F,W;W,F,F,F,F,F,F,F,F,F,F,F,F,F,F,F,F,F,F,F,F,F,F,F,F,F,F,F,F,F,F,F,F,W;W,F,F,F,F,F,F,F,F,F,F,F,F,F,F,F,F,F,F,F,F,F,F,F,F,F,F,F,F,F,F,F,F,W;W,F,F,F,F,F,F,F,F,F,F,F,F,F,F,F,F,F,F,F,F,F,F,F,F,F,F,F,F,F,F,F,F,W;W,F,F,F,F,F,F,F,F,F,F,F,W,W,W,W,W,W,W,W,F,F,F,F,F,F,F,F,F,F,F,F,F,W;W,F,F,F,F,F,F,F,F,F,F,F,W,W,W,W,W,W,W,W,F,F,F,F,F,F,F,F,F,F,F,F,F,W;W,F,F,F,F,F,F,F,F,F,F,F,W,W,W,W,W,W,W,W,F,F,F,F,F,F,F,F,F,F,F,F,F,W;W,F,F,F,F,F,F,F,F,F,F,F,W,W,W,W,W,W,W,W,F,F,F,F,F,F,F,F,F,F,F,F,F,W;W,F,F,F,F,F,F,F,F,F,F,F,W,W,W,W,W,W,W,W,F,F,F,F,F,F,F,F,F,F,F,F,F,W;W,F,F,F,F,F,F,F,F,F,F,F,W,W,W,W,W,W,W,W,F,F,F,F,F,F,F,F,F,F,F,F,F,W;W,F,F,F,F,F,F,F,F,F,F,F,W,W,W,W,W,W,W,W,F,F,F,F,F,F,F,F,F,F,F,F,F,W;W,F,F,F,F,F,F,F,F,F,F,F,F,F,F,F,F,F,F,F,F,F,F,F,F,F,F,F,F,F,F,F,F,W;W,F,F,F,F,F,F,F,F,F,F,F,F,F,F,F,F,F,F,F,F,F,F,F,F,F,F,F,F,F,F,F,F,W;W,F,F,F,F,F,F,F,F,F,F,F,F,F,F,F,F,F,F,F,F,F,F,F,F,F,F,F,F,F,F,F,F,W;W,F,F,F,F,F,F,F,F,F,F,F,F,F,F,F,F,F,F,F,F,F,F,F,F,F,F,F,F,F,F,F,F,W;W,F,F,F,F,F,F,F,F,F,F,F,F,F,F,F,F,F,F,F,F,F,F,F,F,F,F,F,F,F,F,F,F,W;W,F,F,F,F,F,F,F,F,F,F,F,F,F,F,F,F,F,F,F,F,F,F,F,F,F,F,F,F,F,F,F,F,W;W,F,F,F,F,F,F,F,F,F,F,F,F,F,F,F,F,F,F,F,F,F,F,F,F,F,F,F,F,F,F,F,F,W;W,F,F,F,F,F,F,F,F,F,F,F,F,F,F,F,F,F,F,F,F,F,F,F,F,F,F,F,F,F,F,F,F,W;W,F,F,F,F,F,F,F,F,F,F,F,F,F,F,F,F,F,F,F,F,F,F,F,F,F,F,F,F,F,F,F,F,W;W,F,F,F,F,F,F,F,F,F,F,F,F,F,F,F,F,F,F,F,F,F,F,F,F,F,F,F,F,F,F,F,F,W;W,F,F,F,F,F,F,F,F,F,F,F,F,F,F,F,F,F,F,F,F,F,F,F,F,F,F,F,F,F,F,F,F,W;W,F,F,F,F,F,F,F,F,F,F,F,F,F,F,F,F,F,F,F,F,F,F,F,F,F,F,F,F,F,F,F,F,W;W,F,F,F,F,F,F,F,F,F,F,F,F,F,F,F,F,P,F,F,F,F,F,F,F,F,F,F,F,F,F,F,F,W;W,F,F,F,F,F,F,F,F,F,F,F,F,F,F,F,F,F,F,F,F,F,F,F,F,F,F,F,F,F,F,F,F,W;W,F,F,F,F,F,F,F,F,F,F,F,F,F,F,F,F,F,F,F,F,F,F,F,F,F,F,F,F,F,F,F,F,W;W,W,W,W,W,W,W,W,W,W,W,W,W,W,W,F,F,F,F,F,W,W,W,W,W,W,W,W,W,W,W,W,W,W",Standard,Fade,0,1.5,0,1,Sacred
34,10,Boss,신성 지대의 군주,0,0,413,50,56,,0,,0,0,5.0,false,0,0,0,,,Sacred,,"W,W,W,W,W,W,W,W,W,W,W,W,W,W,W,W,W,W,W,W,W,W,W,F,F,F,F,F,W,W,W,W,W,W,W,W,W,W,W,W,W,W,W,W,W,W,W,W,W,W;W,F,F,F,F,F,F,F,F,F,F,F,F,F,F,F,F,F,F,F,F,F,F,F,F,F,F,F,F,F,F,F,F,F,F,F,F,F,F,F,F,F,F,F,F,F,F,F,F,W;W,F,W,W,W,F,F,F,F,F,F,F,F,F,F,F,F,F,F,F,F,F,F,F,F,F,F,F,F,F,F,F,F,F,F,F,F,F,F,F,F,F,F,F,W,W,W,F,F,W;W,F,W,W,W,F,F,F,F,F,F,F,F,F,F,F,F,F,F,F,F,F,F,F,F,F,F,F,F,F,F,F,F,F,F,F,F,F,F,F,F,F,F,F,W,W,W,F,F,W;W,F,W,W,W,F,F,F,F,F,F,F,F,F,F,F,F,F,F,F,F,F,F,F,F,F,F,F,F,F,F,F,F,F,F,F,F,F,F,F,F,F,F,F,W,W,W,F,F,W;W,F,F,F,F,F,F,F,F,F,F,F,F,F,F,F,F,F,F,F,F,F,F,F,F,F,F,F,F,F,F,F,F,F,F,F,F,F,F,F,F,F,F,F,F,F,F,F,F,W;W,F,F,F,F,F,F,F,F,F,F,F,F,F,F,F,F,F,F,F,F,F,F,F,F,F,F,F,F,F,F,F,F,F,F,F,F,F,F,F,F,F,F,F,F,F,F,F,F,W;W,F,F,F,F,F,F,F,F,F,F,F,F,F,F,F,F,F,F,F,F,F,F,F,F,B,F,F,F,F,F,F,F,F,F,F,F,F,F,F,F,F,F,F,F,F,F,F,F,W;W,F,F,F,F,F,F,F,mc7r5,F,F,F,F,F,F,F,F,F,F,F,F,F,F,F,F,F,F,F,F,F,F,F,F,F,F,F,F,F,F,F,mc7r5,F,F,F,F,F,F,F,F,W;W,F,F,F,F,F,F,F,F,F,F,F,F,F,F,F,F,F,F,F,F,F,F,F,F,F,F,F,F,F,F,F,F,F,F,F,F,F,F,F,F,F,F,F,F,F,F,F,F,W;W,F,F,F,F,F,F,F,F,F,F,F,F,F,F,F,F,F,F,F,F,F,F,F,F,F,F,F,F,F,F,F,F,F,F,F,F,F,F,F,F,F,F,F,F,F,F,F,F,W;W,F,F,F,F,F,F,F,F,F,F,F,F,F,F,F,F,F,F,F,F,F,F,F,F,F,F,F,F,F,F,F,F,F,F,F,F,F,F,F,F,F,F,F,F,F,F,F,F,W;W,F,F,F,F,F,F,F,W,W,F,F,F,F,F,F,F,F,W,W,F,F,F,F,F,F,F,F,W,W,F,F,F,F,F,F,F,F,W,W,F,F,F,F,F,F,F,F,F,W;W,F,F,F,F,F,F,F,W,W,F,F,F,F,F,F,F,F,W,W,F,F,F,F,F,F,F,F,W,W,F,F,F,F,F,F,F,F,W,W,F,F,F,F,F,F,F,F,F,W;W,F,F,F,F,F,F,F,F,F,F,F,F,F,F,F,F,F,F,F,F,F,F,F,F,F,F,F,F,F,F,F,F,F,F,F,F,F,F,F,F,F,F,F,F,F,F,F,F,W;W,F,F,F,F,F,F,F,F,F,F,F,F,F,F,F,F,F,F,F,F,F,F,F,F,F,F,F,F,F,F,F,F,F,F,F,F,F,F,F,F,F,F,F,F,F,F,F,F,W;W,F,F,F,F,F,F,F,F,F,F,F,F,F,F,F,F,F,F,F,F,F,F,F,F,F,F,F,F,F,F,F,F,F,F,F,F,F,F,F,F,F,F,F,F,F,F,F,F,W;W,F,F,F,F,F,F,F,F,F,F,F,F,F,F,F,F,F,F,F,F,F,F,F,F,F,F,F,F,F,F,F,F,F,F,F,F,F,F,F,F,F,F,F,F,F,F,F,F,W;W,F,F,F,F,F,F,F,F,F,F,F,F,F,F,F,F,F,F,F,F,F,F,F,F,F,F,F,F,F,F,F,F,F,F,F,F,F,F,F,F,F,F,F,F,F,F,F,F,W;W,F,F,F,F,F,F,F,F,F,F,F,F,F,F,F,F,F,F,F,F,F,F,F,F,F,F,F,F,F,F,F,F,F,F,F,F,F,F,F,F,F,F,F,F,F,F,F,F,W;W,F,F,F,F,F,F,F,mc7r5,F,F,F,F,F,F,F,F,F,F,F,F,F,F,F,F,F,F,F,F,F,F,F,F,F,F,F,F,F,F,F,mc7r5,F,F,F,F,F,F,F,F,W;W,F,F,F,F,F,F,F,F,F,F,F,F,F,F,F,F,F,F,F,F,F,F,F,F,F,F,F,F,F,F,F,F,F,F,F,F,F,F,F,F,F,F,F,F,F,F,F,F,W;W,F,F,F,F,F,F,F,F,F,F,F,F,F,F,F,F,F,F,F,F,F,F,F,F,F,F,F,F,F,F,F,F,F,F,F,F,F,F,F,F,F,F,F,F,F,F,F,F,W;W,F,F,F,F,F,F,F,F,F,F,F,F,F,F,F,F,F,F,F,F,F,F,F,F,F,F,F,F,F,F,F,F,F,F,F,F,F,F,F,F,F,F,F,F,F,F,F,F,W;W,F,F,F,F,F,F,F,F,F,F,F,F,F,F,F,F,F,F,F,F,F,F,F,F,F,F,F,F,F,F,F,F,F,F,F,F,F,F,F,F,F,F,F,F,F,F,F,F,W;W,F,F,F,F,F,W,W,W,F,F,F,F,F,F,F,F,F,F,F,F,F,F,F,F,F,F,F,F,F,F,F,F,F,F,F,F,F,F,F,W,W,W,F,F,F,F,F,F,W;W,F,F,F,F,F,W,W,W,F,F,F,F,F,F,F,F,F,F,F,F,F,F,F,F,F,F,F,F,F,F,F,F,F,F,F,F,F,F,F,W,W,W,F,F,F,F,F,F,W;W,F,F,F,F,F,F,F,F,F,F,F,F,F,F,F,F,F,F,F,F,F,F,F,F,F,F,F,F,F,F,F,F,F,F,F,F,F,F,F,F,F,F,F,F,F,F,F,F,W;W,F,F,F,F,F,F,F,F,F,F,F,F,F,F,F,F,F,F,F,F,F,F,F,F,F,F,F,F,F,F,F,F,F,F,F,F,F,F,F,F,F,F,F,F,F,F,F,F,W;W,F,F,F,F,F,F,F,F,F,F,F,F,F,F,F,F,F,F,F,F,F,F,F,F,F,F,F,F,F,F,F,F,F,F,F,F,F,F,F,F,F,F,F,F,F,F,F,F,W;W,F,F,F,F,F,F,F,F,F,F,F,F,F,F,F,F,F,F,F,F,F,F,F,F,F,F,F,F,F,F,F,F,F,F,F,F,F,F,F,F,F,F,F,F,F,F,F,F,W;W,F,F,F,F,F,F,F,F,F,F,F,F,F,F,F,F,F,F,F,F,F,F,F,F,F,F,F,F,F,F,F,F,F,F,F,F,F,F,F,F,F,F,F,F,F,F,F,F,W;W,F,F,F,F,F,F,F,F,F,F,F,F,F,F,F,F,F,F,F,F,F,F,F,F,F,F,F,F,F,F,F,F,F,F,F,F,F,F,F,F,F,F,F,F,F,F,F,F,W;W,F,F,F,F,F,F,F,F,F,F,F,F,F,F,F,F,F,F,F,F,F,F,F,F,F,F,F,F,F,F,F,F,F,F,F,F,F,F,F,F,F,F,F,F,F,F,F,F,W;W,F,F,F,F,F,F,F,F,F,F,F,F,F,F,F,F,F,F,F,F,F,F,F,F,F,F,F,F,F,F,F,F,F,F,F,F,F,F,F,F,F,F,F,F,F,F,F,F,W;W,F,F,F,F,F,F,F,F,F,F,F,F,F,F,F,F,F,F,F,F,F,F,F,F,F,F,F,F,F,F,F,F,F,F,F,F,F,F,F,F,F,F,F,F,F,F,F,F,W;W,F,F,F,F,F,F,F,F,F,F,F,F,F,F,F,F,F,F,F,F,F,F,F,F,F,F,F,F,F,F,F,F,F,F,F,F,F,F,F,F,F,F,F,F,F,F,F,F,W;W,F,F,F,F,F,F,F,F,F,F,F,F,F,F,F,F,F,F,F,F,F,F,F,F,F,F,F,F,F,F,F,F,F,F,F,F,F,F,F,F,F,F,F,F,F,F,F,F,W;W,F,F,F,F,F,F,F,F,F,F,F,F,F,F,F,F,F,F,F,F,F,F,F,F,F,F,F,F,F,F,F,F,F,F,F,F,F,F,F,F,F,F,F,F,F,F,F,F,W;W,F,F,F,F,F,F,F,F,F,F,F,F,F,F,F,F,F,F,F,F,F,F,F,F,F,F,F,F,F,F,F,F,F,F,F,F,F,F,F,F,F,F,F,F,F,F,F,F,W;W,F,F,F,F,F,F,F,F,F,W,W,F,F,F,F,F,F,F,F,F,F,F,F,W,W,F,F,F,F,F,F,F,F,F,F,F,W,W,F,F,F,F,F,F,F,F,F,F,W;W,F,F,F,F,F,F,F,F,F,W,W,F,F,F,F,F,F,F,F,F,F,F,F,W,W,F,F,F,F,F,F,F,F,F,F,F,W,W,F,F,F,F,F,F,F,F,F,F,W;W,F,F,F,F,F,F,F,F,F,F,F,F,F,F,F,F,F,F,F,F,F,F,F,F,F,F,F,F,F,F,F,F,F,F,F,F,F,F,F,F,F,F,F,F,F,F,F,F,W;W,F,F,F,F,F,F,F,F,F,F,F,F,F,F,F,F,F,F,F,F,F,F,F,F,F,F,F,F,F,F,F,F,F,F,F,F,F,F,F,F,F,F,F,F,F,F,F,F,W;W,F,F,F,F,F,F,F,F,F,F,F,F,F,F,F,F,F,F,F,F,F,F,F,F,F,F,F,F,F,F,F,F,F,F,F,F,F,F,F,F,F,F,F,F,F,F,F,F,W;W,F,F,F,F,F,F,F,F,F,F,F,F,F,F,F,F,F,F,F,F,F,F,F,F,F,F,F,F,F,F,F,F,F,F,F,F,F,F,F,F,F,F,F,F,F,F,F,F,W;W,F,F,F,F,F,F,F,F,F,F,F,F,F,F,F,F,F,F,F,F,F,F,F,F,F,F,F,F,F,F,F,F,F,F,F,F,F,F,F,F,F,F,F,F,F,F,F,F,W;W,F,F,F,F,F,F,F,F,F,F,F,F,F,F,F,F,F,F,F,F,F,F,F,F,F,F,F,F,F,F,F,F,F,F,F,F,F,F,F,F,F,F,F,F,F,F,F,F,W;W,F,F,F,F,F,F,F,F,F,F,F,F,F,F,F,F,F,F,F,F,F,F,F,F,F,F,F,F,F,F,F,F,F,F,F,F,F,F,F,F,F,F,F,F,F,F,F,F,W;W,F,F,F,F,F,F,F,F,F,F,F,F,F,F,F,F,F,F,F,F,F,F,F,F,F,F,F,F,F,F,F,F,F,F,F,F,F,F,F,F,F,F,F,F,F,F,F,F,W;W,F,W,W,W,F,F,F,F,F,F,F,F,F,F,F,F,F,F,F,F,F,F,F,F,P,F,F,F,F,F,F,F,F,F,F,F,F,F,F,F,F,F,F,W,W,W,F,F,W;W,F,W,W,W,F,F,F,F,F,F,F,F,F,F,F,F,F,F,F,F,F,F,F,F,F,F,F,F,F,F,F,F,F,F,F,F,F,F,F,F,F,F,F,W,W,W,F,F,W;W,F,W,W,W,F,F,F,F,F,F,F,F,F,F,F,F,F,F,F,F,F,F,F,F,F,F,F,F,F,F,F,F,F,F,F,F,F,F,F,F,F,F,F,W,W,W,F,F,W;W,F,F,F,F,F,F,F,F,F,F,F,F,F,F,F,F,F,F,F,F,F,F,F,F,F,F,F,F,F,F,F,F,F,F,F,F,F,F,F,F,F,F,F,F,F,F,F,F,W;W,F,F,F,F,F,F,F,F,F,F,F,F,F,F,F,F,F,F,F,F,F,F,F,F,F,F,F,F,F,F,F,F,F,F,F,F,F,F,F,F,F,F,F,F,F,F,F,F,W;W,W,W,W,W,W,W,W,W,W,W,W,W,W,W,W,W,W,W,W,W,W,W,F,F,F,F,F,W,W,W,W,W,W,W,W,W,W,W,W,W,W,W,W,W,W,W,W,W,W",Standard,Fade,0,1.5,3,1,Sacred
